customer_id,customer_name,email,country,region_id,city,loyalty_tier,join_date
1,Lewis Corp.,procurement@lewisco.com,USA,5,Reno,Premium,2023-07-29
2,Roberts Partners,procurement@robertsco.com,USA,2,Columbia,Premium,2021-04-25
3,Perez Enterprises,procurement@perezco.com,USA,1,Newark,Premium,2020-11-08
4,Wilson Inc.,procurement@wilsonbiz.com,USA,3,Saint Paul,Standard,2022-05-10
5,Roberts LLC,procurement@robertsco.com,USA,3,Aurora,Standard,2022-03-09
6,Wright Co.,procurement@wrightbiz.com,USA,2,Charleston,Standard,2021-11-19
7,Baker Solutions,procurement@bakerco.com,USA,1,Hartford,VIP,2022-12-29
8,Sanchez LLC,procurement@sanchezcorp.com,USA,4,Tulsa,Standard,2021-06-16
9,Lee Co.,procurement@leebiz.com,USA,2,Charleston,Premium,2022-05-13
10,Garcia Partners,procurement@garciacorp.com,USA,5,San Francisco,Standard,2020-05-20
11,Williams LLC,procurement@williamscorp.com,USA,1,Rochester,Standard,2020-09-15
12,Nelson Inc.,procurement@nelsonco.com,USA,6,Ogden,Standard,2022-01-25
13,Hill Inc.,procurement@hillcorp.com,USA,6,Scottsdale,Standard,2021-09-30
14,Baker Solutions,procurement@bakerbiz.com,USA,6,Albuquerque,Premium,2023-07-08
15,Miller Group,procurement@millerco.com,USA,4,Austin,Premium,2021-12-12
16,Ramirez Enterprises,procurement@ramirezcorp.com,USA,4,New Orleans,VIP,2022-09-30
17,Ramirez Enterprises,procurement@ramirezco.com,USA,5,Henderson,Standard,2020-12-26
18,King Group,procurement@kingco.com,USA,5,Reno,Premium,2024-02-06
19,Moore Enterprises,procurement@moorecorp.com,USA,5,San Francisco,VIP,2021-05-14
20,Robinson Solutions,procurement@robinsonbiz.com,USA,1,Boston,Premium,2021-12-27
21,Perez Group,procurement@perezco.com,USA,5,Tacoma,Standard,2021-01-26
22,Thomas Solutions,procurement@thomasbiz.com,USA,4,Norman,Premium,2023-12-28
23,Lewis LLC,procurement@lewiscorp.com,USA,2,Greenville,Standard,2023-09-21
24,White Partners,procurement@whiteco.com,USA,4,Fayetteville,Premium,2021-12-21
25,Robinson Group,procurement@robinsonbiz.com,USA,2,Tampa,Standard,2020-09-01
26,Wright Corp.,procurement@wrightcorp.com,USA,2,Charleston,Premium,2024-04-05
27,Hill Group,procurement@hillcorp.com,USA,5,Seattle,Premium,2021-09-11
28,Rivera Corp.,procurement@riverabiz.com,USA,1,Rochester,Standard,2020-09-15
29,Carter Partners,procurement@cartercorp.com,USA,5,Spokane,Premium,2021-11-28
30,Brown Group,procurement@brownbiz.com,USA,1,Buffalo,Premium,2023-03-27
31,Baker LLC,procurement@bakercorp.com,USA,1,Boston,VIP,2020-08-30
32,Carter Solutions,procurement@carterco.com,USA,4,Norman,Premium,2022-06-25
33,Nguyen Solutions,procurement@nguyenbiz.com,USA,4,Austin,VIP,2020-07-22
34,Wilson Co.,procurement@wilsonbiz.com,USA,5,Portland,Standard,2020-06-02
35,Smith Solutions,procurement@smithbiz.com,USA,5,Reno,Standard,2021-08-13
36,Jackson Partners,procurement@jacksoncorp.com,USA,5,Tacoma,Premium,2021-02-09
37,Davis Co.,procurement@davisco.com,USA,1,Boston,Standard,2020-12-05
38,Hill Group,procurement@hillbiz.com,USA,1,Springfield,Premium,2021-07-11
39,Wright Partners,procurement@wrightbiz.com,USA,1,Buffalo,Premium,2023-05-21
40,Johnson Inc.,procurement@johnsoncorp.com,USA,6,Scottsdale,VIP,2023-03-26
41,Carter Corp.,procurement@carterbiz.com,USA,4,Fort Smith,Standard,2023-04-13
42,Green Partners,procurement@greencorp.com,USA,3,Saint Paul,Premium,2020-08-02
43,Perez Solutions,procurement@perezco.com,USA,3,Duluth,Standard,2020-06-29
44,Taylor Enterprises,procurement@taylorcorp.com,USA,6,Ogden,VIP,2020-01-03
45,Wright Partners,procurement@wrightbiz.com,USA,1,Springfield,Premium,2023-07-04
46,Carter LLC,procurement@cartercorp.com,USA,2,Savannah,Premium,2023-12-01
47,Davis LLC,procurement@davisco.com,USA,4,Norman,Standard,2023-02-02
48,Scott Solutions,procurement@scottcorp.com,USA,2,Orlando,VIP,2023-08-19
49,Young Group,procurement@youngco.com,USA,5,Reno,VIP,2021-05-14
50,Scott Corp.,procurement@scottbiz.com,USA,1,Newark,Standard,2024-06-05
51,Perez Group,procurement@perezcorp.com,USA,2,Greensboro,Premium,2023-09-13
52,Martinez Partners,procurement@martinezco.com,USA,3,Lansing,Premium,2022-02-11
53,Lee Co.,procurement@leeco.com,USA,2,Columbia,VIP,2022-04-21
54,Lee Partners,procurement@leeco.com,USA,6,Provo,VIP,2024-06-10
55,Martinez Partners,procurement@martinezcorp.com,USA,1,Boston,VIP,2022-06-20
56,King Partners,procurement@kingcorp.com,USA,5,Henderson,VIP,2020-06-02
57,Taylor Enterprises,procurement@taylorco.com,USA,5,San Francisco,VIP,2022-12-28
58,Lee Partners,procurement@leeco.com,USA,1,New York,Premium,2021-08-11
59,Mitchell Inc.,procurement@mitchellbiz.com,USA,6,Tucson,Standard,2021-09-05
60,Williams Enterprises,procurement@williamscorp.com,USA,2,Raleigh,Standard,2022-12-23
61,Torres Corp.,procurement@torrescorp.com,USA,1,Bridgeport,Premium,2022-10-16
62,Martinez Co.,procurement@martinezbiz.com,USA,4,Fort Smith,Premium,2022-08-10
63,Baker Corp.,procurement@bakercorp.com,USA,3,Lansing,Standard,2022-05-18
64,Taylor Partners,procurement@taylorbiz.com,USA,1,New Haven,Standard,2022-02-20
65,Thompson Group,procurement@thompsonco.com,USA,2,Charleston,Standard,2023-11-05
66,Brown Partners,procurement@brownbiz.com,USA,5,Eugene,VIP,2021-03-24
67,Gonzalez Group,procurement@gonzalezco.com,USA,5,Eugene,Standard,2023-07-09
68,Williams Group,procurement@williamsbiz.com,USA,1,Springfield,Standard,2021-08-27
69,Mitchell Solutions,procurement@mitchellcorp.com,USA,2,Greensboro,Premium,2021-07-12
70,Taylor Partners,procurement@taylorbiz.com,USA,5,Seattle,Premium,2020-06-03
71,Carter Co.,procurement@carterco.com,USA,5,Henderson,Premium,2024-06-07
72,Smith Group,procurement@smithco.com,USA,1,Springfield,Premium,2021-06-20
73,Harris Enterprises,procurement@harriscorp.com,USA,5,Las Vegas,Premium,2023-02-23
74,Flores Co.,procurement@floresco.com,USA,1,Bridgeport,Premium,2022-04-16
75,Rodriguez LLC,procurement@rodriguezcorp.com,USA,2,Columbia,Standard,2023-01-05
76,Harris Partners,procurement@harrisbiz.com,USA,5,Henderson,Premium,2020-11-12
77,Adams Inc.,procurement@adamsbiz.com,USA,4,New Orleans,Premium,2021-03-20
78,Lewis Co.,procurement@lewisbiz.com,USA,1,Springfield,VIP,2023-08-13
79,Brown Solutions,procurement@brownbiz.com,USA,1,Buffalo,Standard,2021-03-10
80,Green LLC,procurement@greencorp.com,USA,5,Portland,Premium,2021-02-24
81,Carter Co.,procurement@carterco.com,USA,2,Savannah,Premium,2024-06-03
82,Smith Group,procurement@smithcorp.com,USA,6,Denver,Standard,2020-02-22
83,Smith Enterprises,procurement@smithcorp.com,USA,4,Houston,Standard,2020-09-16
84,Clark Inc.,procurement@clarkco.com,USA,1,New Haven,Premium,2020-08-11
85,Allen Co.,procurement@allenco.com,USA,1,Worcester,Premium,2020-03-04
86,Walker Solutions,procurement@walkerbiz.com,USA,5,Henderson,VIP,2020-05-30
87,Lee Corp.,procurement@leecorp.com,USA,1,Worcester,VIP,2022-12-22
88,Robinson Solutions,procurement@robinsoncorp.com,USA,5,San Diego,Premium,2024-04-23
89,Campbell Co.,procurement@campbellbiz.com,USA,3,Cleveland,Premium,2022-07-17
90,Clark Inc.,procurement@clarkbiz.com,USA,3,Grand Rapids,VIP,2023-11-07
91,Jones Inc.,procurement@jonescorp.com,USA,1,Rochester,Premium,2020-09-23
92,Brown Enterprises,procurement@brownco.com,USA,1,Springfield,VIP,2022-05-16
93,Brown Group,procurement@brownco.com,USA,2,Tampa,Premium,2020-11-12
94,Walker Co.,procurement@walkercorp.com,USA,3,Detroit,Premium,2023-03-21
95,Ramirez LLC,procurement@ramirezco.com,USA,6,Denver,Standard,2023-12-10
96,Martin Enterprises,procurement@martinbiz.com,USA,1,Trenton,Premium,2020-05-22
97,Mitchell LLC,procurement@mitchellcorp.com,USA,5,Salem,Premium,2021-11-29
98,White Group,procurement@whiteco.com,USA,2,Miami,Standard,2024-03-25
99,Brown Inc.,procurement@brownbiz.com,USA,3,Saint Paul,Premium,2022-04-28
100,Wilson Inc.,procurement@wilsonbiz.com,USA,3,Lansing,Premium,2022-09-23
101,Nelson Group,procurement@nelsoncorp.com,USA,2,Miami,Standard,2021-03-08
102,Carter Group,procurement@carterbiz.com,USA,2,Orlando,Premium,2020-12-25
103,Harris Co.,procurement@harrisco.com,USA,4,New Orleans,Premium,2024-02-28
104,Ramirez LLC,procurement@ramirezbiz.com,USA,6,Boulder,Premium,2022-04-08
105,Green Solutions,procurement@greenbiz.com,USA,1,Buffalo,Standard,2023-06-19
106,Hall Enterprises,procurement@hallcorp.com,USA,3,Chicago,Premium,2022-03-31
107,Garcia Solutions,procurement@garciabiz.com,USA,5,Salem,Premium,2020-06-05
108,Green Inc.,procurement@greenco.com,USA,4,Baton Rouge,Premium,2023-08-14
109,Thomas Inc.,procurement@thomascorp.com,USA,2,Augusta,Standard,2024-04-03
110,Jones Corp.,procurement@jonesco.com,USA,3,Duluth,VIP,2023-03-02
111,Green Enterprises,procurement@greenco.com,USA,2,Columbia,Premium,2023-07-17
112,Moore LLC,procurement@moorebiz.com,USA,4,Baton Rouge,Premium,2020-04-26
113,Jackson Inc.,procurement@jacksonco.com,USA,5,San Diego,Premium,2022-02-26
114,Nguyen LLC,procurement@nguyenbiz.com,USA,6,Santa Fe,Premium,2022-10-23
115,Brown Partners,procurement@browncorp.com,USA,5,Tacoma,Standard,2023-08-16
116,Williams Co.,procurement@williamsco.com,USA,3,Duluth,Premium,2020-11-21
117,White Group,procurement@whitebiz.com,USA,3,Lansing,Premium,2024-06-04
118,Adams Enterprises,procurement@adamscorp.com,USA,2,Charleston,Standard,2023-09-06
119,Martinez Enterprises,procurement@martinezcorp.com,USA,4,Tulsa,Premium,2023-09-05
120,Nelson Solutions,procurement@nelsoncorp.com,USA,4,Dallas,Premium,2023-08-10
121,Rodriguez Inc.,procurement@rodriguezco.com,USA,5,Seattle,Premium,2021-01-04
122,Perez Partners,procurement@perezcorp.com,USA,2,Atlanta,Standard,2024-06-02
123,Allen LLC,procurement@allenco.com,USA,2,Augusta,Premium,2020-11-28
124,Hall Corp.,procurement@hallco.com,USA,3,Saint Paul,Premium,2021-05-01
125,Flores Group,procurement@floresco.com,USA,5,Eugene,Standard,2024-05-25
126,Gonzalez Enterprises,procurement@gonzalezco.com,USA,6,Provo,Premium,2024-05-12
127,Allen Solutions,procurement@allencorp.com,USA,5,Salem,Standard,2022-09-11
128,Scott Inc.,procurement@scottco.com,USA,5,San Francisco,Standard,2020-11-24
129,Lewis Corp.,procurement@lewisbiz.com,USA,1,Jersey City,VIP,2020-02-24
130,Brown Solutions,procurement@brownco.com,USA,3,Minneapolis,Premium,2020-02-27
131,Miller Enterprises,procurement@millercorp.com,USA,1,Worcester,Premium,2020-10-11
132,Rivera Partners,procurement@riverabiz.com,USA,4,Houston,Standard,2020-11-02
133,Campbell Solutions,procurement@campbellcorp.com,USA,5,Salem,Standard,2021-05-03
134,Green Partners,procurement@greencorp.com,USA,1,Bridgeport,Premium,2023-07-18
135,Torres Co.,procurement@torresco.com,USA,1,Hartford,Premium,2021-05-07
136,Clark Corp.,procurement@clarkco.com,USA,5,Seattle,VIP,2023-01-19
137,Allen LLC,procurement@allenbiz.com,USA,5,San Diego,Premium,2022-02-03
138,Mitchell LLC,procurement@mitchellbiz.com,USA,5,Seattle,Premium,2023-07-10
139,Roberts Enterprises,procurement@robertscorp.com,USA,1,Springfield,Standard,2024-05-14
140,Robinson Partners,procurement@robinsonco.com,USA,1,Newark,Premium,2022-07-26
141,Jackson Co.,procurement@jacksoncorp.com,USA,5,San Francisco,VIP,2022-11-21
142,Wright Partners,procurement@wrightbiz.com,USA,1,Jersey City,Premium,2024-05-18
143,Adams Enterprises,procurement@adamsbiz.com,USA,1,Worcester,VIP,2024-03-02
144,Harris Enterprises,procurement@harriscorp.com,USA,3,Saint Paul,VIP,2022-11-29
145,Garcia Solutions,procurement@garciacorp.com,USA,3,Cincinnati,Standard,2020-07-29
146,Lee Group,procurement@leebiz.com,USA,3,Minneapolis,Premium,2021-12-20
147,Williams Enterprises,procurement@williamsco.com,USA,6,Boulder,VIP,2020-04-27
148,Nelson Solutions,procurement@nelsonbiz.com,USA,4,Oklahoma City,Standard,2023-05-29
149,Lewis LLC,procurement@lewiscorp.com,USA,1,Worcester,Premium,2023-03-07
150,Hill Corp.,procurement@hillco.com,USA,3,Grand Rapids,Premium,2020-06-06
151,Rodriguez Enterprises,procurement@rodriguezbiz.com,USA,2,Charlotte,VIP,2020-02-23
152,Lopez Partners,procurement@lopezco.com,USA,3,Aurora,Premium,2023-12-12
153,Wilson Group,procurement@wilsonco.com,USA,6,Salt Lake City,Standard,2020-05-31
154,Lopez Partners,procurement@lopezcorp.com,USA,5,Tacoma,Premium,2020-05-12
155,Wright Group,procurement@wrightbiz.com,USA,5,Salem,Premium,2020-09-05
156,Rodriguez Co.,procurement@rodriguezbiz.com,USA,1,Worcester,VIP,2023-02-03
157,Flores Inc.,procurement@florescorp.com,USA,2,Greenville,Premium,2022-04-18
158,Jones Corp.,procurement@jonesbiz.com,USA,4,Fort Smith,Premium,2021-12-06
159,Roberts Corp.,procurement@robertscorp.com,USA,3,Chicago,Premium,2021-09-14
160,Hernandez Enterprises,procurement@hernandezco.com,USA,2,Charlotte,Standard,2023-07-24
161,Moore Corp.,procurement@mooreco.com,USA,2,Tampa,Premium,2023-04-27
162,Martinez Corp.,procurement@martinezco.com,USA,4,Shreveport,Standard,2020-02-28
163,Williams Group,procurement@williamsco.com,USA,2,Greenville,Premium,2022-10-16
164,Wright Group,procurement@wrightco.com,USA,6,Salt Lake City,VIP,2023-11-03
165,Martin Partners,procurement@martincorp.com,USA,5,Salem,Premium,2022-08-09
166,Perez Corp.,procurement@perezbiz.com,USA,5,Tacoma,VIP,2021-12-08
167,Rodriguez Enterprises,procurement@rodriguezco.com,USA,4,New Orleans,Premium,2021-07-01
168,Thomas Corp.,procurement@thomascorp.com,USA,1,Bridgeport,Premium,2020-11-23
169,Torres Enterprises,procurement@torrescorp.com,USA,5,Henderson,Premium,2021-09-23
170,Johnson Inc.,procurement@johnsonbiz.com,USA,4,Oklahoma City,Premium,2020-04-09
171,Jackson Partners,procurement@jacksonco.com,USA,5,Reno,Premium,2020-08-08
172,Rodriguez Group,procurement@rodriguezco.com,USA,3,Saint Paul,Standard,2020-04-14
173,Scott Co.,procurement@scottbiz.com,USA,4,Dallas,Premium,2024-04-14
174,Moore Inc.,procurement@moorecorp.com,USA,6,Provo,Premium,2021-11-25
175,White Corp.,procurement@whitecorp.com,USA,4,Fayetteville,Standard,2020-03-20
176,Rivera Enterprises,procurement@riverabiz.com,USA,4,Norman,VIP,2020-10-13
177,Flores Enterprises,procurement@florescorp.com,USA,3,Lansing,Premium,2022-11-09
178,Young Group,procurement@youngbiz.com,USA,5,Spokane,Premium,2022-05-03
179,Martin LLC,procurement@martinco.com,USA,3,Cincinnati,Standard,2022-09-10
180,King Solutions,procurement@kingcorp.com,USA,5,Portland,Premium,2023-12-05
181,Gonzalez LLC,procurement@gonzalezbiz.com,USA,2,Savannah,Premium,2022-04-20
182,Roberts Partners,procurement@robertsco.com,USA,5,Eugene,Standard,2021-10-27
183,Walker Solutions,procurement@walkerbiz.com,USA,6,Ogden,Premium,2021-12-26
184,Roberts Group,procurement@robertsco.com,USA,3,Cleveland,Premium,2021-04-05
185,Roberts Group,procurement@robertsco.com,USA,2,Charleston,Premium,2023-02-21
186,Moore Group,procurement@moorecorp.com,USA,4,Fort Smith,VIP,2024-05-02
187,Jackson LLC,procurement@jacksonbiz.com,USA,6,Tucson,VIP,2023-09-05
188,Mitchell Partners,procurement@mitchellcorp.com,USA,2,Greensboro,Premium,2020-10-08
189,Flores Co.,procurement@florescorp.com,USA,1,Trenton,Standard,2020-07-24
190,Perez Partners,procurement@perezcorp.com,USA,5,Portland,VIP,2020-11-19
191,Adams Partners,procurement@adamsbiz.com,USA,5,Spokane,Standard,2020-05-01
192,Adams Co.,procurement@adamsco.com,USA,5,Los Angeles,Premium,2020-12-26
193,Sanchez Partners,procurement@sanchezcorp.com,USA,6,Denver,Standard,2023-03-09
194,Miller Enterprises,procurement@millerbiz.com,USA,3,Minneapolis,VIP,2022-08-16
195,Gonzalez Inc.,procurement@gonzalezbiz.com,USA,1,Bridgeport,Standard,2021-01-16
196,Mitchell Enterprises,procurement@mitchellbiz.com,USA,4,Oklahoma City,Premium,2023-08-01
197,Ramirez Enterprises,procurement@ramirezcorp.com,USA,3,Chicago,VIP,2022-09-04
198,Thomas LLC,procurement@thomasbiz.com,USA,3,Saint Paul,VIP,2021-09-10
199,Campbell LLC,procurement@campbellbiz.com,USA,5,Portland,Premium,2022-08-11
200,Hernandez Solutions,procurement@hernandezco.com,USA,4,Shreveport,Standard,2021-08-27
201,Flores Co.,procurement@florescorp.com,USA,6,Salt Lake City,Premium,2023-05-25
202,Clark Partners,procurement@clarkco.com,USA,5,Portland,Premium,2023-05-05
203,King Partners,procurement@kingco.com,USA,5,San Diego,Standard,2023-01-26
204,Gonzalez Corp.,procurement@gonzalezcorp.com,USA,2,Columbia,Premium,2024-01-08
205,Young Inc.,procurement@youngco.com,USA,3,Aurora,Standard,2022-04-30
206,Torres LLC,procurement@torresco.com,USA,3,Lansing,Standard,2021-06-05
207,Mitchell Co.,procurement@mitchellco.com,USA,1,New Haven,Premium,2023-01-13
208,Jones Partners,procurement@jonescorp.com,USA,2,Atlanta,Premium,2024-02-02
209,Clark Enterprises,procurement@clarkbiz.com,USA,3,Saint Paul,Standard,2023-09-17
210,Rodriguez Enterprises,procurement@rodriguezcorp.com,USA,1,Bridgeport,Standard,2021-04-01
211,Carter LLC,procurement@carterbiz.com,USA,3,Duluth,Premium,2021-04-15
212,Robinson Enterprises,procurement@robinsoncorp.com,USA,2,Miami,VIP,2022-05-08
213,Roberts LLC,procurement@robertscorp.com,USA,2,Tampa,Standard,2023-05-09
214,Rivera LLC,procurement@riveracorp.com,USA,5,Reno,Standard,2021-03-20
215,Roberts LLC,procurement@robertscorp.com,USA,4,New Orleans,VIP,2024-02-07
216,Lee Enterprises,procurement@leecorp.com,USA,2,Augusta,Premium,2022-04-26
217,Moore LLC,procurement@mooreco.com,USA,6,Las Cruces,Premium,2023-02-12
218,Brown Enterprises,procurement@brownco.com,USA,5,Tacoma,Premium,2020-11-01
219,Harris Corp.,procurement@harrisco.com,USA,3,Cleveland,VIP,2020-10-22
220,Brown Solutions,procurement@brownbiz.com,USA,4,Tulsa,Standard,2021-02-20
221,Adams Inc.,procurement@adamsbiz.com,USA,5,San Diego,Premium,2021-01-25
222,Moore Solutions,procurement@mooreco.com,USA,4,Houston,Standard,2024-04-08
223,Campbell Co.,procurement@campbellbiz.com,USA,2,Raleigh,VIP,2020-02-01
224,Gonzalez Inc.,procurement@gonzalezco.com,USA,6,Salt Lake City,Premium,2023-12-12
225,Sanchez Co.,procurement@sanchezco.com,USA,2,Raleigh,Premium,2023-08-21
226,Martin Group,procurement@martinbiz.com,USA,4,Fort Smith,Standard,2024-01-19
227,Carter Enterprises,procurement@cartercorp.com,USA,3,Minneapolis,Premium,2021-03-29
228,Martinez LLC,procurement@martinezbiz.com,USA,4,Fort Smith,Standard,2021-11-06
229,Harris Co.,procurement@harrisbiz.com,USA,4,Baton Rouge,Premium,2022-09-27
230,Adams Partners,procurement@adamsbiz.com,USA,1,Boston,Standard,2023-01-24
231,Lopez LLC,procurement@lopezco.com,USA,1,Rochester,Standard,2020-01-14
232,Rodriguez Co.,procurement@rodriguezcorp.com,USA,5,Los Angeles,Premium,2022-02-03
233,Flores Partners,procurement@floresco.com,USA,3,Rockford,Premium,2020-01-25
234,King Group,procurement@kingco.com,USA,6,Scottsdale,VIP,2023-10-12
235,Lopez Inc.,procurement@lopezcorp.com,USA,4,Oklahoma City,Premium,2021-05-31
236,Moore Solutions,procurement@moorecorp.com,USA,3,Saint Paul,Premium,2023-11-28
237,Martin Inc.,procurement@martinco.com,USA,6,Phoenix,Premium,2022-02-11
238,Walker LLC,procurement@walkerco.com,USA,1,Newark,Premium,2022-06-07
239,Perez Inc.,procurement@perezco.com,USA,6,Albuquerque,VIP,2023-11-18
240,Walker Group,procurement@walkercorp.com,USA,6,Boulder,Premium,2020-03-08
241,Lee LLC,procurement@leecorp.com,USA,4,Little Rock,Standard,2023-02-28
242,Torres Solutions,procurement@torresco.com,USA,5,Spokane,Premium,2020-10-13
243,Campbell Inc.,procurement@campbellco.com,USA,5,Seattle,Standard,2021-04-20
244,Perez Solutions,procurement@perezbiz.com,USA,1,Worcester,Premium,2021-12-29
245,Harris Solutions,procurement@harriscorp.com,USA,5,Las Vegas,Premium,2021-08-27
246,Rivera Inc.,procurement@riveracorp.com,USA,2,Greenville,Premium,2020-11-11
247,Harris Enterprises,procurement@harrisbiz.com,USA,1,Buffalo,Premium,2024-04-08
248,Miller Corp.,procurement@millercorp.com,USA,1,Bridgeport,Premium,2022-04-15
249,Johnson Inc.,procurement@johnsonbiz.com,USA,4,Baton Rouge,Standard,2022-04-27
250,Roberts Inc.,procurement@robertsco.com,USA,6,Las Cruces,Premium,2023-11-04
251,Hernandez Corp.,procurement@hernandezbiz.com,USA,2,Columbia,Standard,2022-06-09
252,Clark Group,procurement@clarkbiz.com,USA,5,Spokane,VIP,2024-01-16
253,Young Co.,procurement@youngbiz.com,USA,1,Boston,VIP,2021-11-11
254,Harris Enterprises,procurement@harrisbiz.com,USA,2,Savannah,Premium,2023-11-24
255,Walker Enterprises,procurement@walkercorp.com,USA,6,Colorado Springs,Premium,2023-07-20
256,Torres Co.,procurement@torresbiz.com,USA,3,Saint Paul,Standard,2023-02-28
257,Nguyen Corp.,procurement@nguyenco.com,USA,5,San Diego,Premium,2023-12-21
258,Lewis Group,procurement@lewisco.com,USA,1,Bridgeport,Premium,2023-07-21
259,Thomas Group,procurement@thomasco.com,USA,1,New Haven,Standard,2023-05-09
260,Nguyen Solutions,procurement@nguyenco.com,USA,4,Fayetteville,Standard,2022-01-06
261,Wright Inc.,procurement@wrightcorp.com,USA,5,Seattle,Premium,2020-03-31
262,Adams Solutions,procurement@adamsbiz.com,USA,6,Salt Lake City,Standard,2021-06-13
263,Allen Co.,procurement@allenbiz.com,USA,3,Duluth,Premium,2022-10-21
264,Thompson LLC,procurement@thompsonbiz.com,USA,1,Hartford,Standard,2024-02-04
265,Thompson Group,procurement@thompsonbiz.com,USA,3,Cincinnati,Premium,2022-09-02
266,Lewis Partners,procurement@lewisbiz.com,USA,1,Rochester,Standard,2021-12-03
267,Miller Corp.,procurement@millerco.com,USA,2,Augusta,Standard,2023-02-20
268,Robinson Co.,procurement@robinsonbiz.com,USA,4,Norman,Premium,2022-03-21
269,Mitchell Co.,procurement@mitchellbiz.com,USA,4,Little Rock,Premium,2021-02-25
270,Carter Inc.,procurement@carterco.com,USA,1,Jersey City,Premium,2022-07-26
271,Taylor Partners,procurement@taylorco.com,USA,6,Boulder,Premium,2022-03-14
272,Davis Enterprises,procurement@davisbiz.com,USA,5,Eugene,Premium,2021-09-01
273,Nguyen Inc.,procurement@nguyenco.com,USA,1,New York,Premium,2021-01-09
274,Hall Corp.,procurement@hallco.com,USA,3,Cincinnati,Premium,2021-01-15
275,Green Corp.,procurement@greenco.com,USA,1,Boston,Standard,2022-07-12
276,Brown Enterprises,procurement@browncorp.com,USA,3,Cleveland,VIP,2022-11-01
277,Young Solutions,procurement@youngco.com,USA,3,Saint Paul,Standard,2023-03-03
278,Carter Co.,procurement@carterbiz.com,USA,1,Trenton,Standard,2024-05-17
279,Torres Partners,procurement@torresco.com,USA,4,Dallas,Premium,2022-01-21
280,Carter LLC,procurement@carterco.com,USA,3,Cleveland,Standard,2023-08-31
281,Thomas Group,procurement@thomascorp.com,USA,3,Detroit,Premium,2020-08-28
282,Wilson Enterprises,procurement@wilsonco.com,USA,4,Little Rock,Premium,2024-05-26
283,Wilson LLC,procurement@wilsonco.com,USA,3,Lansing,Premium,2021-10-24
284,Jackson Group,procurement@jacksonco.com,USA,2,Miami,VIP,2024-05-28
285,Brown Group,procurement@brownco.com,USA,1,Newark,Standard,2021-10-21
286,Carter Solutions,procurement@carterbiz.com,USA,1,Springfield,Premium,2022-07-14
287,Green Inc.,procurement@greenbiz.com,USA,4,Shreveport,VIP,2022-01-25
288,Young Enterprises,procurement@youngco.com,USA,1,Rochester,VIP,2023-07-24
289,Hall Enterprises,procurement@hallcorp.com,USA,5,Las Vegas,VIP,2021-03-09
290,Moore Enterprises,procurement@moorebiz.com,USA,2,Augusta,VIP,2024-06-02
291,Baker LLC,procurement@bakercorp.com,USA,1,Hartford,Standard,2020-11-19
292,Robinson LLC,procurement@robinsonbiz.com,USA,2,Augusta,Premium,2021-07-15
293,Adams Enterprises,procurement@adamsbiz.com,USA,1,Newark,Premium,2021-09-17
294,Hall Co.,procurement@hallbiz.com,USA,5,Los Angeles,Standard,2020-06-08
295,Nguyen Co.,procurement@nguyenco.com,USA,5,Los Angeles,Premium,2020-09-03
296,Hall Corp.,procurement@hallbiz.com,USA,1,Hartford,Premium,2020-07-28
297,Lee Enterprises,procurement@leebiz.com,USA,1,Trenton,VIP,2020-10-19
298,King LLC,procurement@kingco.com,USA,5,Reno,Premium,2023-07-10
299,Martinez Solutions,procurement@martinezco.com,USA,5,Portland,VIP,2020-10-13
300,Davis Solutions,procurement@davisbiz.com,USA,6,Denver,Standard,2023-08-13
301,Thomas Group,procurement@thomasco.com,USA,1,Boston,Premium,2022-11-09
302,Mitchell Solutions,procurement@mitchellbiz.com,USA,4,Tulsa,Premium,2021-05-08
303,Green Inc.,procurement@greenco.com,USA,5,San Francisco,VIP,2020-09-27
304,Torres Solutions,procurement@torresbiz.com,USA,4,Tulsa,VIP,2024-04-26
305,Johnson Inc.,procurement@johnsoncorp.com,USA,2,Miami,VIP,2022-03-26
306,Jackson Solutions,procurement@jacksonbiz.com,USA,5,San Diego,Premium,2023-06-15
307,Moore Inc.,procurement@moorebiz.com,USA,1,Newark,Premium,2022-03-11
308,Green Inc.,procurement@greenbiz.com,USA,5,Portland,Standard,2022-06-08
309,Robinson LLC,procurement@robinsonbiz.com,USA,5,Portland,Standard,2020-10-08
310,Smith Corp.,procurement@smithbiz.com,USA,6,Denver,Premium,2024-03-15
311,Campbell Inc.,procurement@campbellcorp.com,USA,2,Charleston,Premium,2021-06-22
312,Torres Inc.,procurement@torresbiz.com,USA,3,Detroit,Premium,2023-03-06
313,White Corp.,procurement@whitebiz.com,USA,5,Los Angeles,Premium,2020-01-06
314,Smith Co.,procurement@smithcorp.com,USA,3,Minneapolis,Standard,2020-03-13
315,Rivera Solutions,procurement@riveracorp.com,USA,2,Greenville,Premium,2020-06-08
316,White Inc.,procurement@whiteco.com,USA,5,Los Angeles,Standard,2022-11-22
317,Sanchez Inc.,procurement@sanchezbiz.com,USA,5,Spokane,Standard,2022-07-24
318,White Co.,procurement@whitebiz.com,USA,4,Shreveport,Premium,2022-08-08
319,Nguyen Partners,procurement@nguyencorp.com,USA,5,Portland,Standard,2022-04-19
320,Anderson Enterprises,procurement@andersonco.com,USA,5,San Francisco,Standard,2023-09-08
321,Mitchell Group,procurement@mitchellcorp.com,USA,2,Savannah,Premium,2020-05-02
322,Rivera Group,procurement@riveracorp.com,USA,1,Trenton,Premium,2022-02-01
323,Mitchell Inc.,procurement@mitchellco.com,USA,1,Trenton,VIP,2020-06-02
324,Torres LLC,procurement@torresbiz.com,USA,5,Portland,Standard,2021-10-07
325,Hall Enterprises,procurement@hallbiz.com,USA,3,Columbus,VIP,2020-10-05
326,Miller Corp.,procurement@millercorp.com,USA,1,New Haven,Premium,2023-01-02
327,Roberts Co.,procurement@robertsbiz.com,USA,2,Charlotte,Standard,2023-11-06
328,Rivera LLC,procurement@riveracorp.com,USA,5,Seattle,Standard,2021-05-23
329,Sanchez LLC,procurement@sanchezco.com,USA,2,Atlanta,VIP,2022-07-15
330,Mitchell Co.,procurement@mitchellcorp.com,USA,3,Columbus,Standard,2024-05-18
331,Rodriguez Co.,procurement@rodriguezbiz.com,USA,3,Rockford,Premium,2020-06-02
332,Jones Co.,procurement@jonesco.com,USA,3,Columbus,VIP,2021-11-10
333,Williams Partners,procurement@williamscorp.com,USA,1,Bridgeport,Premium,2020-03-01
334,Baker Solutions,procurement@bakercorp.com,USA,3,Cleveland,Standard,2020-10-31
335,Flores Co.,procurement@floresco.com,USA,2,Greenville,Premium,2020-06-28
336,Harris Corp.,procurement@harrisbiz.com,USA,1,Trenton,VIP,2023-01-18
337,Harris Enterprises,procurement@harrisbiz.com,USA,4,Fort Smith,VIP,2022-10-25
338,Harris Group,procurement@harriscorp.com,USA,1,Newark,VIP,2024-05-13
339,Brown Partners,procurement@brownco.com,USA,3,Columbus,Standard,2023-09-07
340,Moore LLC,procurement@moorecorp.com,USA,4,Fort Smith,VIP,2020-12-21
341,Thomas Enterprises,procurement@thomasco.com,USA,5,San Diego,Premium,2023-03-08
342,Martinez Co.,procurement@martinezbiz.com,USA,4,Tulsa,Standard,2020-04-25
343,Hill Co.,procurement@hillcorp.com,USA,4,Dallas,VIP,2021-02-16
344,Perez Corp.,procurement@perezbiz.com,USA,1,Trenton,Premium,2020-10-17
345,King Enterprises,procurement@kingcorp.com,USA,3,Duluth,Standard,2021-09-10
346,Rodriguez Corp.,procurement@rodriguezco.com,USA,6,Ogden,Premium,2023-12-19
347,Hall Enterprises,procurement@hallcorp.com,USA,5,Salem,Premium,2023-11-11
348,Rodriguez Corp.,procurement@rodriguezco.com,USA,1,Bridgeport,Standard,2023-05-18
349,Flores Co.,procurement@floresco.com,USA,4,Little Rock,Premium,2020-06-08
350,Thompson Enterprises,procurement@thompsoncorp.com,USA,4,Austin,Premium,2024-02-02
351,Lewis LLC,procurement@lewisbiz.com,USA,2,Orlando,Standard,2020-08-09
352,Smith LLC,procurement@smithbiz.com,USA,3,Minneapolis,VIP,2022-10-06
353,Thompson Solutions,procurement@thompsoncorp.com,USA,5,Portland,Premium,2024-06-24
354,Jackson LLC,procurement@jacksonbiz.com,USA,2,Miami,Premium,2022-02-07
355,Campbell Inc.,procurement@campbellco.com,USA,6,Tucson,Premium,2023-06-10
356,Rivera LLC,procurement@riverabiz.com,USA,6,Las Cruces,VIP,2020-11-17
357,Miller Enterprises,procurement@millercorp.com,USA,6,Ogden,Premium,2024-02-03
358,Taylor Group,procurement@taylorbiz.com,USA,2,Orlando,Premium,2022-10-02
359,Brown Enterprises,procurement@browncorp.com,USA,3,Lansing,Premium,2022-09-10
360,Miller LLC,procurement@millercorp.com,USA,1,Boston,Premium,2020-08-24
361,Sanchez Partners,procurement@sanchezbiz.com,USA,5,Seattle,Premium,2022-03-04
362,White Solutions,procurement@whitebiz.com,USA,1,Buffalo,Premium,2021-06-23
363,Moore LLC,procurement@moorecorp.com,USA,5,Los Angeles,Premium,2023-01-13
364,Carter Co.,procurement@carterco.com,USA,1,Bridgeport,Premium,2023-01-01
365,Walker Co.,procurement@walkerbiz.com,USA,2,Greenville,Standard,2023-03-15
366,Torres Corp.,procurement@torrescorp.com,USA,6,Salt Lake City,VIP,2020-12-08
367,Gonzalez Corp.,procurement@gonzalezcorp.com,USA,3,Minneapolis,VIP,2023-07-08
368,Hill Group,procurement@hillbiz.com,USA,6,Phoenix,Premium,2022-03-24
369,Lee Group,procurement@leeco.com,USA,3,Rockford,Premium,2022-12-06
370,Davis Solutions,procurement@daviscorp.com,USA,1,New York,Premium,2020-07-25
371,Wright Enterprises,procurement@wrightbiz.com,USA,2,Greenville,Premium,2020-03-17
372,Moore Solutions,procurement@moorecorp.com,USA,4,Little Rock,Premium,2021-11-09
373,Thomas LLC,procurement@thomasco.com,USA,3,Grand Rapids,Standard,2024-06-13
374,Martin Group,procurement@martinbiz.com,USA,5,Los Angeles,Standard,2024-03-03
375,Roberts Enterprises,procurement@robertsbiz.com,USA,5,Los Angeles,Premium,2022-04-13
376,Young Enterprises,procurement@youngcorp.com,USA,4,Oklahoma City,Premium,2022-11-03
377,Rodriguez LLC,procurement@rodriguezcorp.com,USA,1,Newark,Standard,2022-07-23
378,White Co.,procurement@whitebiz.com,USA,3,Duluth,Premium,2020-09-10
379,Johnson Co.,procurement@johnsonbiz.com,USA,3,Minneapolis,VIP,2022-08-29
380,Scott Enterprises,procurement@scottbiz.com,USA,1,Springfield,VIP,2020-07-04
381,Johnson Solutions,procurement@johnsoncorp.com,USA,1,Newark,Premium,2023-10-19
382,Moore Solutions,procurement@mooreco.com,USA,1,Buffalo,VIP,2023-08-18
383,Hill LLC,procurement@hillcorp.com,USA,2,Greensboro,VIP,2023-08-09
384,Ramirez Solutions,procurement@ramirezbiz.com,USA,3,Cleveland,Premium,2022-12-02
385,Sanchez Inc.,procurement@sanchezcorp.com,USA,4,Shreveport,Premium,2023-06-01
386,Martin Inc.,procurement@martinbiz.com,USA,1,Springfield,Premium,2021-07-21
387,Adams Group,procurement@adamscorp.com,USA,1,Newark,VIP,2023-05-13
388,Nelson Enterprises,procurement@nelsonco.com,USA,1,Rochester,Premium,2021-08-28
389,Clark Solutions,procurement@clarkbiz.com,USA,5,Salem,Premium,2021-03-31
390,Wright Partners,procurement@wrightco.com,USA,3,Detroit,VIP,2023-02-17
391,Jackson Inc.,procurement@jacksonbiz.com,USA,1,Springfield,VIP,2024-04-11
392,Baker Enterprises,procurement@bakerco.com,USA,1,Boston,Premium,2021-09-20
393,Perez Enterprises,procurement@perezbiz.com,USA,4,Little Rock,Premium,2023-07-23
394,Nguyen Inc.,procurement@nguyenbiz.com,USA,5,San Diego,Premium,2021-09-03
395,Brown Corp.,procurement@browncorp.com,USA,6,Colorado Springs,VIP,2022-07-26
396,Lee Corp.,procurement@leecorp.com,USA,3,Cleveland,Premium,2020-01-10
397,Moore Co.,procurement@moorecorp.com,USA,4,Tulsa,Premium,2024-05-15
398,Rodriguez Solutions,procurement@rodriguezco.com,USA,3,Saint Paul,Premium,2020-03-18
399,Gonzalez Enterprises,procurement@gonzalezcorp.com,USA,5,Portland,Premium,2023-07-07
400,Thomas Co.,procurement@thomasco.com,USA,5,Seattle,Standard,2022-10-27
401,Martin Corp.,procurement@martincorp.com,USA,5,Spokane,Premium,2022-12-01
402,King Enterprises,procurement@kingbiz.com,USA,5,Salem,VIP,2022-09-30
403,Carter Co.,procurement@cartercorp.com,USA,6,Salt Lake City,Standard,2024-01-29
404,Wilson LLC,procurement@wilsonco.com,USA,4,Dallas,Premium,2024-06-10
405,Harris Group,procurement@harrisco.com,USA,4,Austin,Standard,2020-02-10
406,Hall Inc.,procurement@hallbiz.com,USA,3,Rockford,Standard,2023-12-08
407,Wilson LLC,procurement@wilsonbiz.com,USA,3,Rockford,Premium,2023-06-29
408,Hall Corp.,procurement@hallbiz.com,USA,5,San Diego,Premium,2020-08-29
409,Davis Inc.,procurement@davisbiz.com,USA,1,Jersey City,VIP,2021-02-17
410,Rivera Solutions,procurement@riverabiz.com,USA,1,Hartford,Premium,2022-09-11
411,Thomas LLC,procurement@thomascorp.com,USA,5,San Diego,Premium,2020-11-01
412,Roberts Inc.,procurement@robertsco.com,USA,5,Tacoma,Standard,2021-08-29
413,Robinson LLC,procurement@robinsoncorp.com,USA,5,San Francisco,Premium,2023-10-18
414,Ramirez Inc.,procurement@ramirezcorp.com,USA,5,Los Angeles,VIP,2023-09-20
415,Hernandez Enterprises,procurement@hernandezbiz.com,USA,5,Tacoma,Standard,2021-12-02
416,Davis Solutions,procurement@davisbiz.com,USA,6,Colorado Springs,Premium,2022-09-06
417,Adams Corp.,procurement@adamscorp.com,USA,1,New York,Standard,2023-04-24
418,Torres Partners,procurement@torrescorp.com,USA,4,Shreveport,Standard,2023-11-02
419,Rodriguez Partners,procurement@rodriguezbiz.com,USA,1,New Haven,Standard,2021-06-19
420,Lee LLC,procurement@leeco.com,USA,5,Eugene,VIP,2022-11-29
421,Hall Inc.,procurement@hallbiz.com,USA,5,Salem,Premium,2023-10-17
422,Harris Corp.,procurement@harrisco.com,USA,5,Los Angeles,Premium,2020-11-17
423,Walker Partners,procurement@walkercorp.com,USA,1,New Haven,Standard,2021-07-23
424,Allen Co.,procurement@allenco.com,USA,4,Little Rock,Standard,2022-06-28
425,Lewis Inc.,procurement@lewisbiz.com,USA,3,Aurora,Premium,2020-02-06
426,Sanchez Solutions,procurement@sanchezcorp.com,USA,4,Houston,Premium,2023-06-21
427,Martin Co.,procurement@martinco.com,USA,5,Spokane,VIP,2021-04-01
428,Perez Partners,procurement@perezco.com,USA,5,Las Vegas,Standard,2023-09-11
429,Smith Enterprises,procurement@smithbiz.com,USA,5,Tacoma,Premium,2023-12-08
430,Williams Corp.,procurement@williamsbiz.com,USA,1,Hartford,Standard,2021-02-05
431,Davis Solutions,procurement@daviscorp.com,USA,3,Cincinnati,Premium,2024-03-30
432,Williams Inc.,procurement@williamsbiz.com,USA,3,Cleveland,Standard,2024-02-16
433,Scott Solutions,procurement@scottco.com,USA,3,Cincinnati,Premium,2024-02-05
434,Miller Solutions,procurement@millerco.com,USA,4,Shreveport,VIP,2022-05-07
435,Hall Co.,procurement@hallbiz.com,USA,3,Grand Rapids,Premium,2020-09-30
436,Clark Group,procurement@clarkco.com,USA,4,Shreveport,Premium,2023-02-07
437,Wilson Co.,procurement@wilsoncorp.com,USA,4,Shreveport,Premium,2023-10-09
438,Rivera Corp.,procurement@riveraco.com,USA,4,Shreveport,Standard,2021-12-22
439,Walker Solutions,procurement@walkerco.com,USA,5,Spokane,VIP,2022-12-06
440,Johnson Solutions,procurement@johnsoncorp.com,USA,1,New York,Standard,2024-05-27
441,Jackson Group,procurement@jacksoncorp.com,USA,5,Seattle,Premium,2020-03-07
442,Lewis Inc.,procurement@lewisco.com,USA,5,Eugene,Premium,2022-03-07
443,Allen Group,procurement@allenco.com,USA,5,Reno,Premium,2024-06-02
444,Lee LLC,procurement@leecorp.com,USA,5,Eugene,VIP,2022-06-26
445,Green Enterprises,procurement@greenco.com,USA,4,Norman,VIP,2021-08-25
446,Lopez Inc.,procurement@lopezcorp.com,USA,6,Tucson,Standard,2021-07-25
447,Taylor Corp.,procurement@taylorcorp.com,USA,4,New Orleans,Premium,2023-12-24
448,Williams Corp.,procurement@williamsbiz.com,USA,4,Baton Rouge,Premium,2023-01-31
449,Jones Enterprises,procurement@jonesco.com,USA,2,Augusta,Standard,2022-10-31
450,Clark Solutions,procurement@clarkcorp.com,USA,2,Augusta,Premium,2022-01-08
451,Wilson Partners,procurement@wilsonco.com,USA,5,Los Angeles,Premium,2022-07-01
452,Adams Co.,procurement@adamscorp.com,USA,5,Spokane,VIP,2020-08-20
453,Taylor Group,procurement@taylorcorp.com,USA,6,Boulder,VIP,2022-07-01
454,Williams Group,procurement@williamsco.com,USA,1,New York,Standard,2024-05-02
455,Wright LLC,procurement@wrightco.com,USA,1,Trenton,Premium,2020-07-31
456,Wright Solutions,procurement@wrightco.com,USA,5,San Diego,Premium,2020-02-18
457,Rivera Enterprises,procurement@riveracorp.com,USA,1,New York,Premium,2023-02-16
458,Torres Co.,procurement@torresbiz.com,USA,3,Duluth,Premium,2021-10-09
459,Harris Inc.,procurement@harrisco.com,USA,1,Rochester,Premium,2023-12-06
460,Thompson Inc.,procurement@thompsonbiz.com,USA,5,Tacoma,Standard,2024-04-16
461,Harris Solutions,procurement@harrisco.com,USA,1,Trenton,Standard,2024-03-09
462,Wright Group,procurement@wrightco.com,USA,1,Boston,Premium,2023-02-10
463,Davis LLC,procurement@daviscorp.com,USA,4,Fayetteville,Premium,2020-06-23
464,Wilson Enterprises,procurement@wilsoncorp.com,USA,3,Columbus,Standard,2023-06-17
465,Gonzalez Inc.,procurement@gonzalezcorp.com,USA,5,San Diego,Premium,2023-01-30
466,Jackson Inc.,procurement@jacksonbiz.com,USA,1,New Haven,Premium,2023-10-06
467,Thomas Inc.,procurement@thomasbiz.com,USA,4,Tulsa,Premium,2021-11-03
468,Nelson Group,procurement@nelsonco.com,USA,4,Baton Rouge,VIP,2020-12-11
469,Lee Co.,procurement@leecorp.com,USA,5,Reno,VIP,2020-10-02
470,Campbell Enterprises,procurement@campbellbiz.com,USA,3,Grand Rapids,Premium,2020-08-10
471,Adams Inc.,procurement@adamsbiz.com,USA,5,Eugene,Standard,2024-02-11
472,Jones Inc.,procurement@jonescorp.com,USA,5,San Diego,Premium,2024-04-24
473,Wilson LLC,procurement@wilsonco.com,USA,2,Greenville,Premium,2022-01-19
474,Anderson Group,procurement@andersoncorp.com,USA,3,Aurora,Premium,2020-01-22
475,Thomas Corp.,procurement@thomasco.com,USA,1,Newark,Premium,2023-03-04
476,Martinez Partners,procurement@martinezbiz.com,USA,1,Hartford,Standard,2022-01-26
477,Williams Co.,procurement@williamsco.com,USA,6,Colorado Springs,Premium,2022-07-20
478,Williams Enterprises,procurement@williamscorp.com,USA,5,Tacoma,Standard,2023-01-19
479,Lopez Solutions,procurement@lopezco.com,USA,3,Rockford,Standard,2021-04-01
480,Sanchez Enterprises,procurement@sanchezbiz.com,USA,3,Duluth,Standard,2020-10-11
481,Hernandez Co.,procurement@hernandezcorp.com,USA,4,New Orleans,Standard,2020-11-18
482,Hill Inc.,procurement@hillco.com,USA,2,Greensboro,Standard,2023-10-14
483,Walker Co.,procurement@walkerco.com,USA,1,Hartford,Standard,2020-09-18
484,Nguyen Corp.,procurement@nguyencorp.com,USA,4,Austin,Standard,2020-12-06
485,Lopez Solutions,procurement@lopezco.com,USA,6,Scottsdale,Premium,2021-08-03
486,Wilson Partners,procurement@wilsonco.com,USA,6,Salt Lake City,Standard,2022-04-21
487,Martinez Corp.,procurement@martinezco.com,USA,5,Seattle,Premium,2021-12-02
488,Hill Inc.,procurement@hillcorp.com,USA,3,Columbus,Standard,2022-12-06
489,Baker Solutions,procurement@bakercorp.com,USA,4,Tulsa,VIP,2023-05-13
490,Wright Inc.,procurement@wrightcorp.com,USA,3,Cincinnati,Premium,2020-01-03
491,Adams Solutions,procurement@adamsco.com,USA,3,Rockford,Premium,2021-04-14
492,Roberts Solutions,procurement@robertsbiz.com,USA,4,Dallas,Standard,2022-09-04
493,Garcia Group,procurement@garciaco.com,USA,5,Reno,Standard,2023-12-23
494,Smith Inc.,procurement@smithco.com,USA,1,Trenton,VIP,2022-04-17
495,Miller Corp.,procurement@millerbiz.com,USA,5,Spokane,VIP,2022-05-17
496,White Group,procurement@whiteco.com,USA,3,Cleveland,Premium,2023-02-15
497,Lopez Enterprises,procurement@lopezco.com,USA,4,Baton Rouge,Premium,2024-05-04
498,Sanchez Corp.,procurement@sanchezco.com,USA,1,Jersey City,Premium,2020-11-27
499,Wilson Solutions,procurement@wilsonbiz.com,USA,5,Los Angeles,Premium,2023-07-26
500,Garcia Corp.,procurement@garciabiz.com,USA,6,Salt Lake City,Standard,2021-03-30
501,Melissa Garcia,melissa.garcia@icloud.com,USA,1,New Haven,Premium,2023-09-05
502,Andrew Jackson,andrew.jackson@protonmail.com,USA,6,Phoenix,Premium,2022-10-09
503,Jeffrey Smith,jeffrey.smith@yahoo.com,USA,5,Seattle,Standard,2024-05-24
504,Dennis Allen,dennis.allen@icloud.com,USA,5,Eugene,Standard,2022-01-06
505,Kenneth Adams,kenneth.adams@gmail.com,USA,6,Tucson,VIP,2022-03-29
506,Amanda Nelson,amanda.nelson@hotmail.com,USA,3,Cincinnati,Standard,2024-02-18
507,Carl Jones,carl.jones@gmail.com,USA,4,Baton Rouge,Standard,2021-04-08
508,Nicole Gonzalez,nicole.gonzalez@hotmail.com,USA,6,Tucson,Standard,2022-04-13
509,Stephen Miller,stephen.miller@icloud.com,USA,1,Worcester,Standard,2022-11-17
510,Steven Wright,steven.wright@icloud.com,USA,2,Charleston,Premium,2022-09-17
511,Ashley Carter,ashley.carter@outlook.com,USA,6,Ogden,Standard,2023-04-16
512,Linda Walker,linda.walker@gmail.com,USA,2,Greenville,Standard,2023-10-18
513,Rachel Anderson,rachel.anderson@outlook.com,USA,3,Lansing,Premium,2020-01-20
514,Rachel Taylor,rachel.taylor@yahoo.com,USA,2,Greenville,VIP,2021-12-01
515,Elizabeth Scott,elizabeth.scott@yahoo.com,USA,3,Detroit,Premium,2021-07-05
516,Nancy Mitchell,nancy.mitchell@protonmail.com,USA,6,Santa Fe,VIP,2021-02-12
517,Kenneth Mitchell,kenneth.mitchell@yahoo.com,USA,5,Portland,Standard,2021-05-26
518,Helen Thompson,helen.thompson@yahoo.com,USA,5,Los Angeles,Premium,2023-09-20
519,Amy Flores,amy.flores@gmail.com,USA,5,San Francisco,Standard,2023-06-25
520,Anthony Young,anthony.young@icloud.com,USA,5,Las Vegas,VIP,2022-11-12
521,Kimberly Sanchez,kimberly.sanchez@yahoo.com,USA,5,Portland,Premium,2024-06-24
522,Larry Walker,larry.walker@icloud.com,USA,1,Worcester,Premium,2024-05-08
523,Paul Robinson,paul.robinson@gmail.com,USA,5,Reno,VIP,2020-01-18
524,Maria Baker,maria.baker@yahoo.com,USA,3,Aurora,Standard,2023-06-08
525,Dorothy Lopez,dorothy.lopez@icloud.com,USA,2,Raleigh,Premium,2021-12-03
526,Matthew Lopez,matthew.lopez@hotmail.com,USA,3,Duluth,VIP,2022-02-01
527,Matthew Sanchez,matthew.sanchez@outlook.com,USA,3,Cincinnati,Premium,2021-04-13
528,Joseph Campbell,joseph.campbell@outlook.com,USA,5,Reno,Standard,2020-10-25
529,Ryan Martinez,ryan.martinez@hotmail.com,USA,5,Salem,Premium,2020-10-02
530,Patrick King,patrick.king@icloud.com,USA,5,Reno,Standard,2023-02-25
531,Joshua Brown,joshua.brown@hotmail.com,USA,1,Newark,Standard,2021-06-04
532,Scott Green,scott.green@gmail.com,USA,3,Grand Rapids,Standard,2022-01-07
533,Brenda Scott,brenda.scott@outlook.com,USA,2,Columbia,Standard,2023-10-23
534,Nicole Gonzalez,nicole.gonzalez@icloud.com,USA,4,Tulsa,Standard,2021-10-27
535,Douglas Allen,douglas.allen@hotmail.com,USA,5,Las Vegas,Standard,2023-06-10
536,Brian Robinson,brian.robinson@protonmail.com,USA,6,Las Cruces,Standard,2022-05-13
537,Patrick Flores,patrick.flores@icloud.com,USA,3,Chicago,Standard,2021-12-04
538,Sandra Lee,sandra.lee@outlook.com,USA,5,Tacoma,Premium,2022-03-20
539,Edward Lewis,edward.lewis@outlook.com,USA,5,Reno,Standard,2021-01-11
540,Robert Rodriguez,robert.rodriguez@protonmail.com,USA,2,Greensboro,VIP,2024-03-15
541,Richard Wilson,richard.wilson@yahoo.com,USA,3,Chicago,Premium,2023-01-28
542,David Johnson,david.johnson@hotmail.com,USA,4,Houston,Standard,2023-06-19
543,Karen Garcia,karen.garcia@protonmail.com,USA,6,Provo,Standard,2021-05-21
544,Ryan Jackson,ryan.jackson@hotmail.com,USA,4,Norman,Standard,2020-02-28
545,Michael Nelson,michael.nelson@outlook.com,USA,5,Spokane,Standard,2023-01-12
546,Edward Scott,edward.scott@hotmail.com,USA,1,Trenton,Premium,2022-07-24
547,Patrick Mitchell,patrick.mitchell@protonmail.com,USA,5,Henderson,Premium,2023-08-02
548,Raymond Martin,raymond.martin@outlook.com,USA,3,Columbus,Standard,2021-09-22
549,Matthew Clark,matthew.clark@outlook.com,USA,1,New York,Premium,2024-04-01
550,Sarah Thompson,sarah.thompson@outlook.com,USA,3,Rockford,Premium,2024-03-27
551,Kathleen Martin,kathleen.martin@gmail.com,USA,5,Tacoma,Standard,2024-06-19
552,James Scott,james.scott@outlook.com,USA,1,New Haven,Standard,2020-11-30
553,Carolyn Mitchell,carolyn.mitchell@protonmail.com,USA,3,Minneapolis,Standard,2020-06-11
554,Larry Green,larry.green@yahoo.com,USA,4,Baton Rouge,Premium,2024-03-01
555,Raymond Moore,raymond.moore@hotmail.com,USA,1,New York,Standard,2021-08-16
556,Thomas Green,thomas.green@hotmail.com,USA,4,Shreveport,Premium,2022-10-04
557,Mark Lee,mark.lee@gmail.com,USA,1,New York,Standard,2021-07-31
558,Edward Rodriguez,edward.rodriguez@protonmail.com,USA,3,Chicago,Standard,2020-11-04
559,Maria Young,maria.young@yahoo.com,USA,2,Raleigh,Standard,2022-08-07
560,Rachel Williams,rachel.williams@outlook.com,USA,1,Newark,Standard,2024-05-07
561,Timothy Jones,timothy.jones@icloud.com,USA,3,Cleveland,Standard,2020-01-26
562,Jessica Roberts,jessica.roberts@protonmail.com,USA,2,Columbia,VIP,2020-03-09
563,Betty Robinson,betty.robinson@protonmail.com,USA,5,Salem,Standard,2023-10-27
564,Donna Lee,donna.lee@yahoo.com,USA,4,Austin,Premium,2022-12-02
565,Jessica Taylor,jessica.taylor@hotmail.com,USA,4,Tulsa,Standard,2023-09-27
566,Margaret Davis,margaret.davis@yahoo.com,USA,4,New Orleans,Standard,2024-06-14
567,Kimberly Nguyen,kimberly.nguyen@gmail.com,USA,3,Columbus,Standard,2023-04-05
568,Henry Walker,henry.walker@protonmail.com,USA,4,New Orleans,Standard,2020-11-18
569,Amy Garcia,amy.garcia@protonmail.com,USA,4,Houston,Standard,2023-08-13
570,Karen Hall,karen.hall@icloud.com,USA,5,Salem,Standard,2021-10-10
571,Brenda Adams,brenda.adams@outlook.com,USA,5,Henderson,Standard,2020-02-13
572,Henry Harris,henry.harris@outlook.com,USA,5,Seattle,Premium,2023-12-18
573,Jeffrey Scott,jeffrey.scott@outlook.com,USA,4,Little Rock,Premium,2021-01-17
574,Anna Thompson,anna.thompson@outlook.com,USA,5,Tacoma,Premium,2020-11-24
575,William King,william.king@yahoo.com,USA,3,Lansing,Standard,2022-07-18
576,James Roberts,james.roberts@protonmail.com,USA,4,Oklahoma City,Premium,2022-01-15
577,Helen Thomas,helen.thomas@outlook.com,USA,5,Las Vegas,Premium,2023-10-31
578,Amy Roberts,amy.roberts@icloud.com,USA,1,Worcester,Standard,2023-08-05
579,Michelle Davis,michelle.davis@gmail.com,USA,4,Houston,Standard,2020-12-31
580,Michael Gonzalez,michael.gonzalez@gmail.com,USA,3,Chicago,Premium,2023-08-07
581,Deborah Nelson,deborah.nelson@hotmail.com,USA,4,New Orleans,Standard,2021-03-28
582,Nicole Rivera,nicole.rivera@gmail.com,USA,1,Trenton,Premium,2020-06-12
583,Cynthia Green,cynthia.green@gmail.com,USA,3,Saint Paul,VIP,2020-04-29
584,Walter Moore,walter.moore@icloud.com,USA,1,Buffalo,Standard,2021-03-18
585,Andrew Miller,andrew.miller@gmail.com,USA,5,Las Vegas,Standard,2022-12-13
586,Harold Thomas,harold.thomas@icloud.com,USA,4,Norman,VIP,2023-02-17
587,Rebecca Mitchell,rebecca.mitchell@gmail.com,USA,5,Tacoma,Standard,2023-12-09
588,Christine Ramirez,christine.ramirez@gmail.com,USA,1,Trenton,Standard,2022-10-30
589,Carol Nelson,carol.nelson@yahoo.com,USA,4,Fort Smith,Standard,2023-01-31
590,Michelle White,michelle.white@hotmail.com,USA,5,Henderson,Standard,2023-05-31
591,Kenneth Torres,kenneth.torres@icloud.com,USA,2,Raleigh,Standard,2022-07-05
592,Timothy Smith,timothy.smith@protonmail.com,USA,1,Springfield,Standard,2022-11-26
593,Sarah Martin,sarah.martin@gmail.com,USA,2,Atlanta,Standard,2020-02-14
594,Henry Moore,henry.moore@icloud.com,USA,4,Oklahoma City,Standard,2022-07-31
595,Amanda Martinez,amanda.martinez@yahoo.com,USA,2,Atlanta,Standard,2021-09-07
596,Jennifer Torres,jennifer.torres@hotmail.com,USA,4,Norman,Standard,2024-01-21
597,Michelle Walker,michelle.walker@yahoo.com,USA,3,Rockford,Premium,2021-09-07
598,Michael Campbell,michael.campbell@icloud.com,USA,3,Aurora,Standard,2022-06-08
599,Rebecca Davis,rebecca.davis@yahoo.com,USA,5,San Diego,VIP,2023-07-18
600,Gary Brown,gary.brown@outlook.com,USA,4,Shreveport,Premium,2020-11-02
601,Michelle Allen,michelle.allen@protonmail.com,USA,2,Tampa,VIP,2022-03-15
602,Laura Carter,laura.carter@icloud.com,USA,4,Houston,Standard,2021-08-16
603,Timothy Martinez,timothy.martinez@yahoo.com,USA,2,Greenville,VIP,2020-04-10
604,Gregory Sanchez,gregory.sanchez@outlook.com,USA,1,Bridgeport,Standard,2024-04-09
605,Sarah Walker,sarah.walker@icloud.com,USA,1,Bridgeport,Premium,2021-02-05
606,Brenda Flores,brenda.flores@protonmail.com,USA,4,Oklahoma City,Standard,2024-05-09
607,Sharon Lee,sharon.lee@protonmail.com,USA,6,Phoenix,Premium,2022-04-27
608,Larry White,larry.white@outlook.com,USA,1,Springfield,Premium,2020-02-19
609,Donna Hernandez,donna.hernandez@outlook.com,USA,4,Fayetteville,Standard,2022-06-21
610,Patricia Anderson,patricia.anderson@yahoo.com,USA,5,Eugene,Standard,2020-08-18
611,Ryan Brown,ryan.brown@yahoo.com,USA,6,Santa Fe,Standard,2021-12-04
612,Henry Davis,henry.davis@outlook.com,USA,3,Aurora,Standard,2024-02-24
613,Raymond Wilson,raymond.wilson@yahoo.com,USA,4,Shreveport,Premium,2023-06-29
614,Janet Martinez,janet.martinez@protonmail.com,USA,5,San Francisco,Premium,2023-09-20
615,Shirley Williams,shirley.williams@outlook.com,USA,1,Boston,VIP,2023-06-19
616,Edward Brown,edward.brown@hotmail.com,USA,5,Los Angeles,Standard,2023-09-14
617,Edward Nelson,edward.nelson@protonmail.com,USA,3,Chicago,Standard,2023-08-22
618,Deborah Anderson,deborah.anderson@hotmail.com,USA,4,Dallas,Premium,2023-05-07
619,Raymond Garcia,raymond.garcia@yahoo.com,USA,1,Bridgeport,VIP,2020-02-14
620,Patricia Thomas,patricia.thomas@icloud.com,USA,2,Charleston,VIP,2020-11-17
621,Robert Thompson,robert.thompson@protonmail.com,USA,3,Detroit,Premium,2021-07-18
622,Barbara Green,barbara.green@outlook.com,USA,5,San Diego,Standard,2021-04-06
623,Karen Perez,karen.perez@hotmail.com,USA,5,San Diego,Standard,2022-12-02
624,Douglas Flores,douglas.flores@protonmail.com,USA,5,Las Vegas,Premium,2020-11-08
625,Larry Martin,larry.martin@icloud.com,USA,2,Atlanta,Premium,2020-10-10
626,Jerry Wright,jerry.wright@protonmail.com,USA,5,Salem,VIP,2023-12-15
627,Shirley Rodriguez,shirley.rodriguez@hotmail.com,USA,6,Las Cruces,Premium,2020-11-19
628,Anthony Jones,anthony.jones@icloud.com,USA,4,Houston,Standard,2020-10-25
629,Janet Johnson,janet.johnson@outlook.com,USA,5,Reno,Standard,2022-06-26
630,Catherine Green,catherine.green@protonmail.com,USA,2,Atlanta,Standard,2021-01-13
631,Linda Carter,linda.carter@icloud.com,USA,4,Norman,Standard,2021-04-17
632,Debra Johnson,debra.johnson@outlook.com,USA,1,Hartford,Premium,2023-05-23
633,Scott Rivera,scott.rivera@protonmail.com,USA,3,Saint Paul,Premium,2020-10-08
634,Daniel Gonzalez,daniel.gonzalez@yahoo.com,USA,1,Buffalo,Standard,2021-03-31
635,Catherine Nelson,catherine.nelson@yahoo.com,USA,5,Los Angeles,Standard,2023-06-17
636,Eric Hall,eric.hall@outlook.com,USA,5,Salem,Standard,2024-05-08
637,Patricia Hill,patricia.hill@protonmail.com,USA,5,Spokane,Premium,2024-02-29
638,Pamela Hill,pamela.hill@icloud.com,USA,4,Austin,Standard,2022-07-13
639,Frank Williams,frank.williams@yahoo.com,USA,4,Fayetteville,Standard,2023-02-16
640,Deborah King,deborah.king@protonmail.com,USA,6,Santa Fe,Standard,2022-03-26
641,Ronald Roberts,ronald.roberts@outlook.com,USA,3,Saint Paul,Premium,2020-04-21
642,Henry King,henry.king@yahoo.com,USA,3,Minneapolis,VIP,2022-10-22
643,Thomas Lopez,thomas.lopez@icloud.com,USA,6,Santa Fe,Standard,2021-10-24
644,Laura Johnson,laura.johnson@yahoo.com,USA,3,Cleveland,Standard,2021-05-27
645,Michelle Hall,michelle.hall@protonmail.com,USA,6,Las Cruces,VIP,2020-09-10
646,Jennifer Davis,jennifer.davis@protonmail.com,USA,3,Detroit,Premium,2023-12-19
647,Deborah Campbell,deborah.campbell@icloud.com,USA,4,Tulsa,Premium,2022-02-18
648,Patricia Roberts,patricia.roberts@yahoo.com,USA,6,Albuquerque,Standard,2021-01-01
649,Carolyn Brown,carolyn.brown@hotmail.com,USA,2,Charleston,Premium,2021-01-05
650,Jessica Rodriguez,jessica.rodriguez@yahoo.com,USA,1,Boston,Standard,2022-10-16
651,Amy Wright,amy.wright@gmail.com,USA,4,Little Rock,Standard,2023-04-20
652,Harold Walker,harold.walker@hotmail.com,USA,3,Rockford,Premium,2020-01-14
653,Ashley Scott,ashley.scott@outlook.com,USA,4,Oklahoma City,Standard,2020-10-30
654,Barbara Adams,barbara.adams@outlook.com,USA,1,Rochester,Premium,2023-05-20
655,Ronald Perez,ronald.perez@gmail.com,USA,1,Hartford,Standard,2023-10-08
656,Brian Flores,brian.flores@protonmail.com,USA,5,Salem,VIP,2023-03-31
657,Matthew Williams,matthew.williams@gmail.com,USA,5,Spokane,Standard,2020-05-18
658,Maria Ramirez,maria.ramirez@icloud.com,USA,1,Hartford,Standard,2023-11-23
659,Kimberly Perez,kimberly.perez@icloud.com,USA,3,Cincinnati,Standard,2023-06-07
660,Barbara Miller,barbara.miller@icloud.com,USA,5,San Francisco,VIP,2023-11-11
661,Nicole Rivera,nicole.rivera@outlook.com,USA,3,Grand Rapids,Premium,2023-03-23
662,Helen Thompson,helen.thompson@yahoo.com,USA,4,Fayetteville,VIP,2023-07-18
663,Amy Young,amy.young@yahoo.com,USA,5,Eugene,Standard,2021-01-31
664,James Davis,james.davis@gmail.com,USA,3,Rockford,Standard,2024-06-25
665,Walter Clark,walter.clark@hotmail.com,USA,1,Springfield,Premium,2021-03-10
666,Maria Green,maria.green@yahoo.com,USA,5,Seattle,Standard,2021-09-06
667,Stephen Scott,stephen.scott@outlook.com,USA,5,San Diego,Standard,2021-11-30
668,Timothy Campbell,timothy.campbell@icloud.com,USA,4,Houston,Standard,2021-11-07
669,Carol Baker,carol.baker@hotmail.com,USA,6,Scottsdale,Standard,2022-09-13
670,Karen Green,karen.green@hotmail.com,USA,5,Spokane,Standard,2024-02-29
671,Barbara King,barbara.king@outlook.com,USA,4,Shreveport,Premium,2020-02-08
672,Donald Torres,donald.torres@protonmail.com,USA,2,Charlotte,Standard,2021-07-28
673,Linda Perez,linda.perez@hotmail.com,USA,4,Norman,Premium,2022-03-08
674,Nancy Hill,nancy.hill@gmail.com,USA,5,Tacoma,Standard,2023-12-24
675,Michael Moore,michael.moore@hotmail.com,USA,1,Jersey City,Standard,2021-09-11
676,Margaret King,margaret.king@outlook.com,USA,1,Boston,VIP,2021-02-17
677,Jennifer Lewis,jennifer.lewis@icloud.com,USA,1,Bridgeport,Standard,2021-01-24
678,Carol Walker,carol.walker@protonmail.com,USA,5,Spokane,Standard,2024-04-24
679,Joseph King,joseph.king@protonmail.com,USA,6,Las Cruces,Standard,2022-07-29
680,Deborah Rivera,deborah.rivera@icloud.com,USA,1,Boston,Premium,2023-05-02
681,Jennifer Perez,jennifer.perez@hotmail.com,USA,5,San Diego,VIP,2023-09-11
682,Catherine Martin,catherine.martin@gmail.com,USA,4,Shreveport,Standard,2021-10-19
683,Betty Gonzalez,betty.gonzalez@outlook.com,USA,2,Raleigh,Premium,2020-08-28
684,Edward Martinez,edward.martinez@yahoo.com,USA,2,Tampa,Premium,2022-11-18
685,Susan Wilson,susan.wilson@icloud.com,USA,3,Grand Rapids,Standard,2023-12-13
686,Brian Torres,brian.torres@yahoo.com,USA,1,Springfield,Standard,2023-01-12
687,Jeffrey Brown,jeffrey.brown@yahoo.com,USA,1,New York,Standard,2020-04-20
688,Jennifer Ramirez,jennifer.ramirez@hotmail.com,USA,1,Bridgeport,Standard,2021-10-01
689,Kevin Gonzalez,kevin.gonzalez@protonmail.com,USA,5,San Francisco,Premium,2020-09-26
690,Jennifer Hall,jennifer.hall@hotmail.com,USA,1,Springfield,Premium,2023-12-25
691,Cynthia Walker,cynthia.walker@yahoo.com,USA,6,Las Cruces,Standard,2022-01-14
692,Timothy Lopez,timothy.lopez@protonmail.com,USA,6,Colorado Springs,Standard,2022-09-25
693,Linda Jones,linda.jones@hotmail.com,USA,1,New Haven,Standard,2021-08-01
694,Jason Hill,jason.hill@icloud.com,USA,1,Buffalo,VIP,2024-06-19
695,Susan Lee,susan.lee@icloud.com,USA,4,Shreveport,Standard,2022-03-31
696,Emma Clark,emma.clark@yahoo.com,USA,4,Tulsa,Standard,2020-05-15
697,Carol Wilson,carol.wilson@protonmail.com,USA,4,Fayetteville,Standard,2023-01-20
698,Henry Thomas,henry.thomas@yahoo.com,USA,5,San Diego,VIP,2023-03-21
699,Eric Davis,eric.davis@icloud.com,USA,4,Shreveport,Standard,2022-06-30
700,Paul Martin,paul.martin@hotmail.com,USA,1,Rochester,Premium,2024-04-28
701,Gary Lee,gary.lee@hotmail.com,USA,4,Houston,Standard,2020-10-11
702,Jerry Carter,jerry.carter@protonmail.com,USA,5,Eugene,Standard,2022-07-16
703,Raymond Jackson,raymond.jackson@hotmail.com,USA,4,Little Rock,Standard,2023-10-27
704,Anthony Martin,anthony.martin@icloud.com,USA,5,Spokane,VIP,2021-12-06
705,Jennifer Nguyen,jennifer.nguyen@gmail.com,USA,4,Little Rock,Standard,2020-05-07
706,Melissa Scott,melissa.scott@gmail.com,USA,1,Boston,Standard,2020-03-04
707,Kenneth Ramirez,kenneth.ramirez@protonmail.com,USA,4,Shreveport,Standard,2022-04-11
708,Gary Ramirez,gary.ramirez@icloud.com,USA,2,Savannah,Standard,2021-01-20
709,Brenda Harris,brenda.harris@outlook.com,USA,5,Salem,Premium,2020-09-14
710,Sarah Smith,sarah.smith@gmail.com,USA,4,Norman,Premium,2023-09-09
711,Sharon Rodriguez,sharon.rodriguez@gmail.com,USA,1,New Haven,VIP,2023-05-22
712,Larry Flores,larry.flores@yahoo.com,USA,3,Duluth,Standard,2022-02-26
713,Amanda Anderson,amanda.anderson@yahoo.com,USA,3,Rockford,Premium,2024-02-05
714,Kenneth Rivera,kenneth.rivera@icloud.com,USA,2,Charlotte,Standard,2023-03-09
715,Kathleen Rivera,kathleen.rivera@outlook.com,USA,1,Bridgeport,Standard,2020-10-17
716,Janet Campbell,janet.campbell@icloud.com,USA,6,Colorado Springs,Premium,2020-06-09
717,Andrew Flores,andrew.flores@gmail.com,USA,2,Tampa,Premium,2023-01-09
718,Jerry Martin,jerry.martin@icloud.com,USA,1,Springfield,VIP,2020-01-23
719,Scott Robinson,scott.robinson@icloud.com,USA,6,Colorado Springs,Standard,2024-06-22
720,Emily Jackson,emily.jackson@yahoo.com,USA,1,Springfield,Premium,2021-06-17
721,Barbara Green,barbara.green@hotmail.com,USA,4,Austin,Standard,2024-02-19
722,Helen Johnson,helen.johnson@outlook.com,USA,3,Cincinnati,Standard,2024-05-24
723,Kimberly Taylor,kimberly.taylor@yahoo.com,USA,4,Baton Rouge,Standard,2024-02-27
724,Thomas Hill,thomas.hill@yahoo.com,USA,6,Las Cruces,Standard,2022-01-27
725,Paul Taylor,paul.taylor@protonmail.com,USA,2,Augusta,Standard,2021-12-03
726,Richard Martinez,richard.martinez@icloud.com,USA,6,Santa Fe,VIP,2022-04-25
727,Deborah Thomas,deborah.thomas@protonmail.com,USA,3,Columbus,Premium,2024-02-12
728,Jason Brown,jason.brown@protonmail.com,USA,2,Miami,Standard,2022-08-08
729,Stephanie Walker,stephanie.walker@outlook.com,USA,3,Cleveland,Premium,2023-12-16
730,Deborah Walker,deborah.walker@outlook.com,USA,1,Hartford,Standard,2024-06-20
731,Laura Harris,laura.harris@protonmail.com,USA,2,Miami,Premium,2023-07-29
732,Amanda Ramirez,amanda.ramirez@icloud.com,USA,6,Colorado Springs,Standard,2021-06-30
733,Joseph Taylor,joseph.taylor@protonmail.com,USA,4,Fayetteville,VIP,2021-05-10
734,Janet Baker,janet.baker@icloud.com,USA,5,Tacoma,VIP,2021-01-03
735,Anthony Scott,anthony.scott@gmail.com,USA,5,Los Angeles,Standard,2020-07-19
736,Shirley Miller,shirley.miller@protonmail.com,USA,3,Cincinnati,Standard,2021-05-30
737,Mark Williams,mark.williams@gmail.com,USA,4,Austin,Premium,2021-03-20
738,Dennis Green,dennis.green@gmail.com,USA,5,Los Angeles,Premium,2020-09-23
739,Gary Nelson,gary.nelson@protonmail.com,USA,4,Oklahoma City,VIP,2021-01-12
740,Steven Jackson,steven.jackson@hotmail.com,USA,5,San Diego,Standard,2021-07-20
741,Larry Hall,larry.hall@protonmail.com,USA,5,Spokane,Standard,2024-05-17
742,Elizabeth Moore,elizabeth.moore@gmail.com,USA,3,Detroit,Standard,2021-06-26
743,Paul Lewis,paul.lewis@gmail.com,USA,3,Cincinnati,Standard,2020-12-31
744,Peter Young,peter.young@gmail.com,USA,1,Hartford,Premium,2023-08-10
745,Susan Lewis,susan.lewis@protonmail.com,USA,2,Miami,Standard,2023-03-16
746,Janet Taylor,janet.taylor@hotmail.com,USA,1,Hartford,Premium,2023-08-04
747,James Williams,james.williams@protonmail.com,USA,3,Cincinnati,Standard,2022-03-12
748,Pamela Smith,pamela.smith@icloud.com,USA,5,Reno,Standard,2022-04-07
749,Janet Roberts,janet.roberts@gmail.com,USA,4,Dallas,VIP,2024-05-16
750,Kathleen Davis,kathleen.davis@icloud.com,USA,4,Baton Rouge,Premium,2021-09-12
751,Stephanie Brown,stephanie.brown@protonmail.com,USA,6,Tucson,Premium,2021-11-27
752,Richard Robinson,richard.robinson@outlook.com,USA,4,Norman,Standard,2022-02-25
753,Harold Gonzalez,harold.gonzalez@outlook.com,USA,5,San Diego,VIP,2022-01-05
754,Eric Garcia,eric.garcia@protonmail.com,USA,3,Columbus,Standard,2021-01-30
755,Linda Campbell,linda.campbell@icloud.com,USA,2,Columbia,Premium,2023-08-10
756,Donna Young,donna.young@icloud.com,USA,6,Salt Lake City,Standard,2021-11-25
757,Barbara Perez,barbara.perez@protonmail.com,USA,1,New York,Premium,2023-09-28
758,Andrew Robinson,andrew.robinson@protonmail.com,USA,5,Eugene,Premium,2021-04-22
759,Elizabeth Williams,elizabeth.williams@protonmail.com,USA,1,Buffalo,Premium,2020-04-03
760,Ashley Hall,ashley.hall@protonmail.com,USA,1,Trenton,Standard,2021-09-21
761,Joseph Robinson,joseph.robinson@icloud.com,USA,1,New York,Standard,2022-10-15
762,Dennis Flores,dennis.flores@yahoo.com,USA,1,Jersey City,Standard,2024-02-20
763,Douglas Sanchez,douglas.sanchez@outlook.com,USA,1,Jersey City,Standard,2024-04-14
764,Patricia Nguyen,patricia.nguyen@yahoo.com,USA,2,Orlando,Standard,2024-03-31
765,Rebecca Hernandez,rebecca.hernandez@protonmail.com,USA,3,Cleveland,Standard,2023-04-06
766,Patricia Rodriguez,patricia.rodriguez@gmail.com,USA,5,Las Vegas,Standard,2022-09-24
767,Richard Smith,richard.smith@gmail.com,USA,1,Rochester,Premium,2023-04-30
768,Brian Clark,brian.clark@protonmail.com,USA,5,Henderson,Standard,2021-02-26
769,Christopher Green,christopher.green@outlook.com,USA,4,Little Rock,Standard,2023-06-04
770,Henry Williams,henry.williams@icloud.com,USA,1,Bridgeport,Standard,2023-07-08
771,Ronald Thompson,ronald.thompson@hotmail.com,USA,1,Newark,Standard,2022-12-21
772,Joseph Flores,joseph.flores@outlook.com,USA,5,Salem,VIP,2023-07-06
773,Harold Wilson,harold.wilson@outlook.com,USA,1,New York,Premium,2022-08-29
774,Amy Lopez,amy.lopez@yahoo.com,USA,5,Los Angeles,Premium,2022-01-15
775,Brian Wilson,brian.wilson@hotmail.com,USA,2,Columbia,Standard,2024-02-25
776,David Wright,david.wright@yahoo.com,USA,1,Buffalo,Premium,2020-08-25
777,Elizabeth Thomas,elizabeth.thomas@protonmail.com,USA,3,Grand Rapids,Standard,2024-03-10
778,Douglas Lee,douglas.lee@yahoo.com,USA,5,Seattle,Standard,2021-04-30
779,Ryan Clark,ryan.clark@yahoo.com,USA,3,Columbus,Premium,2023-04-13
780,Eric Brown,eric.brown@hotmail.com,USA,1,Hartford,Standard,2022-02-03
781,Sarah Robinson,sarah.robinson@protonmail.com,USA,1,Worcester,Standard,2021-11-18
782,Charles Williams,charles.williams@protonmail.com,USA,4,New Orleans,Standard,2022-08-11
783,Frank Clark,frank.clark@yahoo.com,USA,5,Salem,Premium,2020-11-17
784,Samantha Flores,samantha.flores@yahoo.com,USA,4,Oklahoma City,Standard,2022-12-04
785,Eric Wilson,eric.wilson@icloud.com,USA,3,Saint Paul,Standard,2024-02-04
786,Larry Mitchell,larry.mitchell@yahoo.com,USA,2,Greenville,Standard,2023-04-26
787,Karen Torres,karen.torres@gmail.com,USA,3,Chicago,Premium,2024-02-11
788,Stephen Williams,stephen.williams@hotmail.com,USA,4,Fayetteville,Standard,2022-07-15
789,Amy Thomas,amy.thomas@gmail.com,USA,4,Austin,VIP,2022-04-12
790,Margaret Rodriguez,margaret.rodriguez@outlook.com,USA,2,Miami,Premium,2023-10-02
791,Donna Hernandez,donna.hernandez@protonmail.com,USA,3,Aurora,Standard,2024-04-29
792,Sarah Rivera,sarah.rivera@hotmail.com,USA,1,Springfield,Standard,2023-12-12
793,Samantha Smith,samantha.smith@protonmail.com,USA,1,Springfield,Standard,2021-08-30
794,Larry Carter,larry.carter@outlook.com,USA,5,Eugene,Standard,2023-06-24
795,Kevin Mitchell,kevin.mitchell@gmail.com,USA,4,New Orleans,Standard,2022-02-23
796,Matthew Robinson,matthew.robinson@icloud.com,USA,1,Boston,Premium,2023-02-18
797,Carl Jones,carl.jones@icloud.com,USA,5,Portland,Standard,2021-05-03
798,Anna Davis,anna.davis@protonmail.com,USA,3,Cincinnati,VIP,2021-04-06
799,Michelle Thompson,michelle.thompson@outlook.com,USA,4,Fort Smith,Standard,2020-05-09
800,Melissa Thompson,melissa.thompson@hotmail.com,USA,3,Aurora,VIP,2022-12-25
801,Douglas Wright,douglas.wright@outlook.com,USA,3,Lansing,VIP,2020-05-14
802,Mark Robinson,mark.robinson@gmail.com,USA,1,Jersey City,Standard,2020-08-11
803,Lisa Moore,lisa.moore@gmail.com,USA,5,Las Vegas,Standard,2022-12-02
804,Patrick Johnson,patrick.johnson@outlook.com,USA,3,Cleveland,Standard,2022-05-10
805,Jeffrey Mitchell,jeffrey.mitchell@protonmail.com,USA,1,Newark,Standard,2024-06-30
806,Sandra King,sandra.king@protonmail.com,USA,2,Greensboro,Premium,2024-05-30
807,Michelle Young,michelle.young@icloud.com,USA,5,Reno,Standard,2023-03-07
808,Charles Martin,charles.martin@yahoo.com,USA,5,Salem,Standard,2021-08-13
809,David Martinez,david.martinez@outlook.com,USA,2,Augusta,Standard,2023-12-28
810,Raymond Jackson,raymond.jackson@yahoo.com,USA,6,Albuquerque,Standard,2020-08-27
811,Patricia Lee,patricia.lee@icloud.com,USA,1,Worcester,Standard,2021-02-24
812,Brenda Rivera,brenda.rivera@gmail.com,USA,5,Seattle,Standard,2022-07-07
813,Anna Hernandez,anna.hernandez@icloud.com,USA,2,Orlando,Premium,2024-04-22
814,Christopher Robinson,christopher.robinson@outlook.com,USA,1,Springfield,VIP,2021-08-28
815,Scott Jackson,scott.jackson@icloud.com,USA,5,Reno,VIP,2020-08-18
816,Janet Walker,janet.walker@gmail.com,USA,1,Buffalo,Standard,2022-04-02
817,Helen Anderson,helen.anderson@hotmail.com,USA,3,Detroit,Premium,2023-08-06
818,Mark Nguyen,mark.nguyen@icloud.com,USA,2,Charlotte,Standard,2020-06-20
819,Raymond Lewis,raymond.lewis@protonmail.com,USA,5,San Diego,Standard,2021-02-02
820,Eric Lee,eric.lee@icloud.com,USA,4,Austin,Standard,2022-03-25
821,Christopher Rivera,christopher.rivera@hotmail.com,USA,3,Detroit,Standard,2021-12-07
822,Jason Martin,jason.martin@hotmail.com,USA,5,Los Angeles,VIP,2022-06-28
823,Ryan Clark,ryan.clark@hotmail.com,USA,2,Greenville,Standard,2020-10-12
824,Emma Hill,emma.hill@gmail.com,USA,1,Worcester,Premium,2021-11-17
825,William Nguyen,william.nguyen@hotmail.com,USA,1,Bridgeport,Standard,2022-04-28
826,Paul Scott,paul.scott@hotmail.com,USA,5,Portland,Standard,2022-02-20
827,Emily Scott,emily.scott@hotmail.com,USA,1,Springfield,Standard,2022-10-08
828,Brenda Mitchell,brenda.mitchell@hotmail.com,USA,2,Miami,Standard,2021-09-06
829,Samantha Green,samantha.green@hotmail.com,USA,1,Worcester,Standard,2022-10-04
830,Henry Adams,henry.adams@yahoo.com,USA,1,Worcester,Standard,2023-05-11
831,Catherine White,catherine.white@icloud.com,USA,3,Saint Paul,Premium,2023-11-05
832,Scott Hall,scott.hall@gmail.com,USA,3,Aurora,Standard,2023-04-06
833,Barbara Martinez,barbara.martinez@outlook.com,USA,3,Cleveland,Standard,2020-04-18
834,Edward White,edward.white@hotmail.com,USA,4,New Orleans,Standard,2021-08-20
835,Shirley Green,shirley.green@gmail.com,USA,4,Oklahoma City,Premium,2024-03-21
836,Lisa Wright,lisa.wright@outlook.com,USA,5,Spokane,Premium,2023-11-30
837,Henry White,henry.white@gmail.com,USA,4,New Orleans,Standard,2020-10-07
838,Andrew Jackson,andrew.jackson@outlook.com,USA,5,Reno,Standard,2020-07-28
839,Margaret Martinez,margaret.martinez@icloud.com,USA,2,Augusta,Premium,2023-11-13
840,Shirley Wright,shirley.wright@protonmail.com,USA,4,Dallas,Standard,2020-06-05
841,Thomas Rodriguez,thomas.rodriguez@gmail.com,USA,3,Lansing,Standard,2020-10-11
842,Jeffrey Hill,jeffrey.hill@icloud.com,USA,5,Seattle,VIP,2021-09-15
843,Linda Mitchell,linda.mitchell@gmail.com,USA,2,Augusta,Standard,2021-09-21
844,Charles Wilson,charles.wilson@yahoo.com,USA,6,Ogden,VIP,2024-05-24
845,Thomas Jones,thomas.jones@gmail.com,USA,5,Las Vegas,Standard,2020-08-08
846,Michael Nelson,michael.nelson@icloud.com,USA,4,Little Rock,Standard,2020-03-29
847,William Martin,william.martin@protonmail.com,USA,1,New York,Premium,2021-02-24
848,Emma Gonzalez,emma.gonzalez@yahoo.com,USA,5,Los Angeles,Standard,2024-03-08
849,Kimberly Nguyen,kimberly.nguyen@outlook.com,USA,3,Cincinnati,Premium,2020-05-19
850,Joseph Nguyen,joseph.nguyen@gmail.com,USA,4,Tulsa,Standard,2024-03-24
851,Raymond Smith,raymond.smith@protonmail.com,USA,1,Trenton,VIP,2022-08-30
852,Matthew Hall,matthew.hall@icloud.com,USA,1,New York,Standard,2022-02-16
853,Larry Wilson,larry.wilson@icloud.com,USA,2,Orlando,Standard,2022-08-12
854,Thomas King,thomas.king@yahoo.com,USA,3,Lansing,Standard,2023-02-15
855,Arthur Williams,arthur.williams@gmail.com,USA,2,Orlando,Standard,2022-07-24
856,Dennis Mitchell,dennis.mitchell@outlook.com,USA,5,Las Vegas,Premium,2022-04-14
857,Emily Ramirez,emily.ramirez@yahoo.com,USA,5,Henderson,Standard,2021-01-02
858,Maria Baker,maria.baker@hotmail.com,USA,5,Reno,Premium,2023-09-10
859,Douglas Garcia,douglas.garcia@gmail.com,USA,1,Bridgeport,Premium,2020-07-27
860,Ryan Hernandez,ryan.hernandez@gmail.com,USA,3,Cleveland,Standard,2023-05-03
861,Stephanie Davis,stephanie.davis@yahoo.com,USA,5,Reno,VIP,2024-01-01
862,Jerry Nguyen,jerry.nguyen@outlook.com,USA,5,Reno,Premium,2023-09-27
863,Nicole Sanchez,nicole.sanchez@hotmail.com,USA,4,Tulsa,Standard,2020-09-07
864,Steven Young,steven.young@hotmail.com,USA,2,Atlanta,Standard,2024-02-20
865,David Jones,david.jones@hotmail.com,USA,5,Salem,Premium,2023-10-23
866,Michelle Martinez,michelle.martinez@outlook.com,USA,4,Houston,Premium,2024-03-19
867,Andrew Roberts,andrew.roberts@hotmail.com,USA,5,Salem,Premium,2022-10-16
868,Eric Allen,eric.allen@outlook.com,USA,4,Houston,Standard,2020-08-31
869,Deborah Lewis,deborah.lewis@outlook.com,USA,5,Reno,Standard,2020-03-08
870,Paul Scott,paul.scott@protonmail.com,USA,5,Tacoma,Standard,2022-10-03
871,Sharon Rodriguez,sharon.rodriguez@outlook.com,USA,5,Las Vegas,Premium,2023-10-14
872,Eric Nelson,eric.nelson@icloud.com,USA,5,Reno,Premium,2020-11-16
873,Stephen Brown,stephen.brown@hotmail.com,USA,2,Greenville,Premium,2021-12-23
874,Brian Lee,brian.lee@gmail.com,USA,1,New York,Standard,2021-12-15
875,Ryan Nguyen,ryan.nguyen@gmail.com,USA,5,Spokane,Standard,2022-05-26
876,Jason Thompson,jason.thompson@hotmail.com,USA,3,Columbus,Standard,2023-08-20
877,Donna Nguyen,donna.nguyen@gmail.com,USA,6,Tucson,Standard,2021-11-22
878,Lisa Johnson,lisa.johnson@icloud.com,USA,2,Greenville,Standard,2023-03-09
879,Angela Clark,angela.clark@outlook.com,USA,1,Bridgeport,Standard,2021-10-10
880,Gary Torres,gary.torres@hotmail.com,USA,2,Orlando,Standard,2023-11-15
881,Douglas Wilson,douglas.wilson@outlook.com,USA,3,Detroit,Premium,2021-09-05
882,Matthew Ramirez,matthew.ramirez@yahoo.com,USA,3,Rockford,Standard,2021-08-11
883,Dorothy Brown,dorothy.brown@outlook.com,USA,6,Salt Lake City,Premium,2024-03-01
884,Jennifer Rivera,jennifer.rivera@icloud.com,USA,1,Worcester,Standard,2023-03-06
885,Shirley Walker,shirley.walker@hotmail.com,USA,2,Tampa,Standard,2022-10-30
886,Ronald Ramirez,ronald.ramirez@protonmail.com,USA,4,Tulsa,Standard,2021-05-29
887,Helen Allen,helen.allen@hotmail.com,USA,5,Portland,Premium,2023-12-11
888,Andrew Lopez,andrew.lopez@icloud.com,USA,3,Saint Paul,Premium,2022-12-27
889,Walter Roberts,walter.roberts@hotmail.com,USA,6,Scottsdale,Standard,2022-01-16
890,Cynthia Martinez,cynthia.martinez@yahoo.com,USA,1,Worcester,Standard,2021-10-14
891,William Green,william.green@yahoo.com,USA,5,Spokane,Premium,2020-11-24
892,Steven Baker,steven.baker@icloud.com,USA,2,Atlanta,Standard,2021-01-28
893,Linda Thomas,linda.thomas@outlook.com,USA,3,Saint Paul,Premium,2020-03-16
894,Betty Hernandez,betty.hernandez@outlook.com,USA,1,Worcester,Premium,2023-02-01
895,Paul Adams,paul.adams@gmail.com,USA,6,Salt Lake City,Standard,2020-06-20
896,Anthony Hill,anthony.hill@outlook.com,USA,5,Reno,Premium,2023-09-08
897,Jennifer Sanchez,jennifer.sanchez@protonmail.com,USA,5,Portland,Premium,2024-02-13
898,Stephen Davis,stephen.davis@icloud.com,USA,5,Spokane,Standard,2021-05-02
899,Dennis Davis,dennis.davis@outlook.com,USA,2,Greenville,VIP,2021-04-28
900,Larry Wilson,larry.wilson@yahoo.com,USA,1,Jersey City,Standard,2022-04-16
901,Steven Nguyen,steven.nguyen@gmail.com,USA,3,Lansing,Standard,2021-10-10
902,Anna Ramirez,anna.ramirez@hotmail.com,USA,5,Seattle,Standard,2022-08-31
903,Carolyn White,carolyn.white@outlook.com,USA,1,Rochester,Premium,2024-06-24
904,David Hall,david.hall@protonmail.com,USA,2,Charleston,Premium,2023-12-05
905,Matthew Baker,matthew.baker@gmail.com,USA,4,Tulsa,Standard,2020-01-17
906,Timothy Taylor,timothy.taylor@outlook.com,USA,1,Jersey City,Standard,2020-11-24
907,Jeffrey Green,jeffrey.green@outlook.com,USA,5,Las Vegas,Standard,2020-06-13
908,Eric Walker,eric.walker@protonmail.com,USA,3,Lansing,Standard,2020-07-24
909,Daniel Hall,daniel.hall@outlook.com,USA,4,Baton Rouge,Premium,2024-02-02
910,Gregory Mitchell,gregory.mitchell@outlook.com,USA,3,Chicago,Premium,2023-08-06
911,Nancy Green,nancy.green@hotmail.com,USA,5,Portland,Standard,2021-02-13
912,Patrick Martin,patrick.martin@outlook.com,USA,4,Houston,Standard,2022-11-23
913,Carolyn Roberts,carolyn.roberts@protonmail.com,USA,5,Reno,Standard,2022-09-06
914,Ryan Rodriguez,ryan.rodriguez@outlook.com,USA,1,Worcester,Standard,2020-06-21
915,Rebecca White,rebecca.white@yahoo.com,USA,3,Duluth,Standard,2020-02-12
916,Robert Scott,robert.scott@protonmail.com,USA,4,Oklahoma City,Standard,2021-02-10
917,Dorothy Hall,dorothy.hall@yahoo.com,USA,1,Bridgeport,Standard,2020-11-01
918,Jennifer White,jennifer.white@yahoo.com,USA,6,Phoenix,VIP,2022-12-12
919,Sharon Roberts,sharon.roberts@hotmail.com,USA,5,Las Vegas,Standard,2024-01-01
920,Donald Gonzalez,donald.gonzalez@outlook.com,USA,2,Charleston,Standard,2022-06-02
921,Donald Hill,donald.hill@yahoo.com,USA,6,Boulder,Premium,2021-01-22
922,Rebecca Lopez,rebecca.lopez@hotmail.com,USA,5,San Francisco,Standard,2021-04-27
923,Helen Lewis,helen.lewis@yahoo.com,USA,3,Minneapolis,Standard,2022-08-18
924,Sarah Lee,sarah.lee@protonmail.com,USA,3,Cincinnati,Standard,2023-12-21
925,Larry Mitchell,larry.mitchell@icloud.com,USA,2,Tampa,Standard,2020-04-16
926,Kevin Thomas,kevin.thomas@hotmail.com,USA,6,Phoenix,Standard,2022-10-30
927,Helen Harris,helen.harris@outlook.com,USA,6,Denver,Premium,2020-03-25
928,Jerry Lopez,jerry.lopez@outlook.com,USA,1,New Haven,Standard,2020-09-27
929,Jennifer Lee,jennifer.lee@protonmail.com,USA,4,Tulsa,Standard,2021-10-03
930,Patricia Rodriguez,patricia.rodriguez@hotmail.com,USA,5,Tacoma,Standard,2022-05-30
931,Brian Taylor,brian.taylor@icloud.com,USA,5,Tacoma,Standard,2022-06-11
932,Lisa Lee,lisa.lee@protonmail.com,USA,6,Las Cruces,Premium,2023-07-27
933,Jeffrey Brown,jeffrey.brown@yahoo.com,USA,1,Newark,Standard,2022-08-21
934,Dorothy Hernandez,dorothy.hernandez@protonmail.com,USA,3,Aurora,Standard,2022-06-23
935,Amanda Rivera,amanda.rivera@icloud.com,USA,3,Minneapolis,VIP,2020-10-30
936,Jessica Thompson,jessica.thompson@gmail.com,USA,2,Charlotte,Standard,2024-03-15
937,Angela Moore,angela.moore@icloud.com,USA,5,Eugene,Standard,2022-12-13
938,Pamela Lopez,pamela.lopez@hotmail.com,USA,6,Santa Fe,Premium,2020-07-12
939,Kevin Johnson,kevin.johnson@outlook.com,USA,5,San Francisco,Standard,2023-04-24
940,Susan Lee,susan.lee@yahoo.com,USA,1,Bridgeport,Premium,2022-09-09
941,Frank Green,frank.green@outlook.com,USA,4,Dallas,Standard,2023-09-05
942,Helen Lewis,helen.lewis@outlook.com,USA,6,Albuquerque,Standard,2024-06-29
943,Peter Jackson,peter.jackson@outlook.com,USA,5,San Diego,Premium,2022-02-20
944,Jennifer Sanchez,jennifer.sanchez@outlook.com,USA,1,Hartford,Standard,2021-03-02
945,Daniel Harris,daniel.harris@hotmail.com,USA,2,Atlanta,Standard,2022-10-02
946,Sharon Mitchell,sharon.mitchell@outlook.com,USA,6,Santa Fe,Premium,2020-07-15
947,Melissa Allen,melissa.allen@yahoo.com,USA,3,Saint Paul,Standard,2023-02-27
948,Dennis Ramirez,dennis.ramirez@gmail.com,USA,5,Tacoma,Standard,2022-06-08
949,Patrick Ramirez,patrick.ramirez@gmail.com,USA,1,Worcester,Premium,2021-04-04
950,Peter Baker,peter.baker@protonmail.com,USA,1,Bridgeport,Premium,2023-08-18
951,Shirley Garcia,shirley.garcia@outlook.com,USA,3,Aurora,Standard,2020-10-31
952,Charles Baker,charles.baker@outlook.com,USA,5,Reno,Premium,2020-04-07
953,Gregory Jones,gregory.jones@gmail.com,USA,4,Fort Smith,Standard,2022-08-09
954,Harold Campbell,harold.campbell@icloud.com,USA,5,Spokane,Premium,2020-06-16
955,Stephen Johnson,stephen.johnson@gmail.com,USA,5,Las Vegas,Standard,2022-03-15
956,Patricia Garcia,patricia.garcia@hotmail.com,USA,5,Spokane,Premium,2024-01-22
957,Frank Carter,frank.carter@protonmail.com,USA,3,Grand Rapids,Standard,2021-03-08
958,Nancy Garcia,nancy.garcia@protonmail.com,USA,6,Boulder,Standard,2022-06-07
959,Raymond Johnson,raymond.johnson@gmail.com,USA,3,Chicago,Premium,2022-09-04
960,Frank Hall,frank.hall@hotmail.com,USA,5,Reno,Premium,2023-06-17
961,Matthew Hall,matthew.hall@protonmail.com,USA,6,Provo,Standard,2020-09-13
962,Sarah Smith,sarah.smith@yahoo.com,USA,1,Rochester,Standard,2020-02-24
963,Donald Walker,donald.walker@protonmail.com,USA,1,Jersey City,Premium,2024-06-05
964,Raymond Gonzalez,raymond.gonzalez@gmail.com,USA,2,Columbia,Premium,2022-05-14
965,Robert Davis,robert.davis@yahoo.com,USA,6,Provo,Premium,2020-02-10
966,Laura Nguyen,laura.nguyen@yahoo.com,USA,2,Columbia,Standard,2020-01-17
967,Susan Green,susan.green@protonmail.com,USA,3,Saint Paul,VIP,2023-03-31
968,Dennis Campbell,dennis.campbell@icloud.com,USA,6,Tucson,Standard,2022-09-22
969,Angela Nguyen,angela.nguyen@protonmail.com,USA,4,Little Rock,VIP,2020-05-04
970,Shirley Johnson,shirley.johnson@hotmail.com,USA,4,Dallas,Premium,2022-05-04
971,Scott Davis,scott.davis@hotmail.com,USA,4,Baton Rouge,VIP,2022-06-12
972,Robert Hernandez,robert.hernandez@outlook.com,USA,5,Reno,Standard,2021-04-20
973,Stephen Anderson,stephen.anderson@icloud.com,USA,6,Boulder,VIP,2023-09-07
974,Cynthia Rodriguez,cynthia.rodriguez@outlook.com,USA,5,Reno,Premium,2023-08-29
975,Ryan White,ryan.white@hotmail.com,USA,5,Eugene,Standard,2021-08-01
976,Henry Mitchell,henry.mitchell@gmail.com,USA,5,Portland,Standard,2020-11-16
977,Nicole Young,nicole.young@gmail.com,USA,5,Reno,Standard,2021-03-04
978,Brenda Brown,brenda.brown@gmail.com,USA,3,Grand Rapids,Premium,2020-11-20
979,Paul Allen,paul.allen@gmail.com,USA,5,Spokane,Standard,2023-06-18
980,Sandra Davis,sandra.davis@icloud.com,USA,2,Raleigh,Standard,2024-04-24
981,Patricia Roberts,patricia.roberts@icloud.com,USA,2,Augusta,Premium,2023-05-22
982,Christine Miller,christine.miller@protonmail.com,USA,1,New Haven,VIP,2020-08-15
983,Susan Flores,susan.flores@icloud.com,USA,5,San Diego,Standard,2022-11-04
984,Susan Hernandez,susan.hernandez@protonmail.com,USA,1,Jersey City,Standard,2024-01-31
985,Emily Rivera,emily.rivera@hotmail.com,USA,5,Henderson,Standard,2020-11-11
986,Peter White,peter.white@outlook.com,USA,5,Los Angeles,Standard,2022-05-01
987,James Thomas,james.thomas@hotmail.com,USA,2,Atlanta,Standard,2022-02-01
988,Carolyn Carter,carolyn.carter@hotmail.com,USA,3,Columbus,VIP,2024-03-23
989,Shirley Clark,shirley.clark@yahoo.com,USA,1,New Haven,Standard,2022-07-28
990,Andrew Baker,andrew.baker@outlook.com,USA,6,Salt Lake City,VIP,2020-01-21
991,Carolyn King,carolyn.king@gmail.com,USA,1,Worcester,VIP,2020-12-02
992,Sharon Brown,sharon.brown@hotmail.com,USA,5,Eugene,Standard,2023-07-17
993,Carolyn Nelson,carolyn.nelson@icloud.com,USA,6,Provo,Premium,2023-12-06
994,Gregory Martin,gregory.martin@protonmail.com,USA,5,Seattle,Standard,2022-12-16
995,Walter Martinez,walter.martinez@protonmail.com,USA,3,Cincinnati,Premium,2024-06-02
996,Helen Adams,helen.adams@hotmail.com,USA,5,Las Vegas,Standard,2020-06-21
997,Michael Wright,michael.wright@outlook.com,USA,3,Cincinnati,Premium,2021-08-04
998,Margaret Garcia,margaret.garcia@icloud.com,USA,4,Shreveport,Standard,2020-02-17
999,Linda Wright,linda.wright@icloud.com,USA,2,Greensboro,Standard,2022-10-31
1000,Thomas Campbell,thomas.campbell@gmail.com,USA,5,Tacoma,Premium,2021-12-26
1001,Jessica Brown,jessica.brown@protonmail.com,USA,6,Provo,Premium,2024-02-18
1002,James Robinson,james.robinson@outlook.com,USA,6,Santa Fe,Standard,2021-08-05
1003,Christine Rivera,christine.rivera@icloud.com,USA,5,Henderson,VIP,2021-05-22
1004,Susan Lee,susan.lee@icloud.com,USA,4,Baton Rouge,Standard,2020-10-27
1005,Carolyn Ramirez,carolyn.ramirez@hotmail.com,USA,1,Buffalo,Standard,2022-09-02
1006,Margaret Lewis,margaret.lewis@gmail.com,USA,3,Duluth,Premium,2022-11-28
1007,Timothy Taylor,timothy.taylor@icloud.com,USA,3,Saint Paul,VIP,2022-09-29
1008,Janet Clark,janet.clark@yahoo.com,USA,1,Jersey City,VIP,2022-07-26
1009,Charles Rivera,charles.rivera@icloud.com,USA,5,San Diego,Standard,2022-07-21
1010,Scott Williams,scott.williams@protonmail.com,USA,1,Boston,Premium,2022-04-16
1011,Thomas Davis,thomas.davis@outlook.com,USA,4,Austin,Standard,2020-08-29
1012,Melissa Martin,melissa.martin@outlook.com,USA,2,Columbia,Standard,2020-10-18
1013,Emma Clark,emma.clark@gmail.com,USA,6,Colorado Springs,Standard,2021-01-09
1014,Ryan Young,ryan.young@gmail.com,USA,1,Boston,Standard,2022-05-05
1015,Kathleen Torres,kathleen.torres@outlook.com,USA,4,Baton Rouge,Premium,2024-01-14
1016,Nicole Rodriguez,nicole.rodriguez@yahoo.com,USA,4,Fort Smith,Premium,2022-07-08
1017,Karen Campbell,karen.campbell@outlook.com,USA,1,New Haven,Standard,2022-03-20
1018,Carol Wright,carol.wright@gmail.com,USA,6,Ogden,Standard,2023-08-15
1019,Jennifer Hernandez,jennifer.hernandez@protonmail.com,USA,1,Springfield,Premium,2020-09-10
1020,Peter Scott,peter.scott@gmail.com,USA,1,Rochester,Premium,2021-01-22
1021,Roger Walker,roger.walker@icloud.com,USA,5,San Diego,Premium,2021-01-03
1022,Robert Moore,robert.moore@yahoo.com,USA,2,Columbia,Premium,2023-05-27
1023,Michelle Sanchez,michelle.sanchez@icloud.com,USA,1,Buffalo,Standard,2021-01-04
1024,Rebecca Johnson,rebecca.johnson@icloud.com,USA,2,Charlotte,Standard,2020-07-22
1025,Anna Hernandez,anna.hernandez@outlook.com,USA,1,Boston,Standard,2021-09-20
1026,Jose Baker,jose.baker@yahoo.com,USA,1,Boston,Standard,2023-12-31
1027,Barbara Martin,barbara.martin@hotmail.com,USA,1,Jersey City,Standard,2021-06-12
1028,Gary Davis,gary.davis@gmail.com,USA,2,Savannah,Premium,2024-03-20
1029,Stephen Harris,stephen.harris@gmail.com,USA,2,Raleigh,Premium,2022-04-13
1030,William Walker,william.walker@gmail.com,USA,3,Columbus,Standard,2023-02-08
1031,Emma Baker,emma.baker@gmail.com,USA,2,Savannah,Premium,2022-04-13
1032,Laura Garcia,laura.garcia@protonmail.com,USA,4,Tulsa,Premium,2020-12-10
1033,Ashley Wright,ashley.wright@hotmail.com,USA,6,Salt Lake City,Standard,2022-08-09
1034,Helen Jackson,helen.jackson@protonmail.com,USA,6,Phoenix,Premium,2021-07-13
1035,Dennis Taylor,dennis.taylor@protonmail.com,USA,3,Lansing,Standard,2023-04-13
1036,Angela Jackson,angela.jackson@gmail.com,USA,1,Buffalo,Standard,2022-03-20
1037,Rachel Davis,rachel.davis@yahoo.com,USA,5,Spokane,Standard,2023-06-04
1038,Stephen Lee,stephen.lee@protonmail.com,USA,6,Boulder,Standard,2021-07-13
1039,Ashley Nelson,ashley.nelson@outlook.com,USA,2,Greenville,Standard,2020-02-02
1040,Henry Rodriguez,henry.rodriguez@protonmail.com,USA,6,Salt Lake City,Standard,2023-10-09
1041,Paul Clark,paul.clark@icloud.com,USA,5,Reno,Premium,2020-06-15
1042,Katherine Adams,katherine.adams@gmail.com,USA,4,Fayetteville,Standard,2021-12-23
1043,Gary Hill,gary.hill@outlook.com,USA,3,Chicago,Standard,2022-01-28
1044,Mark Lewis,mark.lewis@gmail.com,USA,2,Orlando,Premium,2023-12-23
1045,Amanda Gonzalez,amanda.gonzalez@gmail.com,USA,5,Tacoma,Standard,2021-04-24
1046,Amy White,amy.white@gmail.com,USA,2,Atlanta,Standard,2023-07-31
1047,Timothy Davis,timothy.davis@outlook.com,USA,4,Little Rock,Premium,2021-01-31
1048,Harold Mitchell,harold.mitchell@icloud.com,USA,5,Portland,Premium,2020-09-19
1049,Catherine Jones,catherine.jones@yahoo.com,USA,2,Augusta,VIP,2024-05-21
1050,Kimberly Gonzalez,kimberly.gonzalez@protonmail.com,USA,1,Springfield,Premium,2022-07-18
1051,James Ramirez,james.ramirez@protonmail.com,USA,5,San Francisco,Standard,2022-04-13
1052,Kimberly Davis,kimberly.davis@protonmail.com,USA,4,Fort Smith,Premium,2024-04-03
1053,Patricia Campbell,patricia.campbell@yahoo.com,USA,1,Bridgeport,Standard,2021-10-09
1054,James Sanchez,james.sanchez@yahoo.com,USA,2,Tampa,Standard,2023-11-13
1055,Larry Jones,larry.jones@yahoo.com,USA,1,Worcester,Standard,2023-07-06
1056,Patrick Miller,patrick.miller@gmail.com,USA,3,Rockford,Premium,2021-11-15
1057,Steven Thomas,steven.thomas@gmail.com,USA,3,Detroit,Standard,2022-11-30
1058,Kenneth Jones,kenneth.jones@icloud.com,USA,4,Austin,Standard,2023-03-31
1059,Jessica Garcia,jessica.garcia@gmail.com,USA,6,Provo,VIP,2020-05-13
1060,Charles Brown,charles.brown@hotmail.com,USA,1,Hartford,Standard,2023-10-19
1061,Barbara Scott,barbara.scott@gmail.com,USA,2,Charleston,Standard,2023-06-18
1062,Roger Clark,roger.clark@yahoo.com,USA,5,San Francisco,Standard,2022-08-08
1063,Larry Flores,larry.flores@icloud.com,USA,1,Buffalo,Premium,2021-11-03
1064,Emma Gonzalez,emma.gonzalez@gmail.com,USA,1,Rochester,Standard,2023-03-19
1065,Charles Green,charles.green@icloud.com,USA,2,Charleston,VIP,2023-06-25
1066,Jeffrey Lopez,jeffrey.lopez@yahoo.com,USA,1,New York,Standard,2021-09-30
1067,Jerry Ramirez,jerry.ramirez@icloud.com,USA,6,Colorado Springs,Premium,2023-01-13
1068,Christopher Martinez,christopher.martinez@hotmail.com,USA,2,Raleigh,Standard,2020-01-17
1069,Andrew Nguyen,andrew.nguyen@protonmail.com,USA,5,Los Angeles,Premium,2023-02-19
1070,David Ramirez,david.ramirez@outlook.com,USA,1,Trenton,Standard,2024-05-27
1071,William Perez,william.perez@yahoo.com,USA,5,Henderson,VIP,2021-11-09
1072,Jerry Torres,jerry.torres@outlook.com,USA,4,Fort Smith,Standard,2020-08-02
1073,Frank Williams,frank.williams@hotmail.com,USA,2,Tampa,Standard,2023-11-20
1074,Sandra Robinson,sandra.robinson@icloud.com,USA,2,Greenville,VIP,2021-11-09
1075,Ryan Harris,ryan.harris@yahoo.com,USA,3,Aurora,Standard,2020-05-31
1076,Amanda Johnson,amanda.johnson@icloud.com,USA,1,Worcester,Standard,2023-07-16
1077,Jerry Carter,jerry.carter@outlook.com,USA,1,New York,Standard,2021-08-04
1078,Paul Anderson,paul.anderson@outlook.com,USA,5,Tacoma,Standard,2020-12-31
1079,Betty Johnson,betty.johnson@yahoo.com,USA,5,Los Angeles,Premium,2020-10-08
1080,Gary Adams,gary.adams@gmail.com,USA,2,Savannah,Standard,2021-05-06
1081,Melissa White,melissa.white@protonmail.com,USA,1,Bridgeport,Standard,2020-08-30
1082,Christopher Rodriguez,christopher.rodriguez@yahoo.com,USA,1,Bridgeport,Standard,2021-10-13
1083,Dennis Ramirez,dennis.ramirez@protonmail.com,USA,2,Tampa,Premium,2021-01-22
1084,Raymond Jackson,raymond.jackson@yahoo.com,USA,2,Tampa,Standard,2020-09-15
1085,Angela Nguyen,angela.nguyen@hotmail.com,USA,2,Orlando,Premium,2023-06-13
1086,William Hernandez,william.hernandez@icloud.com,USA,3,Grand Rapids,Premium,2022-08-08
1087,Paul Lee,paul.lee@protonmail.com,USA,3,Duluth,Premium,2022-08-28
1088,Edward Nguyen,edward.nguyen@hotmail.com,USA,4,Houston,Standard,2021-02-19
1089,Laura Thomas,laura.thomas@hotmail.com,USA,2,Charleston,Premium,2020-11-17
1090,Melissa Taylor,melissa.taylor@icloud.com,USA,1,Buffalo,Standard,2022-11-28
1091,Amanda Anderson,amanda.anderson@icloud.com,USA,1,Worcester,Standard,2022-08-15
1092,Sharon Clark,sharon.clark@outlook.com,USA,5,Spokane,Standard,2020-02-20
1093,Paul Lewis,paul.lewis@yahoo.com,USA,2,Orlando,Standard,2021-08-26
1094,Stephen Allen,stephen.allen@icloud.com,USA,4,New Orleans,Standard,2020-08-30
1095,Elizabeth White,elizabeth.white@gmail.com,USA,4,New Orleans,Premium,2021-11-05
1096,Steven Martin,steven.martin@protonmail.com,USA,5,Seattle,VIP,2023-05-22
1097,Sarah Carter,sarah.carter@protonmail.com,USA,5,Seattle,VIP,2021-09-05
1098,Brian Thompson,brian.thompson@hotmail.com,USA,6,Tucson,Premium,2022-11-15
1099,Maria Martinez,maria.martinez@hotmail.com,USA,2,Savannah,Standard,2022-11-22
1100,Emma Scott,emma.scott@hotmail.com,USA,5,Reno,Standard,2021-10-03
1101,Mark Ramirez,mark.ramirez@protonmail.com,USA,3,Saint Paul,Premium,2020-03-02
1102,Melissa Rodriguez,melissa.rodriguez@icloud.com,USA,5,Tacoma,Standard,2022-10-20
1103,Harold Thompson,harold.thompson@outlook.com,USA,2,Greenville,VIP,2022-04-06
1104,Maria Roberts,maria.roberts@protonmail.com,USA,4,Shreveport,Standard,2023-03-08
1105,Michael Rodriguez,michael.rodriguez@yahoo.com,USA,6,Boulder,Premium,2024-06-24
1106,Nicole Hill,nicole.hill@icloud.com,USA,5,Las Vegas,Standard,2020-05-10
1107,Raymond Harris,raymond.harris@yahoo.com,USA,3,Lansing,Standard,2023-08-01
1108,Ronald Garcia,ronald.garcia@yahoo.com,USA,1,Newark,VIP,2023-05-20
1109,Eric Johnson,eric.johnson@yahoo.com,USA,1,New Haven,Standard,2021-04-22
1110,Emily Nelson,emily.nelson@icloud.com,USA,1,Buffalo,Premium,2020-01-23
1111,Lisa Lee,lisa.lee@hotmail.com,USA,3,Chicago,Premium,2022-05-06
1112,Kathleen Mitchell,kathleen.mitchell@gmail.com,USA,3,Columbus,Standard,2021-09-26
1113,Sharon Rivera,sharon.rivera@protonmail.com,USA,3,Lansing,Standard,2022-10-26
1114,Carolyn Baker,carolyn.baker@hotmail.com,USA,2,Miami,Standard,2020-05-11
1115,Stephanie Hill,stephanie.hill@yahoo.com,USA,4,Fort Smith,Standard,2023-03-25
1116,Patricia Mitchell,patricia.mitchell@gmail.com,USA,2,Charleston,VIP,2023-12-28
1117,Ronald Sanchez,ronald.sanchez@icloud.com,USA,5,Salem,Standard,2021-01-02
1118,Helen Campbell,helen.campbell@hotmail.com,USA,3,Cincinnati,Premium,2020-07-14
1119,Timothy Hall,timothy.hall@gmail.com,USA,2,Savannah,Premium,2023-01-06
1120,Emily Nelson,emily.nelson@gmail.com,USA,5,Salem,Standard,2024-04-09
1121,Gregory Davis,gregory.davis@outlook.com,USA,1,Rochester,VIP,2024-05-15
1122,Michelle Clark,michelle.clark@hotmail.com,USA,1,Trenton,Standard,2022-08-04
1123,Linda Jones,linda.jones@protonmail.com,USA,5,Reno,Standard,2024-03-07
1124,Stephanie Gonzalez,stephanie.gonzalez@hotmail.com,USA,1,Boston,VIP,2020-10-06
1125,Michelle Nelson,michelle.nelson@protonmail.com,USA,3,Minneapolis,Standard,2023-01-28
1126,Harold Thomas,harold.thomas@protonmail.com,USA,6,Santa Fe,Standard,2020-11-26
1127,Lisa Johnson,lisa.johnson@icloud.com,USA,1,Boston,Premium,2024-02-27
1128,Timothy Hernandez,timothy.hernandez@gmail.com,USA,5,San Diego,Standard,2020-11-10
1129,Jeffrey Thompson,jeffrey.thompson@yahoo.com,USA,2,Tampa,Premium,2021-03-18
1130,Jeffrey Hall,jeffrey.hall@gmail.com,USA,5,San Francisco,VIP,2021-09-23
1131,Jeffrey Brown,jeffrey.brown@icloud.com,USA,1,Hartford,Standard,2022-02-06
1132,Kenneth Gonzalez,kenneth.gonzalez@gmail.com,USA,1,New York,Standard,2021-01-28
1133,Debra Nelson,debra.nelson@gmail.com,USA,2,Tampa,Standard,2024-01-22
1134,Lisa Williams,lisa.williams@hotmail.com,USA,4,Baton Rouge,Premium,2023-07-07
1135,Mark Flores,mark.flores@yahoo.com,USA,6,Provo,Standard,2021-04-20
1136,Margaret Miller,margaret.miller@outlook.com,USA,2,Orlando,Premium,2021-10-09
1137,Maria Harris,maria.harris@yahoo.com,USA,3,Rockford,Standard,2023-08-24
1138,Helen White,helen.white@gmail.com,USA,1,Jersey City,Standard,2024-04-20
1139,Dennis Young,dennis.young@gmail.com,USA,5,Salem,Standard,2023-05-13
1140,Michelle Green,michelle.green@protonmail.com,USA,3,Cleveland,Standard,2023-07-25
1141,Maria Hall,maria.hall@outlook.com,USA,6,Salt Lake City,Standard,2020-02-06
1142,Nicole Nguyen,nicole.nguyen@hotmail.com,USA,3,Cincinnati,Premium,2023-12-14
1143,Maria Anderson,maria.anderson@gmail.com,USA,4,Dallas,Standard,2024-02-20
1144,Larry Carter,larry.carter@yahoo.com,USA,4,Houston,Standard,2022-10-18
1145,Emily Gonzalez,emily.gonzalez@yahoo.com,USA,3,Chicago,VIP,2023-05-09
1146,Jeffrey Mitchell,jeffrey.mitchell@outlook.com,USA,1,Springfield,VIP,2020-03-22
1147,Andrew Clark,andrew.clark@protonmail.com,USA,5,Los Angeles,VIP,2021-11-09
1148,Carol Thomas,carol.thomas@yahoo.com,USA,4,Norman,VIP,2024-01-13
1149,George Hill,george.hill@hotmail.com,USA,4,Tulsa,Premium,2020-01-13
1150,William Young,william.young@gmail.com,USA,6,Scottsdale,Standard,2021-02-22
1151,Charles Garcia,charles.garcia@yahoo.com,USA,4,Oklahoma City,Premium,2020-06-09
1152,Larry Campbell,larry.campbell@hotmail.com,USA,2,Atlanta,Standard,2020-12-27
1153,Nicole Thomas,nicole.thomas@outlook.com,USA,2,Greenville,Standard,2021-07-10
1154,Kathleen Garcia,kathleen.garcia@outlook.com,USA,3,Cleveland,Standard,2022-05-15
1155,Stephen Flores,stephen.flores@protonmail.com,USA,3,Cleveland,Standard,2024-04-09
1156,Gary Ramirez,gary.ramirez@gmail.com,USA,5,Tacoma,Premium,2020-11-08
1157,Gregory Campbell,gregory.campbell@yahoo.com,USA,2,Charleston,Standard,2021-08-03
1158,Gary Scott,gary.scott@icloud.com,USA,3,Detroit,VIP,2022-08-19
1159,Betty Martinez,betty.martinez@yahoo.com,USA,1,Worcester,Standard,2022-05-01
1160,Timothy Mitchell,timothy.mitchell@outlook.com,USA,3,Lansing,Premium,2020-05-25
1161,Jose Williams,jose.williams@gmail.com,USA,3,Columbus,VIP,2022-06-12
1162,Steven Roberts,steven.roberts@protonmail.com,USA,2,Greenville,VIP,2022-01-24
1163,Rachel Brown,rachel.brown@protonmail.com,USA,3,Duluth,Standard,2021-05-11
1164,Kathleen Williams,kathleen.williams@outlook.com,USA,4,Austin,Premium,2023-08-14
1165,Christopher Taylor,christopher.taylor@icloud.com,USA,3,Cleveland,Standard,2023-05-18
1166,Jerry Nelson,jerry.nelson@yahoo.com,USA,1,Rochester,VIP,2022-02-26
1167,Timothy Rivera,timothy.rivera@icloud.com,USA,6,Scottsdale,Standard,2022-05-16
1168,Lisa Ramirez,lisa.ramirez@outlook.com,USA,5,Henderson,Standard,2024-02-12
1169,Jose Carter,jose.carter@protonmail.com,USA,5,San Diego,Premium,2024-05-09
1170,Jason Martinez,jason.martinez@outlook.com,USA,5,Henderson,Standard,2020-01-14
1171,Lisa Young,lisa.young@gmail.com,USA,1,Bridgeport,Standard,2023-09-02
1172,Brian Campbell,brian.campbell@hotmail.com,USA,1,Boston,VIP,2020-10-02
1173,Betty Young,betty.young@yahoo.com,USA,4,Dallas,Premium,2021-03-11
1174,Nancy Gonzalez,nancy.gonzalez@gmail.com,USA,5,Salem,Standard,2022-06-21
1175,Patrick Flores,patrick.flores@gmail.com,USA,5,Portland,Standard,2020-06-24
1176,Gary Davis,gary.davis@outlook.com,USA,1,Rochester,Standard,2022-09-05
1177,Eric Baker,eric.baker@gmail.com,USA,1,Boston,Premium,2023-04-07
1178,Patricia Miller,patricia.miller@yahoo.com,USA,4,Dallas,Premium,2022-12-01
1179,Maria Moore,maria.moore@hotmail.com,USA,3,Lansing,Standard,2021-11-20
1180,Melissa Baker,melissa.baker@outlook.com,USA,6,Santa Fe,Premium,2022-03-27
1181,Gary Flores,gary.flores@gmail.com,USA,6,Denver,Standard,2022-07-24
1182,Rachel Sanchez,rachel.sanchez@protonmail.com,USA,5,Portland,Premium,2020-09-08
1183,Shirley Moore,shirley.moore@protonmail.com,USA,5,Salem,Standard,2023-06-20
1184,Debra Nelson,debra.nelson@hotmail.com,USA,4,Oklahoma City,Premium,2021-10-21
1185,Robert Green,robert.green@outlook.com,USA,5,Tacoma,Standard,2021-04-23
1186,Nicole Young,nicole.young@hotmail.com,USA,5,San Francisco,Standard,2022-09-02
1187,Harold Hall,harold.hall@gmail.com,USA,5,Tacoma,Standard,2023-12-29
1188,Christopher King,christopher.king@icloud.com,USA,5,Los Angeles,Premium,2024-06-19
1189,Jennifer Martin,jennifer.martin@protonmail.com,USA,6,Salt Lake City,Standard,2020-08-24
1190,Kathleen Nelson,kathleen.nelson@icloud.com,USA,2,Atlanta,VIP,2023-09-13
1191,Rachel Garcia,rachel.garcia@gmail.com,USA,3,Chicago,Standard,2022-02-24
1192,Kimberly Anderson,kimberly.anderson@protonmail.com,USA,2,Greenville,Standard,2023-09-24
1193,Sarah Wright,sarah.wright@protonmail.com,USA,5,San Diego,Standard,2021-04-03
1194,Pamela Roberts,pamela.roberts@icloud.com,USA,1,Worcester,VIP,2024-03-01
1195,Ryan Campbell,ryan.campbell@hotmail.com,USA,5,Las Vegas,Standard,2021-06-14
1196,Thomas Jackson,thomas.jackson@gmail.com,USA,1,Springfield,Premium,2021-01-20
1197,Catherine Davis,catherine.davis@icloud.com,USA,3,Grand Rapids,Premium,2024-02-18
1198,James Martin,james.martin@gmail.com,USA,4,Tulsa,Standard,2021-10-16
1199,Matthew Baker,matthew.baker@yahoo.com,USA,4,Oklahoma City,Standard,2020-01-19
1200,Raymond Robinson,raymond.robinson@outlook.com,USA,1,Boston,Premium,2023-10-24
1201,Frank Martinez,frank.martinez@icloud.com,USA,2,Tampa,Standard,2021-09-24
1202,Stephen Hall,stephen.hall@gmail.com,USA,2,Greenville,Standard,2022-10-10
1203,Emily Rivera,emily.rivera@hotmail.com,USA,1,Boston,VIP,2021-03-07
1204,Janet Anderson,janet.anderson@protonmail.com,USA,5,Salem,VIP,2022-03-13
1205,Ronald Nelson,ronald.nelson@yahoo.com,USA,6,Provo,Standard,2023-10-20
1206,Scott Thompson,scott.thompson@hotmail.com,USA,3,Grand Rapids,VIP,2021-02-03
1207,Rachel Scott,rachel.scott@hotmail.com,USA,1,Springfield,Standard,2023-12-24
1208,Ronald Robinson,ronald.robinson@protonmail.com,USA,1,Jersey City,VIP,2022-09-15
1209,Emily Martinez,emily.martinez@yahoo.com,USA,2,Augusta,Premium,2020-01-19
1210,Matthew Campbell,matthew.campbell@icloud.com,USA,1,Jersey City,Standard,2023-10-23
1211,Lisa Brown,lisa.brown@gmail.com,USA,3,Minneapolis,Standard,2020-08-28
1212,Angela Adams,angela.adams@outlook.com,USA,4,Norman,VIP,2022-04-07
1213,Ashley Williams,ashley.williams@gmail.com,USA,2,Charleston,VIP,2023-05-05
1214,Paul Adams,paul.adams@protonmail.com,USA,3,Aurora,Premium,2022-02-21
1215,Kimberly Green,kimberly.green@protonmail.com,USA,3,Chicago,Standard,2020-06-18
1216,Jessica Young,jessica.young@protonmail.com,USA,5,Portland,Premium,2023-03-19
1217,Pamela Walker,pamela.walker@outlook.com,USA,5,San Diego,Standard,2022-02-25
1218,Kathleen Adams,kathleen.adams@protonmail.com,USA,3,Columbus,Standard,2020-05-10
1219,Carolyn Wright,carolyn.wright@yahoo.com,USA,3,Aurora,Premium,2023-01-03
1220,Shirley Young,shirley.young@gmail.com,USA,4,Houston,Premium,2020-08-28
1221,Nancy Hill,nancy.hill@protonmail.com,USA,1,New Haven,Standard,2020-03-21
1222,Charles Torres,charles.torres@yahoo.com,USA,5,San Diego,Standard,2024-03-22
1223,Michael Garcia,michael.garcia@gmail.com,USA,4,Shreveport,Standard,2022-05-16
1224,Harold Smith,harold.smith@yahoo.com,USA,2,Greensboro,Premium,2022-06-30
1225,Sarah Torres,sarah.torres@hotmail.com,USA,5,Tacoma,Premium,2022-11-11
1226,Donald Hall,donald.hall@gmail.com,USA,5,Los Angeles,Standard,2021-01-20
1227,Christopher Martin,christopher.martin@yahoo.com,USA,6,Las Cruces,Standard,2021-07-22
1228,Charles Campbell,charles.campbell@icloud.com,USA,3,Grand Rapids,Standard,2023-08-23
1229,Daniel Sanchez,daniel.sanchez@hotmail.com,USA,1,Springfield,Standard,2023-11-23
1230,Christopher Wright,christopher.wright@yahoo.com,USA,1,Springfield,VIP,2023-08-15
1231,Mark Rivera,mark.rivera@outlook.com,USA,4,Tulsa,Standard,2021-10-09
1232,Sharon Harris,sharon.harris@gmail.com,USA,6,Albuquerque,Standard,2020-09-12
1233,Raymond Davis,raymond.davis@protonmail.com,USA,4,Dallas,Premium,2020-07-01
1234,Matthew Perez,matthew.perez@outlook.com,USA,1,Jersey City,Standard,2020-07-19
1235,Gary Anderson,gary.anderson@hotmail.com,USA,6,Phoenix,Premium,2024-01-31
1236,Donna Nguyen,donna.nguyen@hotmail.com,USA,1,Springfield,Premium,2021-07-31
1237,Gregory Moore,gregory.moore@icloud.com,USA,1,New York,Standard,2024-03-19
1238,Deborah Lopez,deborah.lopez@outlook.com,USA,5,Reno,Premium,2020-09-18
1239,Dorothy Smith,dorothy.smith@protonmail.com,USA,4,Norman,Standard,2020-10-19
1240,Gary Torres,gary.torres@protonmail.com,USA,2,Greensboro,VIP,2021-05-25
1241,Douglas Hill,douglas.hill@hotmail.com,USA,5,Salem,Standard,2024-06-23
1242,Cynthia Allen,cynthia.allen@outlook.com,USA,2,Greenville,VIP,2021-04-13
1243,Donna Green,donna.green@gmail.com,USA,6,Provo,Standard,2023-07-23
1244,Richard Jones,richard.jones@protonmail.com,USA,2,Miami,Premium,2020-04-27
1245,Richard Mitchell,richard.mitchell@outlook.com,USA,4,Little Rock,Standard,2023-10-18
1246,Angela Campbell,angela.campbell@yahoo.com,USA,3,Aurora,Standard,2023-06-16
1247,Mark Mitchell,mark.mitchell@gmail.com,USA,5,Seattle,VIP,2023-09-16
1248,Shirley Baker,shirley.baker@icloud.com,USA,1,Hartford,Premium,2024-04-13
1249,Shirley Anderson,shirley.anderson@yahoo.com,USA,1,Trenton,Standard,2020-04-14
1250,Larry Young,larry.young@hotmail.com,USA,1,Buffalo,Premium,2021-05-26
1251,Anna Roberts,anna.roberts@gmail.com,USA,2,Charleston,Standard,2021-03-12
1252,James Mitchell,james.mitchell@protonmail.com,USA,4,Tulsa,Premium,2022-11-21
1253,Michael Robinson,michael.robinson@icloud.com,USA,5,San Francisco,Standard,2023-06-14
1254,Frank Perez,frank.perez@outlook.com,USA,3,Aurora,VIP,2021-01-16
1255,Stephanie Thompson,stephanie.thompson@gmail.com,USA,1,Hartford,Standard,2022-12-19
1256,Angela Martinez,angela.martinez@hotmail.com,USA,1,Hartford,Standard,2024-04-24
1257,Harold Taylor,harold.taylor@yahoo.com,USA,3,Grand Rapids,Standard,2022-05-27
1258,Nancy Wright,nancy.wright@outlook.com,USA,1,Bridgeport,Standard,2020-11-27
1259,Sarah Thompson,sarah.thompson@protonmail.com,USA,3,Lansing,Standard,2020-08-14
1260,Mark Jackson,mark.jackson@gmail.com,USA,1,Bridgeport,Standard,2020-03-05
1261,Daniel Nelson,daniel.nelson@yahoo.com,USA,6,Denver,Standard,2022-09-28
1262,Gregory Young,gregory.young@protonmail.com,USA,5,Spokane,Premium,2024-01-26
1263,Ryan Harris,ryan.harris@yahoo.com,USA,1,New York,Standard,2020-11-14
1264,Jason Allen,jason.allen@gmail.com,USA,5,Portland,Premium,2021-12-01
1265,Larry Hill,larry.hill@protonmail.com,USA,1,New Haven,Standard,2022-09-22
1266,Richard Carter,richard.carter@hotmail.com,USA,2,Augusta,Premium,2021-01-17
1267,Ashley Moore,ashley.moore@gmail.com,USA,5,Eugene,Standard,2021-02-10
1268,Scott Rivera,scott.rivera@gmail.com,USA,5,Portland,Premium,2023-07-12
1269,Samantha Martinez,samantha.martinez@yahoo.com,USA,1,Hartford,Standard,2021-01-28
1270,Christopher Ramirez,christopher.ramirez@gmail.com,USA,4,Houston,Standard,2022-04-14
1271,Shirley Martin,shirley.martin@protonmail.com,USA,4,Oklahoma City,Standard,2022-05-22
1272,Kathleen Brown,kathleen.brown@icloud.com,USA,3,Aurora,Standard,2021-07-05
1273,Matthew Moore,matthew.moore@outlook.com,USA,5,Salem,Standard,2021-01-07
1274,Patricia Smith,patricia.smith@gmail.com,USA,5,Seattle,Standard,2022-08-24
1275,Kimberly Hill,kimberly.hill@gmail.com,USA,3,Grand Rapids,Standard,2021-11-15
1276,Ronald Davis,ronald.davis@gmail.com,USA,5,Salem,Standard,2024-02-27
1277,Matthew Mitchell,matthew.mitchell@icloud.com,USA,4,New Orleans,Premium,2021-07-19
1278,Donald Nguyen,donald.nguyen@hotmail.com,USA,1,New York,Premium,2024-02-29
1279,Nicole Davis,nicole.davis@gmail.com,USA,4,Oklahoma City,VIP,2022-07-01
1280,Joseph Jones,joseph.jones@icloud.com,USA,4,Shreveport,Premium,2024-04-07
1281,Betty Wright,betty.wright@protonmail.com,USA,1,Newark,Standard,2023-02-01
1282,Carolyn Taylor,carolyn.taylor@icloud.com,USA,6,Colorado Springs,Premium,2024-01-09
1283,Jessica Ramirez,jessica.ramirez@gmail.com,USA,3,Chicago,Premium,2021-07-15
1284,Rachel Rodriguez,rachel.rodriguez@outlook.com,USA,1,Rochester,Standard,2024-02-25
1285,Timothy Young,timothy.young@protonmail.com,USA,4,Houston,Standard,2024-03-17
1286,Angela Harris,angela.harris@icloud.com,USA,5,Henderson,Standard,2021-02-27
1287,Nancy Smith,nancy.smith@yahoo.com,USA,4,Austin,Standard,2022-10-28
1288,Carl Campbell,carl.campbell@icloud.com,USA,2,Savannah,VIP,2021-07-03
1289,Gregory Davis,gregory.davis@yahoo.com,USA,2,Savannah,Standard,2023-08-02
1290,Christopher Moore,christopher.moore@yahoo.com,USA,2,Tampa,Standard,2021-03-06
1291,Raymond Davis,raymond.davis@gmail.com,USA,4,Baton Rouge,Standard,2023-12-15
1292,Gregory Taylor,gregory.taylor@protonmail.com,USA,1,Worcester,Standard,2023-07-05
1293,Maria Thompson,maria.thompson@yahoo.com,USA,5,Seattle,Standard,2020-02-02
1294,Raymond Nelson,raymond.nelson@icloud.com,USA,1,Bridgeport,Standard,2023-07-06
1295,Samantha Hill,samantha.hill@icloud.com,USA,2,Columbia,Standard,2021-07-04
1296,Donald Nguyen,donald.nguyen@protonmail.com,USA,5,Las Vegas,Standard,2021-04-19
1297,Janet Campbell,janet.campbell@hotmail.com,USA,3,Minneapolis,Premium,2021-01-06
1298,Frank Lopez,frank.lopez@yahoo.com,USA,1,Bridgeport,Standard,2023-08-19
1299,Brian Johnson,brian.johnson@outlook.com,USA,1,Jersey City,Premium,2023-05-29
1300,Mark Jones,mark.jones@yahoo.com,USA,1,Jersey City,Premium,2022-04-04
1301,Joseph Campbell,joseph.campbell@icloud.com,USA,1,Rochester,Standard,2022-02-12
1302,Deborah Johnson,deborah.johnson@gmail.com,USA,5,Los Angeles,Standard,2024-04-26
1303,Richard Moore,richard.moore@yahoo.com,USA,6,Phoenix,Standard,2023-01-15
1304,Ryan Perez,ryan.perez@protonmail.com,USA,1,Jersey City,VIP,2023-02-26
1305,Jeffrey Hernandez,jeffrey.hernandez@outlook.com,USA,2,Atlanta,Standard,2023-01-18
1306,Henry Moore,henry.moore@protonmail.com,USA,4,Houston,Standard,2023-01-20
1307,Emily Miller,emily.miller@icloud.com,USA,5,Las Vegas,Standard,2021-04-04
1308,Linda Anderson,linda.anderson@hotmail.com,USA,3,Lansing,Standard,2021-04-07
1309,Debra Harris,debra.harris@protonmail.com,USA,5,San Francisco,Standard,2020-08-13
1310,George Miller,george.miller@outlook.com,USA,3,Detroit,Standard,2020-06-22
1311,Patricia Hill,patricia.hill@yahoo.com,USA,1,Springfield,Standard,2023-10-23
1312,Larry Martinez,larry.martinez@protonmail.com,USA,5,Spokane,Standard,2021-07-09
1313,Amy Nelson,amy.nelson@outlook.com,USA,6,Phoenix,Standard,2024-05-11
1314,Katherine Martinez,katherine.martinez@outlook.com,USA,1,Bridgeport,Premium,2020-05-17
1315,Thomas Torres,thomas.torres@hotmail.com,USA,6,Denver,Standard,2021-10-23
1316,Charles Lopez,charles.lopez@hotmail.com,USA,3,Saint Paul,Premium,2023-11-21
1317,Jose Hill,jose.hill@protonmail.com,USA,2,Savannah,Standard,2023-01-30
1318,Amy Wright,amy.wright@icloud.com,USA,3,Cleveland,Standard,2023-04-04
1319,Carolyn Clark,carolyn.clark@icloud.com,USA,4,Norman,Standard,2021-04-26
1320,Matthew Smith,matthew.smith@yahoo.com,USA,6,Tucson,Premium,2022-08-28
1321,Sarah Davis,sarah.davis@gmail.com,USA,6,Denver,Standard,2022-07-31
1322,Christopher Scott,christopher.scott@hotmail.com,USA,2,Atlanta,VIP,2020-10-09
1323,Jessica Hall,jessica.hall@protonmail.com,USA,1,Rochester,Standard,2022-01-31
1324,David Hall,david.hall@gmail.com,USA,5,San Francisco,Premium,2020-11-19
1325,Linda Martinez,linda.martinez@outlook.com,USA,1,Newark,Standard,2023-03-11
1326,Rebecca Martinez,rebecca.martinez@yahoo.com,USA,3,Cincinnati,Premium,2023-12-01
1327,Ronald Walker,ronald.walker@hotmail.com,USA,5,Henderson,VIP,2020-01-28
1328,Brian Davis,brian.davis@yahoo.com,USA,1,Rochester,VIP,2020-12-21
1329,Stephen Hernandez,stephen.hernandez@gmail.com,USA,3,Duluth,Standard,2023-02-08
1330,Carolyn Taylor,carolyn.taylor@icloud.com,USA,4,Tulsa,Standard,2021-07-10
1331,Jennifer King,jennifer.king@hotmail.com,USA,6,Las Cruces,Standard,2022-03-31
1332,Helen Brown,helen.brown@yahoo.com,USA,3,Rockford,Standard,2022-09-04
1333,Anthony Adams,anthony.adams@protonmail.com,USA,3,Minneapolis,Standard,2022-01-30
1334,Peter Ramirez,peter.ramirez@yahoo.com,USA,2,Miami,Standard,2023-05-20
1335,Kevin Johnson,kevin.johnson@yahoo.com,USA,2,Miami,Standard,2023-05-07
1336,Maria Carter,maria.carter@outlook.com,USA,1,Trenton,Standard,2021-05-07
1337,Edward Garcia,edward.garcia@icloud.com,USA,4,Little Rock,Standard,2021-10-06
1338,Jennifer Martin,jennifer.martin@gmail.com,USA,6,Colorado Springs,Premium,2021-02-03
1339,Anthony Carter,anthony.carter@hotmail.com,USA,5,Eugene,Premium,2020-07-18
1340,Kevin Clark,kevin.clark@protonmail.com,USA,4,Oklahoma City,Premium,2024-06-18
1341,Gary Walker,gary.walker@icloud.com,USA,5,San Francisco,Standard,2020-11-06
1342,Debra Robinson,debra.robinson@gmail.com,USA,5,San Diego,Standard,2021-03-17
1343,Debra Adams,debra.adams@yahoo.com,USA,5,Eugene,Premium,2024-02-01
1344,Nicole Adams,nicole.adams@icloud.com,USA,6,Colorado Springs,Standard,2021-11-25
1345,Emily White,emily.white@icloud.com,USA,5,Las Vegas,VIP,2024-05-04
1346,Debra Harris,debra.harris@yahoo.com,USA,2,Miami,Premium,2023-07-09
1347,Amy Miller,amy.miller@gmail.com,USA,1,Springfield,Standard,2022-10-18
1348,Joseph Robinson,joseph.robinson@outlook.com,USA,1,Boston,Standard,2021-07-27
1349,Pamela White,pamela.white@outlook.com,USA,1,Trenton,VIP,2022-08-01
1350,Dorothy Walker,dorothy.walker@outlook.com,USA,5,Henderson,Standard,2020-09-10
1351,Joshua Young,joshua.young@gmail.com,USA,3,Grand Rapids,Standard,2023-06-23
1352,Debra Rodriguez,debra.rodriguez@hotmail.com,USA,3,Grand Rapids,Standard,2023-10-29
1353,Jose Allen,jose.allen@hotmail.com,USA,2,Tampa,Premium,2020-04-26
1354,Ryan Thomas,ryan.thomas@protonmail.com,USA,5,Los Angeles,Standard,2021-08-18
1355,Gary Hernandez,gary.hernandez@icloud.com,USA,3,Chicago,Standard,2022-08-04
1356,Christine Garcia,christine.garcia@outlook.com,USA,3,Minneapolis,Standard,2021-01-04
1357,Janet Miller,janet.miller@hotmail.com,USA,5,Salem,Standard,2020-05-12
1358,Anthony Perez,anthony.perez@icloud.com,USA,3,Minneapolis,Standard,2022-07-19
1359,Michael Wright,michael.wright@yahoo.com,USA,6,Las Cruces,Standard,2021-10-17
1360,Joshua Williams,joshua.williams@icloud.com,USA,5,San Francisco,Standard,2022-08-27
1361,Margaret Brown,margaret.brown@yahoo.com,USA,5,Reno,Standard,2023-07-25
1362,Paul Garcia,paul.garcia@yahoo.com,USA,1,Hartford,Standard,2023-12-29
1363,Laura Clark,laura.clark@icloud.com,USA,2,Charlotte,Standard,2020-07-08
1364,Larry Perez,larry.perez@outlook.com,USA,1,Worcester,Premium,2022-08-31
1365,Raymond Hall,raymond.hall@yahoo.com,USA,6,Provo,VIP,2023-03-14
1366,Deborah Smith,deborah.smith@icloud.com,USA,5,Portland,VIP,2023-09-29
1367,Jerry Flores,jerry.flores@yahoo.com,USA,2,Charlotte,Standard,2022-07-28
1368,Christopher Young,christopher.young@outlook.com,USA,1,New Haven,Premium,2024-01-19
1369,James Lewis,james.lewis@yahoo.com,USA,4,Houston,Standard,2024-03-07
1370,Mark Clark,mark.clark@protonmail.com,USA,4,Norman,Standard,2021-03-18
1371,Jason Wilson,jason.wilson@yahoo.com,USA,6,Tucson,Standard,2020-02-03
1372,Ronald Martin,ronald.martin@icloud.com,USA,5,San Diego,Premium,2023-08-21
1373,Frank Clark,frank.clark@hotmail.com,USA,3,Duluth,VIP,2021-11-18
1374,Thomas Lopez,thomas.lopez@hotmail.com,USA,3,Cincinnati,Premium,2020-11-29
1375,Anna Ramirez,anna.ramirez@hotmail.com,USA,2,Greenville,Standard,2023-12-08
1376,Helen Miller,helen.miller@gmail.com,USA,5,Los Angeles,Premium,2020-02-03
1377,Walter Clark,walter.clark@gmail.com,USA,3,Rockford,Standard,2022-10-27
1378,Jerry Williams,jerry.williams@protonmail.com,USA,2,Columbia,Standard,2024-05-10
1379,Frank Scott,frank.scott@hotmail.com,USA,1,Hartford,Standard,2024-06-13
1380,Cynthia Clark,cynthia.clark@protonmail.com,USA,5,Las Vegas,Standard,2024-05-20
1381,George Allen,george.allen@outlook.com,USA,2,Raleigh,Standard,2023-10-10
1382,Kenneth Smith,kenneth.smith@hotmail.com,USA,1,New York,Standard,2022-11-28
1383,Ryan Hill,ryan.hill@outlook.com,USA,2,Columbia,Premium,2022-03-12
1384,Mark Flores,mark.flores@protonmail.com,USA,3,Rockford,Standard,2020-09-20
1385,Samantha Harris,samantha.harris@protonmail.com,USA,1,Springfield,Standard,2022-06-14
1386,Sandra Miller,sandra.miller@protonmail.com,USA,5,San Diego,Premium,2024-05-25
1387,Timothy Carter,timothy.carter@protonmail.com,USA,6,Santa Fe,Standard,2020-07-09
1388,Jennifer Johnson,jennifer.johnson@hotmail.com,USA,1,Newark,Premium,2023-12-20
1389,Anna Garcia,anna.garcia@icloud.com,USA,3,Cleveland,Premium,2023-07-17
1390,Amanda Lopez,amanda.lopez@yahoo.com,USA,5,Salem,Standard,2023-01-01
1391,Ashley Campbell,ashley.campbell@hotmail.com,USA,5,San Francisco,Standard,2020-10-21
1392,Patrick Johnson,patrick.johnson@protonmail.com,USA,6,Phoenix,Standard,2023-05-05
1393,Jessica Miller,jessica.miller@yahoo.com,USA,2,Atlanta,Standard,2022-10-09
1394,Matthew Wilson,matthew.wilson@hotmail.com,USA,1,Buffalo,Standard,2022-09-23
1395,Patrick Jones,patrick.jones@yahoo.com,USA,5,Reno,Premium,2022-07-12
1396,Daniel Lopez,daniel.lopez@outlook.com,USA,1,Trenton,Premium,2023-07-16
1397,Nicole Williams,nicole.williams@gmail.com,USA,6,Colorado Springs,Premium,2023-05-13
1398,Anna Smith,anna.smith@yahoo.com,USA,4,New Orleans,Standard,2023-05-26
1399,Linda Wright,linda.wright@gmail.com,USA,4,Oklahoma City,Standard,2020-08-23
1400,Margaret Johnson,margaret.johnson@outlook.com,USA,1,Rochester,VIP,2020-09-16
1401,Edward Moore,edward.moore@hotmail.com,USA,1,Buffalo,VIP,2023-02-03
1402,Katherine Jackson,katherine.jackson@hotmail.com,USA,5,Reno,Premium,2022-03-30
1403,Mark Taylor,mark.taylor@yahoo.com,USA,1,Worcester,Standard,2023-04-10
1404,Emma Martin,emma.martin@yahoo.com,USA,5,Reno,Standard,2022-05-17
1405,Dennis Mitchell,dennis.mitchell@outlook.com,USA,5,San Diego,Standard,2022-05-29
1406,Betty Torres,betty.torres@outlook.com,USA,3,Aurora,Standard,2020-03-10
1407,Angela Taylor,angela.taylor@icloud.com,USA,3,Grand Rapids,Standard,2020-08-22
1408,Nancy Lee,nancy.lee@hotmail.com,USA,5,Seattle,Standard,2021-03-16
1409,Harold White,harold.white@outlook.com,USA,1,Boston,Standard,2021-10-14
1410,Henry Smith,henry.smith@protonmail.com,USA,2,Greenville,Standard,2021-04-21
1411,Brenda Jones,brenda.jones@hotmail.com,USA,2,Augusta,Standard,2020-07-29
1412,Brenda Moore,brenda.moore@protonmail.com,USA,4,Austin,Premium,2022-05-13
1413,Debra Carter,debra.carter@hotmail.com,USA,2,Charlotte,Standard,2020-04-11
1414,Amy Young,amy.young@gmail.com,USA,6,Salt Lake City,Standard,2022-07-16
1415,Lisa Hill,lisa.hill@outlook.com,USA,4,Norman,Standard,2021-08-06
1416,Robert Adams,robert.adams@icloud.com,USA,6,Provo,Standard,2022-04-04
1417,Michael Wright,michael.wright@icloud.com,USA,1,New York,Premium,2020-07-13
1418,Rebecca Campbell,rebecca.campbell@outlook.com,USA,2,Raleigh,Standard,2023-02-13
1419,Anthony Young,anthony.young@icloud.com,USA,1,Springfield,Standard,2022-10-07
1420,Peter Davis,peter.davis@outlook.com,USA,6,Phoenix,Standard,2020-04-07
1421,Maria Rodriguez,maria.rodriguez@gmail.com,USA,6,Salt Lake City,Standard,2020-06-29
1422,Mark Campbell,mark.campbell@outlook.com,USA,5,San Diego,Standard,2021-06-15
1423,Patricia Davis,patricia.davis@gmail.com,USA,6,Tucson,Standard,2023-11-09
1424,Walter Harris,walter.harris@outlook.com,USA,5,Eugene,Standard,2020-09-02
1425,Charles Lee,charles.lee@yahoo.com,USA,5,Henderson,Standard,2023-09-30
1426,Jessica King,jessica.king@icloud.com,USA,2,Greenville,Premium,2021-07-28
1427,Michelle Roberts,michelle.roberts@protonmail.com,USA,3,Aurora,VIP,2021-08-29
1428,Carolyn Garcia,carolyn.garcia@outlook.com,USA,4,Norman,Premium,2024-02-14
1429,Donald Hall,donald.hall@gmail.com,USA,1,Hartford,Standard,2020-01-27
1430,Christine Wilson,christine.wilson@hotmail.com,USA,5,Salem,Standard,2021-11-28
1431,Donald Nguyen,donald.nguyen@icloud.com,USA,4,Baton Rouge,VIP,2022-07-18
1432,Katherine Martinez,katherine.martinez@icloud.com,USA,1,Newark,Standard,2022-02-28
1433,Laura Flores,laura.flores@icloud.com,USA,2,Columbia,Standard,2021-07-23
1434,Larry Hernandez,larry.hernandez@protonmail.com,USA,2,Miami,Standard,2020-08-07
1435,Catherine Davis,catherine.davis@yahoo.com,USA,1,Hartford,Standard,2020-02-28
1436,Scott Nelson,scott.nelson@icloud.com,USA,3,Detroit,Premium,2020-06-21
1437,Amanda Ramirez,amanda.ramirez@yahoo.com,USA,1,Bridgeport,Standard,2020-04-18
1438,Jeffrey Moore,jeffrey.moore@outlook.com,USA,1,Bridgeport,Standard,2021-02-01
1439,Emily Gonzalez,emily.gonzalez@hotmail.com,USA,1,Springfield,Premium,2022-10-07
1440,Andrew Ramirez,andrew.ramirez@gmail.com,USA,5,Portland,Standard,2020-08-23
1441,David Williams,david.williams@icloud.com,USA,2,Tampa,Standard,2021-07-18
1442,George Flores,george.flores@protonmail.com,USA,5,Reno,Standard,2021-03-26
1443,Janet Hall,janet.hall@outlook.com,USA,3,Columbus,Standard,2023-07-28
1444,Brian Rivera,brian.rivera@icloud.com,USA,2,Miami,Standard,2022-10-27
1445,Rachel Flores,rachel.flores@hotmail.com,USA,5,Portland,Standard,2023-10-27
1446,William Hernandez,william.hernandez@yahoo.com,USA,2,Columbia,Standard,2023-09-26
1447,Scott Ramirez,scott.ramirez@outlook.com,USA,1,Boston,Standard,2023-10-23
1448,Maria Smith,maria.smith@icloud.com,USA,3,Duluth,Standard,2022-09-27
1449,Ashley Walker,ashley.walker@gmail.com,USA,1,Rochester,Premium,2021-08-18
1450,Sandra King,sandra.king@icloud.com,USA,1,Newark,Standard,2021-09-15
1451,Ryan Perez,ryan.perez@hotmail.com,USA,3,Lansing,Standard,2023-09-20
1452,Eric Taylor,eric.taylor@outlook.com,USA,3,Grand Rapids,VIP,2021-11-14
1453,Andrew Roberts,andrew.roberts@protonmail.com,USA,5,Las Vegas,Standard,2023-11-05
1454,Andrew Campbell,andrew.campbell@protonmail.com,USA,1,Hartford,Premium,2020-10-17
1455,Amanda Young,amanda.young@gmail.com,USA,2,Charleston,Standard,2024-03-04
1456,Jennifer Gonzalez,jennifer.gonzalez@hotmail.com,USA,4,Shreveport,Premium,2023-01-20
1457,Laura King,laura.king@yahoo.com,USA,2,Raleigh,Standard,2023-04-21
1458,Rebecca Moore,rebecca.moore@outlook.com,USA,1,Springfield,Standard,2022-06-06
1459,Frank Torres,frank.torres@outlook.com,USA,2,Orlando,Premium,2020-10-28
1460,Cynthia Baker,cynthia.baker@yahoo.com,USA,4,Shreveport,Premium,2023-09-22
1461,Daniel Martin,daniel.martin@hotmail.com,USA,2,Charlotte,Standard,2020-03-24
1462,Margaret Jackson,margaret.jackson@icloud.com,USA,1,New Haven,Standard,2022-05-31
1463,Amanda Nelson,amanda.nelson@gmail.com,USA,1,Jersey City,Standard,2024-05-27
1464,Stephen Nelson,stephen.nelson@icloud.com,USA,1,Rochester,Standard,2020-10-19
1465,Janet Gonzalez,janet.gonzalez@hotmail.com,USA,4,Dallas,Standard,2020-03-06
1466,Scott Thompson,scott.thompson@yahoo.com,USA,5,Reno,Standard,2020-07-19
1467,Dorothy Martin,dorothy.martin@icloud.com,USA,2,Greenville,Standard,2023-03-30
1468,Sarah Baker,sarah.baker@yahoo.com,USA,2,Greenville,Standard,2021-09-08
1469,Donna Garcia,donna.garcia@outlook.com,USA,4,Fayetteville,Standard,2022-02-08
1470,Sharon Miller,sharon.miller@yahoo.com,USA,4,Shreveport,Premium,2023-12-30
1471,Amanda Robinson,amanda.robinson@outlook.com,USA,3,Saint Paul,Standard,2020-02-26
1472,Brenda Johnson,brenda.johnson@hotmail.com,USA,1,Trenton,Standard,2024-05-30
1473,Ashley Nguyen,ashley.nguyen@icloud.com,USA,3,Detroit,VIP,2022-03-15
1474,Charles Sanchez,charles.sanchez@protonmail.com,USA,1,Hartford,Standard,2020-04-22
1475,Edward Adams,edward.adams@gmail.com,USA,2,Orlando,Premium,2022-09-13
1476,Henry Perez,henry.perez@gmail.com,USA,1,Rochester,Standard,2022-11-23
1477,Christopher Scott,christopher.scott@protonmail.com,USA,6,Albuquerque,Premium,2023-08-03
1478,Karen Martin,karen.martin@protonmail.com,USA,2,Orlando,Premium,2023-11-09
1479,Betty Davis,betty.davis@gmail.com,USA,1,Rochester,Standard,2021-05-21
1480,Donald Miller,donald.miller@hotmail.com,USA,1,New Haven,Standard,2020-09-06
1481,Ronald Sanchez,ronald.sanchez@hotmail.com,USA,6,Las Cruces,Standard,2023-06-08
1482,Debra Lewis,debra.lewis@protonmail.com,USA,4,Little Rock,Premium,2020-02-14
1483,Nancy Martinez,nancy.martinez@protonmail.com,USA,5,Eugene,VIP,2023-12-03
1484,Anna Gonzalez,anna.gonzalez@hotmail.com,USA,3,Lansing,Standard,2023-04-20
1485,Amy White,amy.white@protonmail.com,USA,2,Greenville,Standard,2022-08-08
1486,Rebecca Ramirez,rebecca.ramirez@yahoo.com,USA,1,Hartford,Premium,2022-03-08
1487,Maria Nguyen,maria.nguyen@outlook.com,USA,1,Hartford,Standard,2020-10-12
1488,Cynthia Campbell,cynthia.campbell@hotmail.com,USA,2,Savannah,Premium,2022-10-27
1489,Donald Thompson,donald.thompson@protonmail.com,USA,4,Houston,Premium,2020-11-06
1490,Amanda Adams,amanda.adams@protonmail.com,USA,4,Fayetteville,Standard,2021-07-24
1491,Maria Nelson,maria.nelson@outlook.com,USA,6,Scottsdale,Premium,2022-02-10
1492,Scott Hill,scott.hill@protonmail.com,USA,1,Boston,VIP,2021-10-25
1493,Emma Nguyen,emma.nguyen@outlook.com,USA,4,Little Rock,Standard,2020-03-01
1494,Janet Hernandez,janet.hernandez@yahoo.com,USA,1,Buffalo,Premium,2022-09-02
1495,Michelle Carter,michelle.carter@yahoo.com,USA,6,Albuquerque,Standard,2024-01-31
1496,Deborah Carter,deborah.carter@hotmail.com,USA,6,Scottsdale,Standard,2020-08-22
1497,Michael Mitchell,michael.mitchell@gmail.com,USA,3,Lansing,Premium,2020-03-01
1498,Paul Lee,paul.lee@gmail.com,USA,5,Las Vegas,Premium,2023-03-21
1499,Brenda Gonzalez,brenda.gonzalez@yahoo.com,USA,2,Greenville,Standard,2021-04-06
1500,Betty Mitchell,betty.mitchell@yahoo.com,USA,3,Columbus,Premium,2020-02-19
1501,Patrick Nelson,patrick.nelson@gmail.com,USA,2,Atlanta,Standard,2024-05-04
1502,Jose Torres,jose.torres@icloud.com,USA,5,Seattle,Premium,2024-02-03
1503,Janet Adams,janet.adams@icloud.com,USA,3,Cincinnati,Premium,2022-10-22
1504,Amanda Thompson,amanda.thompson@icloud.com,USA,5,Portland,Standard,2022-05-25
1505,Patrick Harris,patrick.harris@gmail.com,USA,4,Norman,Standard,2020-07-25
1506,Jessica Young,jessica.young@yahoo.com,USA,1,Boston,Standard,2021-08-16
1507,Steven Harris,steven.harris@protonmail.com,USA,3,Cleveland,Standard,2022-12-30
1508,Pamela Thomas,pamela.thomas@icloud.com,USA,6,Colorado Springs,Premium,2020-04-26
1509,Anna Hall,anna.hall@gmail.com,USA,4,Shreveport,Standard,2020-03-07
1510,Carol Clark,carol.clark@outlook.com,USA,2,Miami,Standard,2023-01-25
1511,Janet Perez,janet.perez@protonmail.com,USA,6,Phoenix,Premium,2020-05-29
1512,Joshua Flores,joshua.flores@protonmail.com,USA,5,San Francisco,Standard,2022-05-02
1513,Dennis Mitchell,dennis.mitchell@icloud.com,USA,6,Salt Lake City,Standard,2024-01-21
1514,Patricia Miller,patricia.miller@gmail.com,USA,3,Cincinnati,Standard,2022-06-02
1515,Kathleen Martin,kathleen.martin@yahoo.com,USA,1,New York,VIP,2024-05-20
1516,Betty Wright,betty.wright@icloud.com,USA,5,San Diego,Premium,2020-04-16
1517,Deborah Roberts,deborah.roberts@hotmail.com,USA,5,Henderson,Standard,2023-01-30
1518,Sarah Davis,sarah.davis@hotmail.com,USA,1,Worcester,Standard,2021-12-03
1519,Sharon Brown,sharon.brown@yahoo.com,USA,2,Miami,Standard,2024-03-10
1520,Roger Wright,roger.wright@icloud.com,USA,1,Rochester,Standard,2020-04-26
1521,Elizabeth Brown,elizabeth.brown@yahoo.com,USA,3,Detroit,Standard,2021-12-17
1522,Nicole Adams,nicole.adams@yahoo.com,USA,6,Las Cruces,Standard,2022-09-07
1523,Harold Davis,harold.davis@protonmail.com,USA,1,Springfield,Standard,2022-10-10
1524,Carl Mitchell,carl.mitchell@outlook.com,USA,5,Salem,VIP,2021-09-11
1525,Matthew Roberts,matthew.roberts@icloud.com,USA,2,Augusta,Standard,2021-10-15
1526,Rachel Wright,rachel.wright@icloud.com,USA,1,Worcester,VIP,2023-06-27
1527,Eric Moore,eric.moore@gmail.com,USA,2,Augusta,Standard,2021-09-16
1528,Ryan Scott,ryan.scott@yahoo.com,USA,1,Newark,Standard,2023-12-01
1529,Jeffrey Adams,jeffrey.adams@hotmail.com,USA,6,Tucson,Standard,2021-07-07
1530,Kimberly Nguyen,kimberly.nguyen@hotmail.com,USA,2,Miami,Standard,2023-06-02
1531,Deborah Young,deborah.young@gmail.com,USA,5,Reno,Standard,2021-04-04
1532,Donald Harris,donald.harris@yahoo.com,USA,5,San Diego,Standard,2020-03-05
1533,Anna Carter,anna.carter@outlook.com,USA,6,Colorado Springs,VIP,2023-04-25
1534,Margaret Carter,margaret.carter@gmail.com,USA,2,Charleston,VIP,2024-02-15
1535,Roger Brown,roger.brown@gmail.com,USA,4,Shreveport,Standard,2022-05-18
1536,Pamela Campbell,pamela.campbell@icloud.com,USA,5,Seattle,Standard,2022-08-15
1537,Catherine Thomas,catherine.thomas@yahoo.com,USA,6,Boulder,Standard,2020-06-24
1538,Ashley Roberts,ashley.roberts@icloud.com,USA,2,Columbia,Premium,2021-07-15
1539,Matthew Moore,matthew.moore@protonmail.com,USA,2,Miami,Standard,2023-03-10
1540,Harold Lee,harold.lee@outlook.com,USA,5,Reno,Standard,2022-06-19
1541,Maria Robinson,maria.robinson@gmail.com,USA,6,Ogden,Premium,2021-03-22
1542,Jose Brown,jose.brown@icloud.com,USA,6,Boulder,Premium,2021-10-05
1543,William Lewis,william.lewis@yahoo.com,USA,2,Raleigh,Premium,2020-09-17
1544,Sandra Green,sandra.green@yahoo.com,USA,1,New York,Standard,2023-09-02
1545,Michael Lopez,michael.lopez@protonmail.com,USA,4,Fayetteville,Standard,2020-03-26
1546,Gregory Rivera,gregory.rivera@yahoo.com,USA,1,Worcester,Standard,2023-10-21
1547,Amanda Wright,amanda.wright@protonmail.com,USA,1,Jersey City,Standard,2020-06-07
1548,Stephen Lewis,stephen.lewis@gmail.com,USA,4,Oklahoma City,Standard,2023-03-14
1549,Melissa Baker,melissa.baker@hotmail.com,USA,1,New Haven,Standard,2020-02-20
1550,Michelle Hill,michelle.hill@outlook.com,USA,2,Greenville,Standard,2022-08-21
1551,Emily Flores,emily.flores@gmail.com,USA,1,Buffalo,Standard,2023-04-25
1552,Linda Miller,linda.miller@icloud.com,USA,2,Greensboro,VIP,2024-05-18
1553,Ryan Allen,ryan.allen@icloud.com,USA,5,Salem,Premium,2020-03-07
1554,Harold Campbell,harold.campbell@yahoo.com,USA,3,Chicago,Standard,2023-03-03
1555,Stephen Torres,stephen.torres@protonmail.com,USA,4,Fayetteville,VIP,2020-09-05
1556,Shirley Brown,shirley.brown@icloud.com,USA,3,Saint Paul,Standard,2021-02-03
1557,Pamela Jackson,pamela.jackson@yahoo.com,USA,2,Charlotte,Standard,2021-10-06
1558,Catherine Davis,catherine.davis@protonmail.com,USA,2,Charleston,Standard,2021-12-21
1559,Brenda Allen,brenda.allen@gmail.com,USA,6,Ogden,Standard,2022-07-08
1560,Rebecca Anderson,rebecca.anderson@icloud.com,USA,5,Eugene,Standard,2024-05-09
1561,Jose Baker,jose.baker@icloud.com,USA,5,Spokane,Standard,2021-10-04
1562,Jessica Garcia,jessica.garcia@hotmail.com,USA,3,Cincinnati,Premium,2023-07-19
1563,Betty Lopez,betty.lopez@hotmail.com,USA,1,Buffalo,Standard,2024-04-16
1564,Gregory Rivera,gregory.rivera@hotmail.com,USA,5,Portland,Standard,2020-02-19
1565,Henry Hernandez,henry.hernandez@gmail.com,USA,1,New Haven,Standard,2020-09-18
1566,Stephanie Hall,stephanie.hall@icloud.com,USA,2,Charlotte,Standard,2021-11-20
1567,Emma Hill,emma.hill@icloud.com,USA,1,New York,VIP,2021-12-27
1568,Laura Clark,laura.clark@protonmail.com,USA,3,Saint Paul,VIP,2022-09-04
1569,Rachel Rodriguez,rachel.rodriguez@protonmail.com,USA,1,New York,Standard,2023-04-30
1570,Emma White,emma.white@protonmail.com,USA,4,Fort Smith,Standard,2020-12-27
1571,Angela Campbell,angela.campbell@icloud.com,USA,2,Miami,Standard,2022-10-07
1572,Carol Brown,carol.brown@icloud.com,USA,4,Fort Smith,Standard,2022-02-25
1573,Anthony Carter,anthony.carter@yahoo.com,USA,6,Scottsdale,VIP,2021-03-07
1574,Sharon King,sharon.king@outlook.com,USA,4,New Orleans,Standard,2021-08-06
1575,Lisa Davis,lisa.davis@outlook.com,USA,2,Columbia,Standard,2021-08-13
1576,Dorothy Hill,dorothy.hill@gmail.com,USA,6,Denver,Standard,2021-02-27
1577,Gregory Allen,gregory.allen@yahoo.com,USA,1,Rochester,Premium,2024-06-24
1578,Mark Smith,mark.smith@hotmail.com,USA,5,San Francisco,Standard,2021-07-31
1579,Pamela Ramirez,pamela.ramirez@protonmail.com,USA,3,Cleveland,Standard,2020-08-12
1580,Carolyn Rivera,carolyn.rivera@gmail.com,USA,3,Saint Paul,Standard,2020-06-26
1581,Sarah Moore,sarah.moore@protonmail.com,USA,5,Seattle,VIP,2024-06-12
1582,George Campbell,george.campbell@gmail.com,USA,2,Raleigh,Standard,2023-07-15
1583,Ryan Allen,ryan.allen@protonmail.com,USA,5,Seattle,Standard,2020-07-24
1584,Carl King,carl.king@outlook.com,USA,1,Rochester,Premium,2020-01-17
1585,Ashley Rodriguez,ashley.rodriguez@icloud.com,USA,3,Cincinnati,Standard,2021-06-27
1586,Scott Martinez,scott.martinez@hotmail.com,USA,5,Reno,Standard,2021-02-10
1587,Samantha Garcia,samantha.garcia@icloud.com,USA,5,Portland,Standard,2020-05-17
1588,Eric Scott,eric.scott@icloud.com,USA,2,Atlanta,Standard,2023-11-09
1589,Dorothy Flores,dorothy.flores@hotmail.com,USA,4,Norman,Standard,2022-09-18
1590,Shirley Nelson,shirley.nelson@yahoo.com,USA,5,Salem,Premium,2022-09-20
1591,Eric Green,eric.green@hotmail.com,USA,4,Fort Smith,Standard,2021-03-24
1592,Thomas Carter,thomas.carter@outlook.com,USA,3,Saint Paul,Standard,2023-09-18
1593,Larry Davis,larry.davis@yahoo.com,USA,3,Lansing,Standard,2021-12-12
1594,Rachel Sanchez,rachel.sanchez@protonmail.com,USA,1,New Haven,Premium,2022-04-23
1595,Debra Thomas,debra.thomas@gmail.com,USA,2,Savannah,Standard,2023-02-25
1596,Michelle Taylor,michelle.taylor@protonmail.com,USA,2,Charleston,Standard,2022-03-27
1597,Dorothy Brown,dorothy.brown@outlook.com,USA,3,Cleveland,Premium,2020-04-03
1598,Donna Lewis,donna.lewis@hotmail.com,USA,2,Augusta,Standard,2024-05-15
1599,Patrick Davis,patrick.davis@icloud.com,USA,4,Norman,Premium,2020-02-10
1600,Arthur Johnson,arthur.johnson@hotmail.com,USA,1,Worcester,VIP,2024-04-17
1601,Gregory Jones,gregory.jones@protonmail.com,USA,1,Jersey City,Premium,2021-02-10
1602,Daniel Wright,daniel.wright@hotmail.com,USA,5,Salem,Standard,2022-02-04
1603,Kevin Clark,kevin.clark@yahoo.com,USA,4,Oklahoma City,Standard,2020-02-11
1604,Roger King,roger.king@gmail.com,USA,4,Little Rock,Standard,2021-08-02
1605,Ronald Johnson,ronald.johnson@yahoo.com,USA,4,Oklahoma City,Standard,2024-03-15
1606,Jessica Harris,jessica.harris@protonmail.com,USA,3,Detroit,Standard,2020-05-31
1607,Stephen Campbell,stephen.campbell@protonmail.com,USA,5,Las Vegas,Standard,2024-02-29
1608,Anna Hill,anna.hill@yahoo.com,USA,1,Hartford,Premium,2021-10-01
1609,Michelle Ramirez,michelle.ramirez@icloud.com,USA,5,Spokane,Standard,2021-02-19
1610,Joseph Taylor,joseph.taylor@protonmail.com,USA,4,Fort Smith,Standard,2020-07-09
1611,George Clark,george.clark@icloud.com,USA,2,Greensboro,Premium,2022-11-03
1612,Ashley Harris,ashley.harris@gmail.com,USA,6,Provo,VIP,2023-01-24
1613,Carolyn Miller,carolyn.miller@hotmail.com,USA,2,Orlando,VIP,2021-04-20
1614,Laura White,laura.white@hotmail.com,USA,4,Baton Rouge,Standard,2023-07-14
1615,Richard Miller,richard.miller@icloud.com,USA,1,Bridgeport,Standard,2020-06-20
1616,Christopher Sanchez,christopher.sanchez@icloud.com,USA,5,Portland,VIP,2022-10-07
1617,Steven Clark,steven.clark@outlook.com,USA,5,Portland,Standard,2023-11-12
1618,Joshua Hill,joshua.hill@hotmail.com,USA,5,Tacoma,Standard,2024-03-26
1619,Brenda Young,brenda.young@icloud.com,USA,3,Cleveland,Standard,2023-12-22
1620,Kathleen Allen,kathleen.allen@icloud.com,USA,5,Los Angeles,Standard,2023-12-03
1621,Elizabeth Harris,elizabeth.harris@yahoo.com,USA,5,Eugene,VIP,2020-09-05
1622,Lisa Gonzalez,lisa.gonzalez@hotmail.com,USA,5,Los Angeles,Standard,2022-10-11
1623,Lisa Green,lisa.green@icloud.com,USA,3,Saint Paul,Standard,2021-08-30
1624,Jessica Ramirez,jessica.ramirez@outlook.com,USA,5,Tacoma,Standard,2023-06-13
1625,Melissa Torres,melissa.torres@protonmail.com,USA,1,Springfield,Premium,2021-02-22
1626,Walter Rivera,walter.rivera@outlook.com,USA,4,Baton Rouge,Standard,2021-03-07
1627,Kevin Mitchell,kevin.mitchell@protonmail.com,USA,6,Albuquerque,Premium,2024-01-04
1628,Scott Smith,scott.smith@outlook.com,USA,3,Cleveland,Standard,2020-01-12
1629,Donna Hall,donna.hall@yahoo.com,USA,1,Rochester,Standard,2021-11-08
1630,Joseph Brown,joseph.brown@icloud.com,USA,3,Columbus,Standard,2023-07-27
1631,Brenda Anderson,brenda.anderson@outlook.com,USA,4,Tulsa,Standard,2022-05-22
1632,Jerry Campbell,jerry.campbell@outlook.com,USA,3,Saint Paul,Premium,2023-01-13
1633,Peter Nelson,peter.nelson@yahoo.com,USA,1,Newark,VIP,2021-03-19
1634,Kimberly Lopez,kimberly.lopez@outlook.com,USA,4,Norman,Premium,2023-08-13
1635,Deborah Perez,deborah.perez@icloud.com,USA,5,Tacoma,Premium,2023-10-01
1636,Scott Wilson,scott.wilson@yahoo.com,USA,1,Newark,Standard,2023-06-13
1637,Christopher Martinez,christopher.martinez@yahoo.com,USA,3,Aurora,Standard,2020-04-16
1638,Sarah Allen,sarah.allen@hotmail.com,USA,3,Saint Paul,Standard,2022-10-21
1639,Maria Davis,maria.davis@yahoo.com,USA,4,Fort Smith,VIP,2022-08-29
1640,Amanda Martin,amanda.martin@icloud.com,USA,2,Tampa,Standard,2020-12-06
1641,Samantha Moore,samantha.moore@protonmail.com,USA,1,Bridgeport,Standard,2022-09-30
1642,Henry Taylor,henry.taylor@protonmail.com,USA,1,Bridgeport,Standard,2020-12-30
1643,Linda White,linda.white@hotmail.com,USA,5,Tacoma,Standard,2021-03-13
1644,Walter Scott,walter.scott@yahoo.com,USA,3,Cincinnati,Standard,2021-02-05
1645,Jeffrey White,jeffrey.white@icloud.com,USA,1,Worcester,Standard,2022-01-25
1646,Steven Allen,steven.allen@gmail.com,USA,4,Austin,Standard,2023-08-07
1647,Kathleen Sanchez,kathleen.sanchez@gmail.com,USA,6,Colorado Springs,Premium,2020-04-27
1648,Pamela Johnson,pamela.johnson@protonmail.com,USA,6,Provo,Standard,2022-08-27
1649,Catherine Adams,catherine.adams@icloud.com,USA,5,San Francisco,Standard,2023-06-09
1650,Carolyn Martinez,carolyn.martinez@protonmail.com,USA,5,Portland,Standard,2020-09-01
1651,Barbara Lewis,barbara.lewis@protonmail.com,USA,5,Seattle,Premium,2021-07-22
1652,Mark Adams,mark.adams@icloud.com,USA,5,Tacoma,Standard,2023-12-23
1653,Lisa Nguyen,lisa.nguyen@protonmail.com,USA,6,Scottsdale,Standard,2022-05-02
1654,Christine Nelson,christine.nelson@gmail.com,USA,1,Trenton,Standard,2020-06-20
1655,Paul Lewis,paul.lewis@gmail.com,USA,2,Augusta,Premium,2022-04-18
1656,Paul Green,paul.green@protonmail.com,USA,5,San Francisco,Standard,2023-02-22
1657,Jason Davis,jason.davis@outlook.com,USA,3,Rockford,Standard,2020-06-29
1658,Thomas Garcia,thomas.garcia@yahoo.com,USA,5,Salem,Premium,2023-07-07
1659,Robert Roberts,robert.roberts@yahoo.com,USA,5,Eugene,Standard,2022-07-31
1660,Richard Campbell,richard.campbell@yahoo.com,USA,2,Augusta,VIP,2024-02-20
1661,Charles Martin,charles.martin@gmail.com,USA,3,Detroit,Standard,2020-10-14
1662,Joshua Lee,joshua.lee@hotmail.com,USA,2,Savannah,Standard,2020-12-28
1663,Emily Taylor,emily.taylor@protonmail.com,USA,3,Aurora,Standard,2023-03-31
1664,Matthew Thompson,matthew.thompson@protonmail.com,USA,4,Oklahoma City,Premium,2022-02-28
1665,Karen Wright,karen.wright@icloud.com,USA,2,Charleston,Premium,2023-10-28
1666,Brian Wilson,brian.wilson@outlook.com,USA,5,Seattle,Premium,2024-05-02
1667,Donald Taylor,donald.taylor@yahoo.com,USA,3,Chicago,Premium,2023-09-10
1668,Patrick Lopez,patrick.lopez@hotmail.com,USA,1,Worcester,Premium,2022-02-12
1669,Harold Nguyen,harold.nguyen@gmail.com,USA,2,Tampa,Standard,2020-01-17
1670,Daniel Clark,daniel.clark@hotmail.com,USA,2,Miami,Standard,2021-09-19
1671,Daniel Robinson,daniel.robinson@icloud.com,USA,1,Buffalo,Premium,2022-07-23
1672,Emma Torres,emma.torres@protonmail.com,USA,3,Saint Paul,Standard,2021-06-01
1673,Arthur White,arthur.white@icloud.com,USA,2,Charleston,Standard,2021-04-24
1674,Maria Allen,maria.allen@gmail.com,USA,3,Lansing,Standard,2023-04-29
1675,Linda Hernandez,linda.hernandez@icloud.com,USA,1,Springfield,VIP,2022-12-09
1676,Betty Torres,betty.torres@yahoo.com,USA,1,Boston,Standard,2021-09-25
1677,Christopher Thompson,christopher.thompson@hotmail.com,USA,3,Minneapolis,Premium,2020-10-29
1678,Betty Lopez,betty.lopez@outlook.com,USA,2,Atlanta,Standard,2022-06-13
1679,Jennifer Campbell,jennifer.campbell@yahoo.com,USA,1,Boston,Premium,2020-11-22
1680,Jason Miller,jason.miller@hotmail.com,USA,4,Fayetteville,Standard,2022-08-25
1681,Christine Harris,christine.harris@hotmail.com,USA,5,San Francisco,Standard,2021-10-13
1682,Maria Rodriguez,maria.rodriguez@hotmail.com,USA,5,Tacoma,VIP,2022-05-19
1683,Dennis Sanchez,dennis.sanchez@icloud.com,USA,1,Bridgeport,VIP,2023-04-16
1684,Linda Anderson,linda.anderson@icloud.com,USA,1,Jersey City,Standard,2021-11-27
1685,Stephen Smith,stephen.smith@icloud.com,USA,4,Little Rock,Premium,2021-04-16
1686,Sarah Young,sarah.young@yahoo.com,USA,1,Worcester,Standard,2021-11-26
1687,Deborah Adams,deborah.adams@yahoo.com,USA,3,Grand Rapids,Standard,2023-10-14
1688,Kathleen Williams,kathleen.williams@outlook.com,USA,6,Salt Lake City,Standard,2022-03-26
1689,Debra King,debra.king@gmail.com,USA,3,Aurora,Premium,2024-02-09
1690,Joseph Adams,joseph.adams@hotmail.com,USA,5,Los Angeles,Standard,2020-09-20
1691,Pamela Allen,pamela.allen@hotmail.com,USA,5,San Francisco,Premium,2023-10-04
1692,Stephanie Ramirez,stephanie.ramirez@gmail.com,USA,2,Greensboro,Premium,2020-08-25
1693,Nicole Lewis,nicole.lewis@icloud.com,USA,3,Duluth,Standard,2022-12-31
1694,Matthew Davis,matthew.davis@yahoo.com,USA,6,Ogden,Standard,2020-11-03
1695,James Perez,james.perez@protonmail.com,USA,4,Norman,Premium,2024-01-30
1696,Frank Ramirez,frank.ramirez@gmail.com,USA,3,Chicago,Premium,2022-07-31
1697,Matthew Brown,matthew.brown@icloud.com,USA,5,Spokane,Standard,2023-10-14
1698,Emily Roberts,emily.roberts@gmail.com,USA,4,Tulsa,Standard,2022-05-04
1699,Robert Lewis,robert.lewis@outlook.com,USA,2,Tampa,Standard,2022-01-01
1700,Janet Williams,janet.williams@icloud.com,USA,5,Portland,Standard,2022-12-31
1701,Joseph Rodriguez,joseph.rodriguez@protonmail.com,USA,1,New Haven,Standard,2021-12-08
1702,Frank Hall,frank.hall@icloud.com,USA,2,Columbia,Standard,2021-10-30
1703,Melissa Williams,melissa.williams@yahoo.com,USA,4,Dallas,Premium,2024-01-25
1704,Richard Perez,richard.perez@protonmail.com,USA,5,Reno,Standard,2021-01-11
1705,Catherine Taylor,catherine.taylor@protonmail.com,USA,5,San Francisco,Standard,2024-06-13
1706,Mark Torres,mark.torres@outlook.com,USA,6,Las Cruces,Standard,2022-02-05
1707,Pamela Walker,pamela.walker@yahoo.com,USA,5,Reno,VIP,2023-11-11
1708,Nancy Moore,nancy.moore@icloud.com,USA,5,Las Vegas,Premium,2021-08-06
1709,Edward Smith,edward.smith@hotmail.com,USA,2,Greenville,Standard,2021-07-16
1710,Edward Robinson,edward.robinson@icloud.com,USA,5,Seattle,Standard,2021-04-05
1711,Robert Rivera,robert.rivera@outlook.com,USA,2,Greensboro,VIP,2023-06-01
1712,Frank Nguyen,frank.nguyen@hotmail.com,USA,4,Shreveport,Standard,2022-09-01
1713,Brenda Smith,brenda.smith@outlook.com,USA,2,Raleigh,Standard,2022-08-04
1714,Catherine Young,catherine.young@yahoo.com,USA,4,Norman,Standard,2021-06-07
1715,Stephanie Williams,stephanie.williams@protonmail.com,USA,5,San Diego,Premium,2023-02-23
1716,Jason Garcia,jason.garcia@yahoo.com,USA,5,Spokane,Standard,2024-03-17
1717,Anthony Lewis,anthony.lewis@protonmail.com,USA,3,Cincinnati,Premium,2020-12-07
1718,Helen Thompson,helen.thompson@icloud.com,USA,3,Aurora,Premium,2024-03-03
1719,Eric Thomas,eric.thomas@hotmail.com,USA,6,Santa Fe,Premium,2020-09-09
1720,Joseph Sanchez,joseph.sanchez@yahoo.com,USA,2,Tampa,Standard,2020-12-31
1721,Daniel Roberts,daniel.roberts@protonmail.com,USA,6,Provo,VIP,2021-03-21
1722,Rebecca Hill,rebecca.hill@outlook.com,USA,2,Greensboro,Standard,2023-09-22
1723,Debra Green,debra.green@protonmail.com,USA,2,Columbia,Standard,2022-10-10
1724,Roger Robinson,roger.robinson@outlook.com,USA,5,Las Vegas,Standard,2022-03-30
1725,Brian Smith,brian.smith@icloud.com,USA,5,Henderson,Standard,2023-10-31
1726,Joseph Harris,joseph.harris@icloud.com,USA,5,Reno,Standard,2023-07-27
1727,Linda Flores,linda.flores@yahoo.com,USA,1,Rochester,Premium,2024-02-08
1728,Jose Johnson,jose.johnson@outlook.com,USA,4,Norman,Premium,2022-08-24
1729,Debra Garcia,debra.garcia@outlook.com,USA,1,Bridgeport,Premium,2021-01-30
1730,Daniel Robinson,daniel.robinson@outlook.com,USA,5,Portland,Premium,2023-12-30
1731,Betty Lee,betty.lee@yahoo.com,USA,2,Miami,Premium,2022-08-02
1732,Frank Thomas,frank.thomas@protonmail.com,USA,4,Oklahoma City,Standard,2022-10-21
1733,Peter Davis,peter.davis@icloud.com,USA,5,Portland,Standard,2024-01-18
1734,William Smith,william.smith@protonmail.com,USA,1,Bridgeport,Premium,2022-02-28
1735,Elizabeth Clark,elizabeth.clark@outlook.com,USA,5,San Diego,VIP,2023-05-28
1736,Peter Wright,peter.wright@protonmail.com,USA,1,Bridgeport,Standard,2021-08-22
1737,Timothy Campbell,timothy.campbell@gmail.com,USA,3,Saint Paul,Standard,2020-07-31
1738,Christopher Taylor,christopher.taylor@icloud.com,USA,5,San Diego,Standard,2022-01-20
1739,Jose Nelson,jose.nelson@outlook.com,USA,1,Jersey City,Standard,2021-06-25
1740,Joseph Perez,joseph.perez@protonmail.com,USA,5,Henderson,Premium,2024-03-21
1741,Ashley Carter,ashley.carter@outlook.com,USA,2,Charleston,Standard,2023-12-03
1742,Dorothy Torres,dorothy.torres@outlook.com,USA,4,Oklahoma City,Premium,2021-08-13
1743,Linda Anderson,linda.anderson@outlook.com,USA,4,Baton Rouge,VIP,2020-11-20
1744,Joshua Green,joshua.green@outlook.com,USA,3,Duluth,Standard,2020-11-12
1745,Catherine Hall,catherine.hall@yahoo.com,USA,1,Worcester,Standard,2023-07-28
1746,Sandra Johnson,sandra.johnson@yahoo.com,USA,4,Norman,Standard,2021-06-15
1747,Matthew Campbell,matthew.campbell@icloud.com,USA,5,Reno,Premium,2020-12-14
1748,Jason Adams,jason.adams@yahoo.com,USA,4,Shreveport,Standard,2022-02-13
1749,Eric Adams,eric.adams@yahoo.com,USA,5,Las Vegas,Premium,2022-02-16
1750,Maria Nelson,maria.nelson@gmail.com,USA,2,Charlotte,Standard,2020-11-03
1751,Kimberly Hill,kimberly.hill@protonmail.com,USA,5,Salem,Premium,2022-07-29
1752,Joshua Green,joshua.green@gmail.com,USA,5,Eugene,Standard,2022-01-14
1753,Christine Williams,christine.williams@hotmail.com,USA,4,Shreveport,Standard,2021-07-09
1754,Gregory Wright,gregory.wright@protonmail.com,USA,4,Houston,Standard,2023-03-06
1755,Andrew Thomas,andrew.thomas@yahoo.com,USA,2,Augusta,Premium,2021-05-16
1756,Sandra Hall,sandra.hall@protonmail.com,USA,3,Rockford,Standard,2023-02-04
1757,Kimberly Garcia,kimberly.garcia@protonmail.com,USA,1,New York,Premium,2021-09-12
1758,Barbara Wilson,barbara.wilson@yahoo.com,USA,2,Charleston,Standard,2023-01-04
1759,David Lee,david.lee@protonmail.com,USA,1,Hartford,Standard,2020-06-19
1760,Scott Gonzalez,scott.gonzalez@gmail.com,USA,4,Norman,Premium,2021-09-06
1761,Joshua Smith,joshua.smith@icloud.com,USA,3,Rockford,Standard,2024-05-11
1762,Peter Gonzalez,peter.gonzalez@icloud.com,USA,5,Las Vegas,Standard,2024-03-25
1763,Jose Hill,jose.hill@outlook.com,USA,3,Cleveland,Premium,2022-09-16
1764,Angela Jackson,angela.jackson@protonmail.com,USA,2,Savannah,Standard,2023-10-20
1765,Brenda Allen,brenda.allen@outlook.com,USA,4,Houston,Premium,2020-01-14
1766,Anthony Allen,anthony.allen@hotmail.com,USA,3,Columbus,VIP,2022-06-03
1767,Douglas Martin,douglas.martin@gmail.com,USA,6,Provo,Premium,2023-11-07
1768,Raymond Lopez,raymond.lopez@yahoo.com,USA,5,Portland,Standard,2022-10-24
1769,Donna Lee,donna.lee@icloud.com,USA,3,Lansing,Standard,2023-03-15
1770,Douglas Martinez,douglas.martinez@outlook.com,USA,1,Hartford,Standard,2023-06-03
1771,Harold Hernandez,harold.hernandez@outlook.com,USA,6,Ogden,Premium,2024-06-03
1772,Rebecca Roberts,rebecca.roberts@protonmail.com,USA,2,Raleigh,Standard,2022-01-29
1773,Christopher Martin,christopher.martin@outlook.com,USA,5,Spokane,Standard,2022-05-21
1774,Joshua Sanchez,joshua.sanchez@hotmail.com,USA,1,Hartford,Standard,2021-12-25
1775,Peter Rodriguez,peter.rodriguez@hotmail.com,USA,5,San Diego,Standard,2021-03-03
1776,Harold Rivera,harold.rivera@outlook.com,USA,2,Charlotte,Standard,2022-05-25
1777,Gary Lee,gary.lee@icloud.com,USA,4,Oklahoma City,Premium,2022-10-27
1778,Jeffrey Moore,jeffrey.moore@gmail.com,USA,1,Jersey City,VIP,2022-09-09
1779,Arthur Nguyen,arthur.nguyen@hotmail.com,USA,6,Scottsdale,Standard,2023-11-09
1780,Carl Young,carl.young@yahoo.com,USA,2,Columbia,Standard,2020-04-24
1781,Samantha Perez,samantha.perez@outlook.com,USA,4,Fort Smith,Standard,2022-08-24
1782,Sarah Mitchell,sarah.mitchell@gmail.com,USA,2,Columbia,Standard,2023-04-22
1783,Ronald Torres,ronald.torres@yahoo.com,USA,4,Little Rock,Standard,2023-03-18
1784,Anna Carter,anna.carter@protonmail.com,USA,2,Greensboro,Standard,2020-10-14
1785,William Hall,william.hall@protonmail.com,USA,5,Spokane,VIP,2021-03-15
1786,Nancy Lee,nancy.lee@hotmail.com,USA,2,Raleigh,Standard,2023-10-19
1787,Carl Taylor,carl.taylor@outlook.com,USA,4,Houston,Standard,2023-08-08
1788,Jose Ramirez,jose.ramirez@hotmail.com,USA,5,San Diego,Standard,2022-11-15
1789,Melissa Johnson,melissa.johnson@icloud.com,USA,3,Rockford,Standard,2024-06-06
1790,Raymond Young,raymond.young@outlook.com,USA,4,Austin,Standard,2023-03-03
1791,Jennifer Scott,jennifer.scott@gmail.com,USA,4,Austin,Standard,2023-06-03
1792,Katherine Gonzalez,katherine.gonzalez@gmail.com,USA,5,Reno,Standard,2022-07-13
1793,Ryan Martinez,ryan.martinez@protonmail.com,USA,2,Augusta,Premium,2021-11-26
1794,Frank King,frank.king@protonmail.com,USA,5,Las Vegas,Standard,2023-03-23
1795,Emily Smith,emily.smith@icloud.com,USA,5,Los Angeles,Standard,2021-10-22
1796,Larry Martinez,larry.martinez@outlook.com,USA,5,Tacoma,Standard,2023-08-31
1797,Christine Gonzalez,christine.gonzalez@icloud.com,USA,6,Albuquerque,VIP,2020-10-30
1798,Donald Martin,donald.martin@yahoo.com,USA,1,New York,Premium,2021-12-14
1799,William Lee,william.lee@outlook.com,USA,6,Albuquerque,Standard,2020-11-30
1800,Larry Moore,larry.moore@yahoo.com,USA,6,Santa Fe,Standard,2020-10-08
1801,Jeffrey Davis,jeffrey.davis@hotmail.com,USA,1,Jersey City,Standard,2022-07-04
1802,Jeffrey Sanchez,jeffrey.sanchez@yahoo.com,USA,2,Greenville,Standard,2020-07-09
1803,Paul Allen,paul.allen@icloud.com,USA,5,Los Angeles,VIP,2021-03-05
1804,Jessica Young,jessica.young@protonmail.com,USA,4,Baton Rouge,Standard,2021-03-06
1805,Jennifer Allen,jennifer.allen@outlook.com,USA,3,Aurora,Standard,2020-01-15
1806,Gary Clark,gary.clark@hotmail.com,USA,6,Tucson,Standard,2021-09-26
1807,William Ramirez,william.ramirez@protonmail.com,USA,2,Tampa,Premium,2022-03-09
1808,Scott Johnson,scott.johnson@outlook.com,USA,5,Seattle,Standard,2021-05-24
1809,Paul Torres,paul.torres@gmail.com,USA,1,Newark,VIP,2022-08-20
1810,Maria Williams,maria.williams@gmail.com,USA,4,Norman,Premium,2021-08-23
1811,Melissa Flores,melissa.flores@hotmail.com,USA,5,Las Vegas,Standard,2022-11-28
1812,Karen Mitchell,karen.mitchell@protonmail.com,USA,1,New York,Standard,2022-10-15
1813,Donald Martin,donald.martin@hotmail.com,USA,4,Shreveport,Standard,2020-02-28
1814,Linda Perez,linda.perez@gmail.com,USA,5,San Diego,Standard,2022-04-14
1815,Patricia Wright,patricia.wright@hotmail.com,USA,5,Portland,Standard,2020-01-31
1816,Jason Anderson,jason.anderson@gmail.com,USA,3,Chicago,Premium,2022-08-09
1817,Rebecca Wright,rebecca.wright@hotmail.com,USA,1,Buffalo,Premium,2022-08-19
1818,Steven Rodriguez,steven.rodriguez@outlook.com,USA,5,Tacoma,Premium,2024-01-07
1819,Joseph Walker,joseph.walker@hotmail.com,USA,5,Portland,Standard,2022-11-20
1820,Charles Martinez,charles.martinez@yahoo.com,USA,5,San Diego,Standard,2021-08-01
1821,Walter Miller,walter.miller@yahoo.com,USA,2,Augusta,Premium,2021-09-08
1822,Kevin Rivera,kevin.rivera@hotmail.com,USA,5,Seattle,Standard,2022-05-14
1823,Melissa Nelson,melissa.nelson@yahoo.com,USA,4,Austin,Standard,2023-07-18
1824,David Gonzalez,david.gonzalez@yahoo.com,USA,1,New York,Standard,2022-03-23
1825,Michelle Smith,michelle.smith@icloud.com,USA,3,Detroit,Premium,2023-03-28
1826,Stephanie Lewis,stephanie.lewis@yahoo.com,USA,3,Lansing,Standard,2020-08-29
1827,Catherine Moore,catherine.moore@protonmail.com,USA,5,Spokane,Standard,2021-06-06
1828,Carol Young,carol.young@icloud.com,USA,3,Rockford,Standard,2024-04-12
1829,Andrew Taylor,andrew.taylor@gmail.com,USA,5,Henderson,Standard,2023-01-17
1830,Charles Miller,charles.miller@yahoo.com,USA,6,Phoenix,Premium,2023-12-30
1831,Emily Rodriguez,emily.rodriguez@outlook.com,USA,2,Greenville,Standard,2022-10-30
1832,Nancy Sanchez,nancy.sanchez@icloud.com,USA,1,Newark,Standard,2024-02-11
1833,Catherine Thompson,catherine.thompson@icloud.com,USA,4,Norman,Premium,2022-12-11
1834,David Wright,david.wright@outlook.com,USA,4,Tulsa,Standard,2020-07-24
1835,Debra Hernandez,debra.hernandez@protonmail.com,USA,4,Norman,Standard,2023-01-12
1836,Walter Ramirez,walter.ramirez@yahoo.com,USA,2,Charleston,Standard,2022-12-04
1837,Rebecca Walker,rebecca.walker@hotmail.com,USA,2,Charlotte,Standard,2021-05-29
1838,Carl Scott,carl.scott@protonmail.com,USA,2,Miami,VIP,2022-04-20
1839,Sarah Martinez,sarah.martinez@hotmail.com,USA,5,Salem,Standard,2023-08-16
1840,Rebecca Sanchez,rebecca.sanchez@icloud.com,USA,1,Boston,Standard,2021-07-19
1841,Sarah Sanchez,sarah.sanchez@gmail.com,USA,5,Portland,Standard,2020-10-18
1842,Douglas Moore,douglas.moore@outlook.com,USA,1,Rochester,Standard,2022-12-09
1843,Susan Roberts,susan.roberts@protonmail.com,USA,4,Norman,Standard,2021-09-03
1844,Jessica Wright,jessica.wright@protonmail.com,USA,4,Oklahoma City,VIP,2024-01-14
1845,Carol Moore,carol.moore@gmail.com,USA,3,Detroit,Premium,2022-08-13
1846,Larry Nguyen,larry.nguyen@yahoo.com,USA,5,Reno,Standard,2022-12-06
1847,Susan Garcia,susan.garcia@protonmail.com,USA,4,New Orleans,Premium,2022-10-09
1848,Rachel Ramirez,rachel.ramirez@hotmail.com,USA,1,Buffalo,VIP,2024-02-09
1849,Kimberly Taylor,kimberly.taylor@protonmail.com,USA,4,Fayetteville,Standard,2021-12-31
1850,Richard Smith,richard.smith@gmail.com,USA,5,Las Vegas,Premium,2022-10-10
1851,George Nguyen,george.nguyen@hotmail.com,USA,5,San Diego,Premium,2023-02-22
1852,Nicole Torres,nicole.torres@hotmail.com,USA,4,Little Rock,Premium,2020-08-08
1853,Emma Adams,emma.adams@gmail.com,USA,4,Houston,Standard,2023-04-03
1854,Douglas Rivera,douglas.rivera@icloud.com,USA,3,Duluth,VIP,2020-03-22
1855,Jason Adams,jason.adams@hotmail.com,USA,5,San Francisco,Premium,2024-03-04
1856,Sharon Nelson,sharon.nelson@gmail.com,USA,2,Atlanta,Premium,2021-11-04
1857,Joseph Jackson,joseph.jackson@hotmail.com,USA,5,Reno,Standard,2023-10-30
1858,Jason Thompson,jason.thompson@yahoo.com,USA,2,Orlando,Standard,2023-12-02
1859,Samantha Taylor,samantha.taylor@yahoo.com,USA,2,Greensboro,Standard,2024-03-22
1860,Jason Roberts,jason.roberts@yahoo.com,USA,5,San Francisco,Standard,2023-06-16
1861,Raymond Mitchell,raymond.mitchell@yahoo.com,USA,2,Charlotte,VIP,2020-07-04
1862,Samantha Sanchez,samantha.sanchez@outlook.com,USA,4,Tulsa,Standard,2021-06-26
1863,Carl Young,carl.young@outlook.com,USA,2,Charleston,VIP,2020-11-22
1864,Lisa Lee,lisa.lee@gmail.com,USA,1,Springfield,VIP,2023-08-08
1865,Brenda Jackson,brenda.jackson@icloud.com,USA,4,Fayetteville,VIP,2020-06-04
1866,Betty Garcia,betty.garcia@gmail.com,USA,5,Reno,Standard,2024-01-06
1867,Carol Wright,carol.wright@outlook.com,USA,3,Minneapolis,VIP,2024-06-23
1868,Emily Flores,emily.flores@icloud.com,USA,6,Denver,Standard,2020-03-24
1869,Ashley Scott,ashley.scott@yahoo.com,USA,5,Seattle,Premium,2021-04-04
1870,Henry Anderson,henry.anderson@yahoo.com,USA,5,Henderson,Standard,2020-10-24
1871,Maria Jackson,maria.jackson@yahoo.com,USA,6,Provo,Standard,2023-02-13
1872,Gregory Torres,gregory.torres@yahoo.com,USA,3,Duluth,Premium,2022-03-03
1873,Catherine Taylor,catherine.taylor@protonmail.com,USA,5,Spokane,Standard,2022-01-28
1874,Matthew Thomas,matthew.thomas@outlook.com,USA,4,Austin,Standard,2021-10-20
1875,Rachel Thomas,rachel.thomas@icloud.com,USA,4,Austin,VIP,2022-09-01
1876,Raymond Lee,raymond.lee@gmail.com,USA,5,Eugene,Standard,2024-01-09
1877,Rachel Adams,rachel.adams@icloud.com,USA,5,Salem,Standard,2023-03-22
1878,David Robinson,david.robinson@icloud.com,USA,3,Minneapolis,Standard,2020-02-15
1879,Brenda Lewis,brenda.lewis@icloud.com,USA,5,Spokane,VIP,2020-10-29
1880,William Baker,william.baker@outlook.com,USA,1,Springfield,Standard,2024-01-30
1881,Linda Rivera,linda.rivera@icloud.com,USA,3,Cleveland,Standard,2023-09-17
1882,Laura Martin,laura.martin@icloud.com,USA,5,Spokane,Standard,2023-03-13
1883,Angela Clark,angela.clark@yahoo.com,USA,5,Seattle,Premium,2020-04-18
1884,Carolyn Carter,carolyn.carter@outlook.com,USA,4,Austin,Standard,2022-12-20
1885,Jose Campbell,jose.campbell@yahoo.com,USA,5,Eugene,VIP,2024-04-03
1886,Paul Lopez,paul.lopez@gmail.com,USA,4,Fayetteville,Standard,2021-11-10
1887,Jennifer Miller,jennifer.miller@hotmail.com,USA,4,Fort Smith,Standard,2023-11-27
1888,Scott Rodriguez,scott.rodriguez@outlook.com,USA,1,Worcester,Standard,2023-12-19
1889,Sharon Taylor,sharon.taylor@hotmail.com,USA,1,Worcester,Standard,2021-04-09
1890,Jason Adams,jason.adams@protonmail.com,USA,1,Hartford,Premium,2021-06-11
1891,Robert Hill,robert.hill@gmail.com,USA,6,Scottsdale,Standard,2020-07-14
1892,Lisa Smith,lisa.smith@icloud.com,USA,1,Worcester,Standard,2020-02-26
1893,Joshua Torres,joshua.torres@outlook.com,USA,5,Portland,Premium,2023-06-25
1894,Amy Lopez,amy.lopez@icloud.com,USA,2,Charlotte,Premium,2020-11-12
1895,Dennis White,dennis.white@icloud.com,USA,1,Bridgeport,VIP,2020-12-29
1896,Stephen Martinez,stephen.martinez@hotmail.com,USA,1,Rochester,Standard,2021-09-30
1897,Emily Miller,emily.miller@outlook.com,USA,5,Portland,Premium,2021-01-30
1898,Nicole Martinez,nicole.martinez@icloud.com,USA,6,Ogden,Premium,2022-03-07
1899,Laura Davis,laura.davis@protonmail.com,USA,4,New Orleans,Standard,2020-10-16
1900,Kenneth Young,kenneth.young@yahoo.com,USA,5,San Francisco,Standard,2022-09-10
1901,Harold Rivera,harold.rivera@icloud.com,USA,1,Rochester,Premium,2021-10-18
1902,Shirley Torres,shirley.torres@icloud.com,USA,5,Henderson,Premium,2021-02-15
1903,Brian Lee,brian.lee@yahoo.com,USA,3,Cleveland,Premium,2022-05-23
1904,Stephanie Ramirez,stephanie.ramirez@hotmail.com,USA,1,Buffalo,Standard,2021-10-20
1905,Brenda Walker,brenda.walker@icloud.com,USA,3,Saint Paul,VIP,2023-11-01
1906,Rachel Brown,rachel.brown@icloud.com,USA,5,Portland,Standard,2023-04-18
1907,Catherine Torres,catherine.torres@icloud.com,USA,1,Springfield,Standard,2022-12-30
1908,Linda Brown,linda.brown@outlook.com,USA,3,Lansing,Standard,2023-11-02
1909,Sharon Mitchell,sharon.mitchell@icloud.com,USA,4,Norman,Standard,2023-10-26
1910,Rachel Williams,rachel.williams@yahoo.com,USA,1,Newark,VIP,2021-10-17
1911,Elizabeth Rivera,elizabeth.rivera@yahoo.com,USA,3,Chicago,Standard,2021-02-25
1912,Henry Davis,henry.davis@outlook.com,USA,1,Trenton,Standard,2020-12-28
1913,Deborah Anderson,deborah.anderson@outlook.com,USA,6,Salt Lake City,Standard,2020-10-17
1914,Dennis Thomas,dennis.thomas@icloud.com,USA,5,Henderson,Premium,2023-12-25
1915,Patrick Martin,patrick.martin@yahoo.com,USA,6,Colorado Springs,VIP,2020-01-21
1916,Rebecca Clark,rebecca.clark@hotmail.com,USA,2,Savannah,Standard,2023-05-14
1917,Maria Green,maria.green@protonmail.com,USA,3,Minneapolis,Premium,2023-11-13
1918,George Jones,george.jones@protonmail.com,USA,1,Jersey City,Standard,2021-01-10
1919,Raymond Lee,raymond.lee@yahoo.com,USA,6,Boulder,VIP,2023-11-24
1920,Timothy Jackson,timothy.jackson@icloud.com,USA,2,Charlotte,VIP,2020-09-01
1921,Timothy Gonzalez,timothy.gonzalez@gmail.com,USA,4,Little Rock,Standard,2022-11-27
1922,Michael Walker,michael.walker@hotmail.com,USA,1,Newark,Standard,2021-01-12
1923,Richard Carter,richard.carter@protonmail.com,USA,5,Salem,Premium,2022-01-29
1924,Jeffrey Mitchell,jeffrey.mitchell@yahoo.com,USA,3,Rockford,Premium,2024-04-19
1925,Mark Roberts,mark.roberts@yahoo.com,USA,5,San Diego,Standard,2020-11-08
1926,Carol Taylor,carol.taylor@yahoo.com,USA,3,Cincinnati,Standard,2022-03-12
1927,Gary Martinez,gary.martinez@outlook.com,USA,4,Oklahoma City,Premium,2021-02-02
1928,Kevin Nelson,kevin.nelson@protonmail.com,USA,3,Minneapolis,Standard,2023-05-17
1929,Shirley Jackson,shirley.jackson@icloud.com,USA,1,Boston,Standard,2023-11-03
1930,William Clark,william.clark@icloud.com,USA,4,Norman,Standard,2022-01-28
1931,Michael Martinez,michael.martinez@gmail.com,USA,5,San Francisco,Standard,2023-02-26
1932,Barbara Harris,barbara.harris@icloud.com,USA,1,Trenton,Standard,2023-02-28
1933,Anna Jones,anna.jones@gmail.com,USA,4,Fayetteville,Premium,2022-03-01
1934,Brian Baker,brian.baker@icloud.com,USA,3,Cincinnati,Premium,2023-06-08
1935,Steven Thompson,steven.thompson@protonmail.com,USA,3,Cleveland,Premium,2022-01-07
1936,George Martinez,george.martinez@outlook.com,USA,4,Tulsa,Standard,2020-11-24
1937,Melissa Mitchell,melissa.mitchell@gmail.com,USA,3,Detroit,Standard,2022-07-30
1938,Jose Rivera,jose.rivera@icloud.com,USA,5,Las Vegas,Premium,2021-12-23
1939,Donald Sanchez,donald.sanchez@hotmail.com,USA,5,Henderson,Standard,2022-06-28
1940,Deborah Robinson,deborah.robinson@outlook.com,USA,2,Columbia,VIP,2022-12-21
1941,Donald Thomas,donald.thomas@yahoo.com,USA,5,Eugene,Premium,2024-05-24
1942,Helen White,helen.white@hotmail.com,USA,4,Fort Smith,Premium,2021-09-20
1943,Margaret Sanchez,margaret.sanchez@yahoo.com,USA,3,Saint Paul,VIP,2023-07-01
1944,Jose Brown,jose.brown@yahoo.com,USA,2,Augusta,Standard,2022-11-25
1945,Sharon Lopez,sharon.lopez@hotmail.com,USA,1,Jersey City,Premium,2023-09-28
1946,Paul Moore,paul.moore@protonmail.com,USA,5,Eugene,Standard,2023-03-23
1947,Betty Martinez,betty.martinez@hotmail.com,USA,2,Augusta,Standard,2024-04-10
1948,Eric Lee,eric.lee@icloud.com,USA,6,Scottsdale,Standard,2024-05-30
1949,William Garcia,william.garcia@gmail.com,USA,1,Buffalo,Standard,2021-10-03
1950,Amanda Gonzalez,amanda.gonzalez@protonmail.com,USA,1,Jersey City,Standard,2022-01-13
1951,Helen Lee,helen.lee@icloud.com,USA,6,Provo,Standard,2023-12-11
1952,Paul Jackson,paul.jackson@outlook.com,USA,1,Newark,Standard,2022-04-30
1953,Jessica Wright,jessica.wright@icloud.com,USA,3,Duluth,Standard,2023-11-14
1954,Ashley Davis,ashley.davis@protonmail.com,USA,6,Salt Lake City,VIP,2020-03-21
1955,Sarah Harris,sarah.harris@hotmail.com,USA,3,Columbus,Premium,2023-11-10
1956,Matthew Lewis,matthew.lewis@icloud.com,USA,4,Little Rock,Premium,2023-10-07
1957,Joshua Thompson,joshua.thompson@outlook.com,USA,6,Denver,Standard,2020-10-03
1958,Helen Martin,helen.martin@protonmail.com,USA,3,Columbus,Premium,2021-02-07
1959,Samantha Lee,samantha.lee@outlook.com,USA,5,San Francisco,Premium,2024-06-25
1960,Amy Johnson,amy.johnson@icloud.com,USA,5,Las Vegas,Standard,2021-06-01
1961,Mark Allen,mark.allen@outlook.com,USA,6,Tucson,Standard,2020-12-07
1962,David Adams,david.adams@yahoo.com,USA,5,Spokane,Standard,2021-11-22
1963,Patricia Moore,patricia.moore@protonmail.com,USA,6,Ogden,Standard,2021-11-12
1964,Gregory Williams,gregory.williams@yahoo.com,USA,5,San Diego,Premium,2020-02-09
1965,Ronald Harris,ronald.harris@yahoo.com,USA,6,Provo,Standard,2023-11-24
1966,Douglas Moore,douglas.moore@protonmail.com,USA,3,Lansing,Standard,2022-04-13
1967,Carl Perez,carl.perez@yahoo.com,USA,6,Boulder,Standard,2022-09-28
1968,Brian Moore,brian.moore@gmail.com,USA,6,Scottsdale,Standard,2022-11-08
1969,Thomas Johnson,thomas.johnson@yahoo.com,USA,5,Los Angeles,Standard,2020-12-28
1970,Melissa Jones,melissa.jones@yahoo.com,USA,4,Oklahoma City,Standard,2020-01-20
1971,Arthur Smith,arthur.smith@protonmail.com,USA,5,Los Angeles,Premium,2023-07-06
1972,Frank Green,frank.green@outlook.com,USA,5,San Diego,Standard,2020-04-25
1973,Carl Rodriguez,carl.rodriguez@yahoo.com,USA,6,Phoenix,Standard,2024-01-10
1974,Jennifer Smith,jennifer.smith@hotmail.com,USA,5,Portland,Standard,2024-01-08
1975,Richard Harris,richard.harris@outlook.com,USA,4,Tulsa,Standard,2023-12-21
1976,Amy Hill,amy.hill@protonmail.com,USA,1,Springfield,Premium,2023-04-27
1977,Barbara Lewis,barbara.lewis@yahoo.com,USA,4,Houston,Standard,2021-06-23
1978,Christopher Wright,christopher.wright@icloud.com,USA,6,Scottsdale,VIP,2020-06-04
1979,Mark Lopez,mark.lopez@outlook.com,USA,5,Portland,Standard,2023-07-25
1980,Emma Jackson,emma.jackson@icloud.com,USA,3,Detroit,Standard,2021-05-28
1981,Jason Mitchell,jason.mitchell@yahoo.com,USA,4,Baton Rouge,VIP,2020-11-26
1982,William Brown,william.brown@gmail.com,USA,3,Rockford,VIP,2022-05-30
1983,Richard Baker,richard.baker@protonmail.com,USA,3,Aurora,Premium,2024-04-28
1984,Matthew Hall,matthew.hall@protonmail.com,USA,4,Austin,Standard,2024-01-29
1985,Anthony Lewis,anthony.lewis@outlook.com,USA,5,Reno,Premium,2021-09-06
1986,Maria Young,maria.young@outlook.com,USA,4,Oklahoma City,Premium,2020-12-15
1987,Patricia Hall,patricia.hall@outlook.com,USA,3,Saint Paul,Standard,2022-08-07
1988,Cynthia Lewis,cynthia.lewis@yahoo.com,USA,1,New Haven,Standard,2020-10-12
1989,Anthony Harris,anthony.harris@protonmail.com,USA,1,Boston,Standard,2024-06-08
1990,Harold Lopez,harold.lopez@yahoo.com,USA,4,Oklahoma City,Standard,2020-02-03
1991,Timothy Walker,timothy.walker@yahoo.com,USA,2,Atlanta,Premium,2022-03-14
1992,Daniel Martin,daniel.martin@icloud.com,USA,2,Savannah,Premium,2024-01-22
1993,Amy Ramirez,amy.ramirez@hotmail.com,USA,6,Santa Fe,Premium,2020-05-02
1994,Amanda Miller,amanda.miller@gmail.com,USA,6,Ogden,Standard,2020-10-16
1995,Kenneth King,kenneth.king@hotmail.com,USA,5,Reno,Standard,2021-09-22
1996,Patrick Hernandez,patrick.hernandez@outlook.com,USA,4,Fayetteville,Standard,2023-05-11
1997,Charles King,charles.king@outlook.com,USA,2,Greensboro,Standard,2022-01-26
1998,Joshua Walker,joshua.walker@gmail.com,USA,1,Worcester,Standard,2021-03-04
1999,Michelle Hall,michelle.hall@yahoo.com,USA,6,Boulder,Premium,2024-05-30
2000,Kimberly Scott,kimberly.scott@outlook.com,USA,4,Shreveport,Standard,2020-09-17
