order_id,date_id,order_date,customer_id,channel_id,promo_id,subtotal,discount_amount,tax_rate,total
1,1,2022-01-01,1796,3,NULL,81.32,0,0.065,86.61
2,1,2022-01-01,1778,2,NULL,742.8,0,0.07,794.8
3,1,2022-01-01,747,2,,440.57,0,0.0575,465.9
4,2,2022-01-02,803,2,,305.55,0,0.0685,326.48
5,2,2022-01-02,1824,2,,902.1,0,0.08,974.27
6,2,2022-01-02,643,2,,619.25,0,0.05125,650.99
7,3,2022-01-03,782,2,,646.16,0,0.0445,674.91
8,3,2022-01-03,812,1,,69.38,0,0.065,73.89
9,3,2022-01-03,199,3,,731.41,0,0,731.41
10,4,2022-01-04,1733,2,,90.8,0,0,90.8
11,4,2022-01-04,1769,3,,103.88,0,0.06,110.11
12,4,2022-01-04,1110,1,,327.69,0,0.08,353.91
13,5,2022-01-05,1688,1,,103.87,0,0.0485,108.91
14,5,2022-01-05,1682,3,,543.08,0,0.065,578.38
15,5,2022-01-05,1087,2,,320.67,0,0.06875,342.72
16,6,2022-01-06,803,1,,337.49,0,0.0685,360.61
17,6,2022-01-06,798,3,,222.8,0,0.0575,235.61
18,6,2022-01-06,838,1,,567.48,0,0.0685,606.35
19,7,2022-01-07,1,2,,620.68,0,0.0685,663.2
20,7,2022-01-07,1769,2,,827.82,0,0.06,877.49
21,7,2022-01-07,1757,2,,280.5,0,0.08,302.94
22,8,2022-01-08,1179,1,,163.45,0,0.06,173.26
23,8,2022-01-08,708,1,,203.08,0,0.04,211.2
24,8,2022-01-08,135,2,,844.19,0,0.0635,897.8
25,9,2022-01-09,519,3,,510.28,0,0.0725,547.28
26,9,2022-01-09,135,3,,1567.8,0,0.0635,1667.36
27,9,2022-01-09,143,1,,336.95,0,0.0625,358.01
28,10,2022-01-10,629,3,,71.32,0,0.0685,76.21
29,10,2022-01-10,1187,1,,272.89,0,0.065,290.63
30,10,2022-01-10,1798,3,1,326.55,36.28,0.08,352.67
31,11,2022-01-11,479,3,,1233.25,0,0.0625,1310.33
32,11,2022-01-11,1068,1,,158.35,0,0.0475,165.87
33,11,2022-01-11,1496,1,,183.95,0,0.056,194.25
34,12,2022-01-12,1292,3,,461.73,0,0.0625,490.59
35,12,2022-01-12,1160,3,,566.72,0,0.06,600.72
36,12,2022-01-12,973,2,,522.95,0,0.029,538.12
37,13,2022-01-13,438,2,1,125.07,13.9,0.0445,130.64
38,13,2022-01-13,357,2,1,525.56,58.38,0.0485,551.05
39,13,2022-01-13,861,3,1,539.71,59.98,0.0685,576.68
40,14,2022-01-14,68,2,,381.76,0,0.0625,405.62
41,14,2022-01-14,1309,3,,172.35,0,0.0725,184.85
42,14,2022-01-14,463,2,1,384.72,42.74,0.065,409.73
43,15,2022-01-15,225,2,1,437.69,48.63,0.0475,458.48
44,15,2022-01-15,1388,3,,92.44,0,0.07,98.91
45,15,2022-01-15,840,2,,58.38,0,0.0625,62.03
46,16,2022-01-16,1254,3,,527.29,0,0.0625,560.25
47,16,2022-01-16,792,2,,193.05,0,0.0625,205.12
48,16,2022-01-16,811,3,1,1157.98,128.69,0.0625,1230.35
49,17,2022-01-17,248,1,,1366.7,0,0.0635,1453.49
50,17,2022-01-17,1113,3,,673.51,0,0.06,713.92
51,17,2022-01-17,82,3,1,408.69,45.42,0.029,420.54
52,18,2022-01-18,91,2,,1470.61,0,0.08,1588.26
53,18,2022-01-18,314,2,,828.97,0,0.06875,885.96
54,18,2022-01-18,1169,2,1,694.65,77.2,0.0725,745.01
55,18,2022-01-18,1687,1,,649.38,0,0.06,688.34
56,19,2022-01-19,1953,3,,97.41,0,0.06875,104.11
57,19,2022-01-19,915,3,,215.02,0,0.06875,229.8
58,19,2022-01-19,1391,3,,9.88,0,0.0725,10.6
59,20,2022-01-20,973,2,1,489.21,54.35,0.029,503.4
60,20,2022-01-20,534,2,,621.88,0,0.045,649.86
61,20,2022-01-20,1374,1,,380.53,0,0.0575,402.41
62,21,2022-01-21,1595,2,,156.23,0,0.04,162.48
63,21,2022-01-21,1986,3,1,95.36,10.6,0.045,99.65
64,21,2022-01-21,263,1,,267.23,0,0.06875,285.6
65,22,2022-01-22,162,3,,1053.64,0,0.0445,1100.53
66,22,2022-01-22,1344,1,,236.5,0,0.029,243.36
67,22,2022-01-22,706,2,,55.83,0,0.0625,59.32
68,23,2022-01-23,1683,3,,595.88,0,0.0635,633.72
69,23,2022-01-23,1052,1,,63,0,0.065,67.09
70,23,2022-01-23,82,1,1,1653.72,183.77,0.029,1701.68
71,24,2022-01-24,895,1,,91.1,0,0.0485,95.52
72,24,2022-01-24,892,1,,29.45,0,0.04,30.63
73,24,2022-01-24,37,1,1,227.7,25.29,0.0625,241.93
74,25,2022-01-25,753,1,1,26.51,2.94,0.0725,28.43
75,25,2022-01-25,1857,1,,273.17,0,0.0685,291.88
76,25,2022-01-25,403,1,,941.58,0,0.0485,987.25
77,26,2022-01-26,1570,3,,905.02,0,0.065,963.85
78,26,2022-01-26,1757,2,,47.32,0,0.08,51.11
79,26,2022-01-26,1977,2,,368.52,0,0.0625,391.55
80,27,2022-01-27,459,1,,1276.71,0,0.08,1378.85
81,27,2022-01-27,705,3,,541.26,0,0.065,576.44
82,27,2022-01-27,24,1,1,115.67,12.85,0.065,123.19
83,28,2022-01-28,1114,2,,64.15,0,0.06,68
84,28,2022-01-28,1361,1,,775.34,0,0.0685,828.45
85,28,2022-01-28,1662,1,,586.93,0,0.04,610.41
86,29,2022-01-29,356,2,1,797.73,88.62,0.05125,838.61
87,29,2022-01-29,1896,1,1,20.39,2.27,0.08,22.02
88,29,2022-01-29,1805,1,,80.43,0,0.0625,85.46
89,30,2022-01-30,1141,2,,81.21,0,0.0485,85.15
90,30,2022-01-30,809,1,,322.92,0,0.04,335.84
91,30,2022-01-30,1586,1,,476.17,0,0.0685,508.79
92,31,2022-01-31,411,1,,1559.62,0,0.0725,1672.69
93,31,2022-01-31,1335,3,,190.3,0,0.06,201.72
94,31,2022-01-31,669,1,,810.14,0,0.056,855.51
95,32,2022-02-01,99,2,,1202.45,0,0.06875,1285.12
96,32,2022-02-01,353,2,,1170.13,0,0,1170.13
97,32,2022-02-01,963,2,,647.62,0,0.07,692.95
98,33,2022-02-02,1721,3,,1006.63,0,0.0485,1055.45
99,33,2022-02-02,555,1,,420.41,0,0.08,454.04
100,33,2022-02-02,1335,2,,570.92,0,0.06,605.18
101,34,2022-02-03,1292,1,,616.84,0,0.0625,655.39
102,34,2022-02-03,1773,1,,1632.96,0,0.065,1739.1
103,34,2022-02-03,1725,2,,280.06,0,0.0685,299.24
104,35,2022-02-04,1667,3,,487.98,0,0.0625,518.48
105,35,2022-02-04,1655,2,,94.9,0,0.04,98.7
106,35,2022-02-04,563,1,,985.54,0,0,985.54
107,36,2022-02-05,339,2,,618.23,0,0.0575,653.78
108,36,2022-02-05,1317,3,,63.08,0,0.04,65.6
109,36,2022-02-05,437,3,,526.6,0,0.0445,550.03
110,37,2022-02-06,378,2,,1318.01,0,0.06875,1408.62
111,37,2022-02-06,1472,2,,459.53,0,0.07,491.7
112,37,2022-02-06,949,1,,245.18,0,0.0625,260.5
113,38,2022-02-07,297,1,,424,0,0.07,453.68
114,38,2022-02-07,1316,3,,492.51,0,0.06875,526.37
115,38,2022-02-07,280,1,,670.31,0,0.0575,708.85
116,39,2022-02-08,1934,3,,412.28,0,0.0575,435.99
117,39,2022-02-08,1881,3,,411.14,0,0.0575,434.78
118,39,2022-02-08,293,3,,753.97,0,0.07,806.75
119,40,2022-02-09,1968,2,,72.4,0,0.056,76.45
120,40,2022-02-09,178,2,,933.99,0,0.065,994.7
121,40,2022-02-09,1677,3,,37.56,0,0.06875,40.14
122,41,2022-02-10,1896,2,,348.36,0,0.08,376.23
123,41,2022-02-10,861,1,2,224.89,39.69,0.0685,240.29
124,41,2022-02-10,1680,3,2,333.21,58.79,0.065,354.87
125,42,2022-02-11,1645,2,,193.05,0,0.0625,205.12
126,42,2022-02-11,1550,3,,41.69,0,0.06,44.19
127,42,2022-02-11,1167,3,2,192.81,34.02,0.056,203.61
128,43,2022-02-12,1150,3,2,269.59,47.57,0.056,284.69
129,43,2022-02-12,1324,2,,616.96,0,0.0725,661.69
130,43,2022-02-12,1757,1,,83.42,0,0.08,90.09
131,44,2022-02-13,411,2,2,1184.96,209.11,0.0725,1270.87
132,44,2022-02-13,1818,2,,558.36,0,0.065,594.65
133,44,2022-02-13,1784,2,2,52.56,9.27,0.0475,55.06
134,45,2022-02-14,1466,2,,823.16,0,0.0685,879.55
135,45,2022-02-14,630,2,,223.32,0,0.04,232.25
136,45,2022-02-14,854,1,,166.84,0,0.06,176.85
137,46,2022-02-15,984,3,,682.43,0,0.07,730.2
138,46,2022-02-15,1449,1,,309.81,0,0.08,334.59
139,46,2022-02-15,1399,1,,287.04,0,0.045,299.96
140,47,2022-02-16,939,2,,261.91,0,0.0725,280.9
141,47,2022-02-16,1623,1,,260.34,0,0.06875,278.24
142,47,2022-02-16,429,1,,1353.93,0,0.065,1441.94
143,48,2022-02-17,798,1,,50.67,0,0.0575,53.58
144,48,2022-02-17,311,1,,594.34,0,0.06,630
145,48,2022-02-17,293,1,,241.5,0,0.07,258.41
146,49,2022-02-18,47,2,,1158.34,0,0.045,1210.47
147,49,2022-02-18,636,2,,372,0,0,372
148,49,2022-02-18,1169,2,,68.4,0,0.0725,73.36
149,50,2022-02-19,247,2,,427.24,0,0.08,461.42
150,50,2022-02-19,546,3,,209.78,0,0.07,224.46
151,50,2022-02-19,1331,2,,557.5,0,0.05125,586.07
152,51,2022-02-20,1368,2,,399.69,0,0.0635,425.07
153,51,2022-02-20,1115,1,,78.42,0,0.065,83.52
154,51,2022-02-20,1416,1,,188.05,0,0.0485,197.17
155,52,2022-02-21,911,3,,284.13,0,0,284.13
156,52,2022-02-21,604,1,,56.83,0,0.0635,60.44
157,52,2022-02-21,1965,1,,723,0,0.0485,758.07
158,53,2022-02-22,1828,2,,757.51,0,0.0625,804.85
159,53,2022-02-22,1093,1,,68.4,0,0.06,72.5
160,53,2022-02-22,786,2,,439.17,0,0.06,465.52
161,54,2022-02-23,1698,1,,551.76,0,0.045,576.59
162,54,2022-02-23,389,2,,919.72,0,0,919.72
163,54,2022-02-23,1114,2,,1331.97,0,0.06,1411.89
164,55,2022-02-24,1009,1,,212.61,0,0.0725,228.02
165,55,2022-02-24,1010,1,,61.53,0,0.0625,65.38
166,55,2022-02-24,1791,1,,179.54,0,0.0625,190.76
167,56,2022-02-25,1483,2,,132.59,0,0,132.59
168,56,2022-02-25,1702,3,,851.38,0,0.06,902.46
169,56,2022-02-25,1662,2,,231.58,0,0.04,240.84
170,57,2022-02-26,1446,1,,545.17,0,0.06,577.88
171,57,2022-02-26,1010,2,,50.53,0,0.0625,53.69
172,57,2022-02-26,727,1,,649.63,0,0.0575,686.98
173,58,2022-02-27,1309,1,,704.54,0,0.0725,755.62
174,58,2022-02-27,472,2,,691.66,0,0.0725,741.81
175,58,2022-02-27,1747,3,,753.85,0,0.0685,805.49
176,59,2022-02-28,610,3,,126.76,0,0,126.76
177,59,2022-02-28,1471,2,,739.74,0,0.06875,790.6
178,59,2022-02-28,390,1,,1233.57,0,0.06,1307.58
179,60,2022-03-01,802,1,,63.03,0,0.07,67.44
180,60,2022-03-01,1291,2,,217.61,0,0.0445,227.29
181,60,2022-03-01,167,1,,919.89,0,0.0445,960.83
182,60,2022-03-01,674,1,,88.22,0,0.065,93.95
183,61,2022-03-02,1604,3,,716.67,0,0.065,763.25
184,61,2022-03-02,198,2,,594.16,0,0.06875,635.01
185,61,2022-03-02,1371,1,,562.65,0,0.056,594.16
186,61,2022-03-02,1291,2,,425.98,0,0.0445,444.94
187,62,2022-03-03,1607,1,,166.78,0,0.0685,178.2
188,62,2022-03-03,291,3,,804.52,0,0.0635,855.61
189,62,2022-03-03,466,2,,884.33,0,0.0635,940.48
190,62,2022-03-03,1831,3,,83.43,0,0.06,88.44
191,63,2022-03-04,1706,1,,370.07,0,0.05125,389.04
192,63,2022-03-04,7,1,,183.95,0,0.0635,195.63
193,63,2022-03-04,1317,2,,505.32,0,0.04,525.53
194,63,2022-03-04,1663,1,,423.73,0,0.0625,450.21
195,64,2022-03-05,1759,3,,177.4,0,0.0635,188.66
196,64,2022-03-05,1235,2,,774.08,0,0.056,817.43
197,64,2022-03-05,1436,2,,112.36,0,0.06,119.1
198,64,2022-03-05,1393,2,,38.47,0,0.04,40.01
199,65,2022-03-06,1102,2,,339.2,0,0.065,361.25
200,65,2022-03-06,1201,1,,520.32,0,0.06,551.54
201,65,2022-03-06,483,2,,656.44,0,0.0635,698.12
202,65,2022-03-06,295,3,,1499.9,0,0.0725,1608.64
203,66,2022-03-07,965,2,,156.69,0,0.0485,164.29
204,66,2022-03-07,1977,1,,349.91,0,0.0625,371.78
205,66,2022-03-07,641,3,,383.22,0,0.06875,409.57
206,66,2022-03-07,1114,2,,1392.93,0,0.06,1476.51
207,67,2022-03-08,979,1,,178.19,0,0.065,189.77
208,67,2022-03-08,1332,1,,1169.57,0,0.0625,1242.67
209,67,2022-03-08,1906,2,,1684.43,0,0,1684.43
210,67,2022-03-08,119,1,,584.42,0,0.045,610.72
211,68,2022-03-09,1931,1,,203.25,0,0.0725,217.99
212,68,2022-03-09,857,3,,68.78,0,0.0685,73.49
213,68,2022-03-09,31,2,,720.75,0,0.0625,765.8
214,68,2022-03-09,100,2,,1602.01,0,0.06,1698.13
215,69,2022-03-10,696,2,,709.07,0,0.045,740.98
216,69,2022-03-10,882,2,,662.96,0,0.0625,704.4
217,69,2022-03-10,660,2,,151.08,0,0.0725,162.03
218,69,2022-03-10,385,1,,935.77,0,0.0445,977.41
219,70,2022-03-11,1481,1,,1536.92,0,0.05125,1615.69
220,70,2022-03-11,384,2,,1960.04,0,0.0575,2072.74
221,70,2022-03-11,425,2,,909.05,0,0.0625,965.87
222,70,2022-03-11,637,1,,66.17,0,0.065,70.47
223,71,2022-03-12,1642,2,,306.06,0,0.0635,325.49
224,71,2022-03-12,1404,3,,454.23,0,0.0685,485.34
225,71,2022-03-12,111,1,,664.18,0,0.06,704.03
226,71,2022-03-12,952,3,,1254.46,0,0.0685,1340.39
227,72,2022-03-13,1870,1,,329.34,0,0.0685,351.9
228,72,2022-03-13,1802,3,,990.18,0,0.06,1049.59
229,72,2022-03-13,662,1,,312.44,0,0.065,332.75
230,72,2022-03-13,233,1,,1594.4,0,0.0625,1694.05
231,73,2022-03-14,843,1,,263.76,0,0.04,274.31
232,73,2022-03-14,1032,1,,225.24,0,0.045,235.38
233,73,2022-03-14,956,1,,144.94,0,0.065,154.36
234,73,2022-03-14,629,2,,235.05,0,0.0685,251.15
235,74,2022-03-15,946,2,,89.33,0,0.05125,93.91
236,74,2022-03-15,1562,1,,780.48,0,0.0575,825.36
237,74,2022-03-15,316,1,,622.2,0,0.0725,667.31
238,74,2022-03-15,748,1,,126.29,0,0.0685,134.94
239,75,2022-03-16,1634,2,,1609.31,0,0.045,1681.73
240,75,2022-03-16,878,1,,35.66,0,0.06,37.8
241,75,2022-03-16,1002,1,,250.81,0,0.05125,263.66
242,75,2022-03-16,618,1,,219.26,0,0.0625,232.96
243,76,2022-03-17,1377,1,,257.74,0,0.0625,273.85
244,76,2022-03-17,444,2,,15.1,0,0,15.1
245,76,2022-03-17,1771,2,,180.14,0,0.0485,188.88
246,76,2022-03-17,225,3,,1251.86,0,0.0475,1311.32
247,77,2022-03-18,62,2,,581.19,0,0.065,618.97
248,77,2022-03-18,1517,2,,866.34,0,0.0685,925.68
249,77,2022-03-18,106,2,,183.4,0,0.0625,194.86
250,77,2022-03-18,1575,2,,359.23,0,0.06,380.78
251,78,2022-03-19,460,2,,914.3,0,0.065,973.73
252,78,2022-03-19,295,1,,140.11,0,0.0725,150.27
253,78,2022-03-19,1213,1,,292.72,0,0.06,310.28
254,78,2022-03-19,1583,1,,242.32,0,0.065,258.07
255,79,2022-03-20,1112,1,,93.27,0,0.0575,98.63
256,79,2022-03-20,891,2,,236.5,0,0.065,251.87
257,79,2022-03-20,56,2,,1037.31,0,0.0685,1108.37
258,79,2022-03-20,135,1,,875.48,0,0.0635,931.07
259,80,2022-03-21,79,1,,630.32,0,0.08,680.75
260,80,2022-03-21,752,1,,838.77,0,0.045,876.51
261,80,2022-03-21,111,1,,951.8,0,0.06,1008.91
262,80,2022-03-21,1100,1,,1234.18,0,0.0685,1318.72
263,81,2022-03-22,632,3,,734.92,0,0.0635,781.59
264,81,2022-03-22,25,1,,542.44,0,0.06,574.99
265,81,2022-03-22,1704,3,,112.11,0,0.0685,119.79
266,81,2022-03-22,1295,2,,251.5,0,0.06,266.59
267,82,2022-03-23,1157,3,,193.05,0,0.06,204.63
268,82,2022-03-23,538,2,,715.66,0,0.065,762.18
269,82,2022-03-23,1938,2,,44.34,0,0.0685,47.38
270,82,2022-03-23,472,1,,1043.84,0,0.0725,1119.52
271,83,2022-03-24,1862,2,,283.7,0,0.045,296.47
272,83,2022-03-24,1554,1,,98.27,0,0.0625,104.41
273,83,2022-03-24,960,3,,216.51,0,0.0685,231.34
274,83,2022-03-24,1858,2,,998.07,0,0.06,1057.95
275,84,2022-03-25,1520,1,,321.19,0,0.08,346.89
276,84,2022-03-25,729,1,,132.59,0,0.0575,140.21
277,84,2022-03-25,731,1,,515.38,0,0.06,546.3
278,84,2022-03-25,897,1,,510.37,0,0,510.37
279,85,2022-03-26,623,2,,569.58,0,0.0725,610.87
280,85,2022-03-26,1325,1,,340.21,0,0.07,364.02
281,85,2022-03-26,277,3,,709.38,0,0.06875,758.15
282,85,2022-03-26,513,3,,488.98,0,0.06,518.32
283,86,2022-03-27,367,1,,278.76,0,0.06875,297.92
284,86,2022-03-27,140,2,,515.32,0,0.07,551.39
285,86,2022-03-27,655,3,,483.51,0,0.0635,514.21
286,86,2022-03-27,851,1,,1167.23,0,0.07,1248.94
287,87,2022-03-28,530,3,,486.22,0,0.0685,519.53
288,87,2022-03-28,1722,3,,547.47,0,0.0475,573.47
289,87,2022-03-28,1121,2,,825.54,0,0.08,891.58
290,87,2022-03-28,942,3,,133.06,0,0.05125,139.88
291,88,2022-03-29,1724,1,,416.41,0,0.0685,444.93
292,88,2022-03-29,399,1,,1429.2,0,0,1429.2
293,88,2022-03-29,230,1,,932.5,0,0.0625,990.78
294,88,2022-03-29,1736,1,,154.87,0,0.0635,164.7
295,89,2022-03-30,1375,2,,428.57,0,0.06,454.28
296,89,2022-03-30,263,1,,288.88,0,0.06875,308.74
297,89,2022-03-30,1271,3,,204.93,0,0.045,214.15
298,89,2022-03-30,477,1,,291.9,0,0.029,300.37
299,90,2022-03-31,1068,2,,839.84,0,0.0475,879.73
300,90,2022-03-31,1113,3,,323.11,0,0.06,342.5
301,90,2022-03-31,828,1,,375.28,0,0.06,397.8
302,90,2022-03-31,408,3,,789.75,0,0.0725,847.01
303,91,2022-04-01,900,2,,55.83,0,0.07,59.74
304,91,2022-04-01,1675,2,,312.6,0,0.0625,332.14
305,91,2022-04-01,168,1,,358.45,0,0.0635,381.21
306,91,2022-04-01,1943,3,,664.95,0,0.06875,710.67
307,92,2022-04-02,1275,1,,355.1,0,0.06,376.41
308,92,2022-04-02,1163,2,,226.47,0,0.06875,242.04
309,92,2022-04-02,1031,2,,267.28,0,0.04,277.97
310,92,2022-04-02,1743,1,,249.74,0,0.0445,260.85
311,93,2022-04-03,1602,3,,102.12,0,0,102.12
312,93,2022-04-03,1647,3,,618.45,0,0.029,636.39
313,93,2022-04-03,1740,1,,1210.2,0,0.0685,1293.1
314,93,2022-04-03,354,1,,1551.7,0,0.06,1644.8
315,94,2022-04-04,91,2,,218.79,0,0.08,236.29
316,94,2022-04-04,196,1,,1425.16,0,0.045,1489.29
317,94,2022-04-04,491,1,,767.57,0,0.0625,815.54
318,94,2022-04-04,417,3,,800.8,0,0.08,864.86
319,95,2022-04-05,116,1,,813.88,0,0.06875,869.83
320,95,2022-04-05,1996,2,,306.28,0,0.065,326.19
321,95,2022-04-05,239,2,,1680.48,0,0.05125,1766.6
322,95,2022-04-05,520,2,,89.34,0,0.0685,95.46
323,96,2022-04-06,1770,2,,23.93,0,0.0635,25.45
324,96,2022-04-06,905,2,,140.3,0,0.045,146.61
325,96,2022-04-06,845,2,,30.69,0,0.0685,32.79
326,96,2022-04-06,1429,1,,537.71,0,0.0635,571.85
327,97,2022-04-07,254,2,,734.51,0,0.04,763.89
328,97,2022-04-07,669,1,,346.56,0,0.056,365.97
329,97,2022-04-07,562,1,,808.8,0,0.06,857.33
330,97,2022-04-07,135,1,,1739.91,0,0.0635,1850.39
331,98,2022-04-08,341,3,,90.78,0,0.0725,97.36
332,98,2022-04-08,66,2,,161.9,0,0,161.9
333,98,2022-04-08,1785,1,,331.07,0,0.065,352.59
334,98,2022-04-08,949,3,,37.92,0,0.0625,40.29
335,99,2022-04-09,1782,3,,79.03,0,0.06,83.77
336,99,2022-04-09,482,2,,2018.79,0,0.0475,2114.68
337,99,2022-04-09,1857,1,,76.72,0,0.0685,81.98
338,99,2022-04-09,799,3,,198.71,0,0.065,211.63
339,100,2022-04-10,1230,3,,280.2,0,0.0625,297.71
340,100,2022-04-10,901,1,,215,0,0.06,227.9
341,100,2022-04-10,1089,2,,228.52,0,0.06,242.23
342,100,2022-04-10,1260,3,,66.17,0,0.0635,70.37
343,101,2022-04-11,1369,1,,738.4,0,0.0625,784.55
344,101,2022-04-11,414,1,,2507.83,0,0.0725,2689.65
345,101,2022-04-11,491,2,,1044.95,0,0.0625,1110.26
346,101,2022-04-11,104,1,,1402.95,0,0.029,1443.64
347,102,2022-04-12,1221,1,,673.31,0,0.0635,716.07
348,102,2022-04-12,1434,1,,409.62,0,0.06,434.2
349,102,2022-04-12,29,3,,1027.39,0,0.065,1094.17
350,102,2022-04-12,952,2,,979.47,0,0.0685,1046.56
351,103,2022-04-13,1759,2,,448.44,0,0.0635,476.92
352,103,2022-04-13,819,3,,174.11,0,0.0725,186.73
353,103,2022-04-13,781,3,,480.01,0,0.0625,510.01
354,103,2022-04-13,1876,1,,626.23,0,0,626.23
355,104,2022-04-14,1405,1,,617.74,0,0.0725,662.53
356,104,2022-04-14,9,3,,1388.21,0,0.06,1471.5
357,104,2022-04-14,1947,2,,630.49,0,0.04,655.71
358,104,2022-04-14,1379,1,,281.57,0,0.0635,299.45
359,105,2022-04-15,1032,1,,491.71,0,0.045,513.84
360,105,2022-04-15,1834,3,,503,0,0.045,525.63
361,105,2022-04-15,138,2,,421.65,0,0.065,449.06
362,105,2022-04-15,461,3,,295.4,0,0.07,316.08
363,106,2022-04-16,625,2,,943.75,0,0.04,981.5
364,106,2022-04-16,285,2,,1010.73,0,0.07,1081.48
365,106,2022-04-16,1380,1,,679.15,0,0.0685,725.67
366,106,2022-04-16,1701,2,,172.51,0,0.0635,183.46
367,107,2022-04-17,1658,1,,729.33,0,0,729.33
368,107,2022-04-17,133,1,,1621.49,0,0,1621.49
369,107,2022-04-17,1003,3,,144.01,0,0.0685,153.87
370,107,2022-04-17,686,1,,185.76,0,0.0625,197.37
371,108,2022-04-18,236,1,,1933.32,0,0.06875,2066.24
372,108,2022-04-18,1016,3,,219.46,0,0.065,233.72
373,108,2022-04-18,55,1,,1046.82,0,0.0625,1112.25
374,108,2022-04-18,1015,2,,75.12,0,0.0445,78.46
375,109,2022-04-19,516,2,,450.57,0,0.05125,473.66
376,109,2022-04-19,1765,2,,205.79,0,0.0625,218.65
377,109,2022-04-19,1157,1,,25.8,0,0.06,27.35
378,109,2022-04-19,1243,3,,572.42,0,0.0485,600.18
379,110,2022-04-20,1115,1,,1010.47,0,0.065,1076.15
380,110,2022-04-20,1202,2,,15.27,0,0.06,16.19
381,110,2022-04-20,603,1,,613.84,0,0.06,650.67
382,110,2022-04-20,1393,1,,233.92,0,0.04,243.28
383,111,2022-04-21,957,2,,18.2,0,0.06,19.29
384,111,2022-04-21,782,1,,810.68,0,0.0445,846.76
385,111,2022-04-21,1761,2,,98.27,0,0.0625,104.41
386,111,2022-04-21,1517,1,,168.28,0,0.0685,179.81
387,112,2022-04-22,1276,2,,140.44,0,0,140.44
388,112,2022-04-22,1838,1,,678.77,0,0.06,719.5
389,112,2022-04-22,1434,1,,299.36,0,0.06,317.32
390,112,2022-04-22,1295,3,,1890.27,0,0.06,2003.69
391,113,2022-04-23,362,2,,1109.52,0,0.08,1198.28
392,113,2022-04-23,1474,2,,666.77,0,0.0635,709.11
393,113,2022-04-23,1319,3,,674.37,0,0.045,704.72
394,113,2022-04-23,477,1,,709.16,0,0.029,729.73
395,114,2022-04-24,357,2,,402.42,0,0.0485,421.94
396,114,2022-04-24,631,1,,344.82,0,0.045,360.34
397,114,2022-04-24,1604,1,,101.22,0,0.065,107.8
398,114,2022-04-24,1981,1,,138.97,0,0.0445,145.15
399,115,2022-04-25,1345,3,,86.42,0,0.0685,92.34
400,115,2022-04-25,635,2,,297.8,0,0.0725,319.39
401,115,2022-04-25,1814,1,,116.49,0,0.0725,124.94
402,115,2022-04-25,17,2,,726.7,0,0.0685,776.48
403,116,2022-04-26,1493,1,,337.92,0,0.065,359.88
404,116,2022-04-26,1330,2,,318.4,0,0.045,332.73
405,116,2022-04-26,125,1,,1523.7,0,0,1523.7
406,116,2022-04-26,132,1,,615.62,0,0.0625,654.1
407,117,2022-04-27,103,1,,562.31,0,0.0445,587.33
408,117,2022-04-27,406,3,,716.63,0,0.0625,761.42
409,117,2022-04-27,778,2,,429.55,0,0.065,457.47
410,117,2022-04-27,1665,2,,339.85,0,0.06,360.24
411,118,2022-04-28,1135,1,,190.56,0,0.0485,199.8
412,118,2022-04-28,215,1,,144.8,0,0.0445,151.24
413,118,2022-04-28,102,2,,422.77,0,0.06,448.14
414,118,2022-04-28,1595,1,,75.08,0,0.04,78.08
415,119,2022-04-29,647,1,,545.75,0,0.045,570.31
416,119,2022-04-29,1158,1,,737.35,0,0.06,781.59
417,119,2022-04-29,473,1,,1715.82,0,0.06,1818.77
418,119,2022-04-29,370,3,,774.1,0,0.08,836.03
419,120,2022-04-30,1919,1,,154.37,0,0.029,158.85
420,120,2022-04-30,1203,1,,62.71,0,0.0625,66.63
421,120,2022-04-30,826,2,,502.04,0,0,502.04
422,120,2022-04-30,328,3,,735.25,0,0.065,783.04
423,121,2022-05-01,1335,3,,28.8,0,0.06,30.53
424,121,2022-05-01,465,1,,1004.71,0,0.0725,1077.55
425,121,2022-05-01,1443,2,,478.83,0,0.0575,506.36
426,121,2022-05-01,1855,1,,36.4,0,0.0725,39.04
427,122,2022-05-02,47,2,,1214.19,0,0.045,1268.83
428,122,2022-05-02,786,2,,617.48,0,0.06,654.53
429,122,2022-05-02,181,2,,7.55,0,0.04,7.85
430,122,2022-05-02,1801,3,,230.97,0,0.07,247.14
431,123,2022-05-03,1662,2,,128.04,0,0.04,133.16
432,123,2022-05-03,1806,3,,719,0,0.056,759.26
433,123,2022-05-03,136,2,,188.98,0,0.065,201.26
434,123,2022-05-03,1330,3,,1222.12,0,0.045,1277.12
435,124,2022-05-04,1558,3,,312.98,0,0.06,331.76
436,124,2022-05-04,1201,3,,183.88,0,0.06,194.91
437,124,2022-05-04,938,3,,244.01,0,0.05125,256.52
438,124,2022-05-04,925,1,,102.22,0,0.06,108.35
439,125,2022-05-05,577,1,,1565.14,0,0.0685,1672.35
440,125,2022-05-05,1038,2,,55.83,0,0.029,57.45
441,125,2022-05-05,1932,3,,117.04,0,0.07,125.23
442,125,2022-05-05,114,1,,951.4,0,0.05125,1000.16
443,126,2022-05-06,1196,2,,276.6,0,0.0625,293.89
444,126,2022-05-06,1941,1,,1286.68,0,0,1286.68
445,126,2022-05-06,1678,1,,497.38,0,0.04,517.28
446,126,2022-05-06,1287,2,,148.25,0,0.0625,157.52
447,127,2022-05-07,705,2,,145.62,0,0.065,155.09
448,127,2022-05-07,1588,1,,99.58,0,0.04,103.56
449,127,2022-05-07,511,2,,493.36,0,0.0485,517.29
450,127,2022-05-07,138,2,,1406.25,0,0.065,1497.66
451,128,2022-05-08,1698,1,,545.1,0,0.045,569.63
452,128,2022-05-08,1907,1,,715.86,0,0.0625,760.6
453,128,2022-05-08,845,3,,60.32,0,0.0685,64.45
454,128,2022-05-08,1934,3,,33.04,0,0.0575,34.94
455,129,2022-05-09,685,1,,352.6,0,0.06,373.76
456,129,2022-05-09,548,1,,467.71,0,0.0575,494.6
457,129,2022-05-09,1786,3,,64.66,0,0.0475,67.73
458,129,2022-05-09,915,2,,385.12,0,0.06875,411.6
459,130,2022-05-10,424,2,,1131.32,0,0.065,1204.86
460,130,2022-05-10,1620,3,,414.77,0,0.0725,444.84
461,130,2022-05-10,950,2,,441.34,0,0.0635,469.37
462,130,2022-05-10,1995,1,,178.39,0,0.0685,190.61
463,131,2022-05-11,1819,2,,676.7,0,0,676.7
464,131,2022-05-11,1828,2,,1489.85,0,0.0625,1582.97
465,131,2022-05-11,545,2,,581.43,0,0.065,619.22
466,131,2022-05-11,802,2,,1244.06,0,0.07,1331.14
467,132,2022-05-12,1990,2,,393.1,0,0.045,410.79
468,132,2022-05-12,1631,1,,1278.35,0,0.045,1335.88
469,132,2022-05-12,104,2,,1302.33,0,0.029,1340.1
470,132,2022-05-12,349,2,,695.91,0,0.065,741.14
471,133,2022-05-13,1062,1,,509.57,0,0.0725,546.51
472,133,2022-05-13,1755,2,,191.16,0,0.04,198.81
473,133,2022-05-13,631,3,,665.35,0,0.045,695.29
474,133,2022-05-13,1559,1,,910.25,0,0.0485,954.4
475,134,2022-05-14,1596,2,,100.23,0,0.06,106.24
476,134,2022-05-14,1333,3,,251.35,0,0.06875,268.63
477,134,2022-05-14,148,3,,277.94,0,0.045,290.45
478,134,2022-05-14,1660,1,,190.3,0,0.04,197.91
479,135,2022-05-15,565,1,,580.19,0,0.045,606.3
480,135,2022-05-15,1245,3,,77.4,0,0.065,82.43
481,135,2022-05-15,759,1,,197.51,0,0.08,213.31
482,135,2022-05-15,1230,2,,921.42,0,0.0625,979.01
483,136,2022-05-16,1307,1,,161.58,0,0.0685,172.65
484,136,2022-05-16,1296,1,,788.27,0,0.0685,842.27
485,136,2022-05-16,1173,2,,397.34,0,0.0625,422.17
486,136,2022-05-16,1809,1,,167.55,0,0.07,179.28
487,137,2022-05-17,1278,3,,144.56,0,0.08,156.12
488,137,2022-05-17,1676,3,,536.7,0,0.0625,570.24
489,137,2022-05-17,1939,3,,96.21,0,0.0685,102.8
490,137,2022-05-17,1536,1,,187.75,0,0.065,199.95
491,138,2022-05-18,57,1,,1060.11,0,0.0725,1136.97
492,138,2022-05-18,682,2,,56.83,0,0.0445,59.36
493,138,2022-05-18,1685,2,,69.15,0,0.065,73.64
494,138,2022-05-18,1355,3,,40.62,0,0.0625,43.16
495,139,2022-05-19,911,2,,223,0,0,223
496,139,2022-05-19,778,1,,1194.62,0,0.065,1272.27
497,139,2022-05-19,471,3,,1413.37,0,0,1413.37
498,139,2022-05-19,1206,2,,96,0,0.06,101.76
499,140,2022-05-20,1066,1,,91,0,0.08,98.28
500,140,2022-05-20,1213,2,,615.12,0,0.06,652.03
501,140,2022-05-20,1828,1,,164.7,0,0.0625,174.99
502,140,2022-05-20,90,2,,659.56,0,0.06,699.13
503,141,2022-05-21,60,3,,1519.8,0,0.0475,1591.99
504,141,2022-05-21,759,3,,89.03,0,0.08,96.15
505,141,2022-05-21,19,1,,1208.29,0,0.0725,1295.89
506,141,2022-05-21,422,3,,1915.85,0,0.0725,2054.75
507,142,2022-05-22,1296,1,,611.76,0,0.0685,653.67
508,142,2022-05-22,371,2,,957.46,0,0.06,1014.91
509,142,2022-05-22,1730,1,,75.08,0,0,75.08
510,142,2022-05-22,531,1,,337.32,0,0.07,360.93
511,143,2022-05-23,1235,1,,271.51,0,0.056,286.71
512,143,2022-05-23,1407,3,,265.76,0,0.06,281.71
513,143,2022-05-23,759,1,,173.84,0,0.08,187.75
514,143,2022-05-23,879,2,,45.39,0,0.0635,48.27
515,144,2022-05-24,674,2,,19.92,0,0.065,21.21
516,144,2022-05-24,1272,1,,433.34,0,0.0625,460.42
517,144,2022-05-24,1595,1,,1005.45,0,0.04,1045.67
518,144,2022-05-24,714,2,,228,0,0.0475,238.83
519,145,2022-05-25,359,1,,150.25,0,0.06,159.26
520,145,2022-05-25,1893,2,,295.99,0,0,295.99
521,145,2022-05-25,1826,3,,126.29,0,0.06,133.87
522,145,2022-05-25,1004,3,,291.35,0,0.0445,304.32
523,146,2022-05-26,1668,3,,170.49,0,0.0625,181.15
524,146,2022-05-26,836,1,,289.42,0,0.065,308.23
525,146,2022-05-26,1502,1,,484.67,0,0.065,516.17
526,146,2022-05-26,1685,1,,523.17,0,0.065,557.18
527,147,2022-05-27,484,2,,931.47,0,0.0625,989.69
528,147,2022-05-27,467,3,,719.74,0,0.045,752.13
529,147,2022-05-27,1638,1,,261.26,0,0.06875,279.22
530,147,2022-05-27,1566,1,,463.11,0,0.0475,485.11
531,148,2022-05-28,1975,3,,83.43,0,0.045,87.18
532,148,2022-05-28,1425,3,,134.93,0,0.0685,144.17
533,148,2022-05-28,1086,1,,880.23,0,0.06,933.04
534,148,2022-05-28,892,2,,104.94,0,0.04,109.14
535,149,2022-05-29,525,3,,96.67,0,0.0475,101.26
536,149,2022-05-29,460,2,,944.33,0,0.065,1005.71
537,149,2022-05-29,1230,2,,260.76,0,0.0625,277.06
538,149,2022-05-29,925,2,,124.94,0,0.06,132.44
539,150,2022-05-30,488,1,,438.08,0,0.0575,463.27
540,150,2022-05-30,448,3,,823.82,0,0.0445,860.48
541,150,2022-05-30,266,1,,430.49,0,0.08,464.93
542,150,2022-05-30,1965,2,,939.85,0,0.0485,985.43
543,151,2022-05-31,607,3,,62.56,0,0.056,66.06
544,151,2022-05-31,1271,1,,256.71,0,0.045,268.26
545,151,2022-05-31,1077,1,,438.68,0,0.08,473.77
546,151,2022-05-31,1083,1,,58.78,0,0.06,62.31
547,152,2022-06-01,360,2,,1113.1,0,0.0625,1182.67
548,152,2022-06-01,1347,3,,204.24,0,0.0625,217.01
549,152,2022-06-01,1847,2,,157.41,0,0.0445,164.41
550,152,2022-06-01,369,1,,701.88,0,0.0625,745.75
551,153,2022-06-02,1960,1,,303.22,0,0.0685,323.99
552,153,2022-06-02,284,1,,1762.09,0,0.06,1867.82
553,153,2022-06-02,1438,1,,244.65,0,0.0635,260.19
554,153,2022-06-02,209,3,,1091.52,0,0.06875,1166.56
555,154,2022-06-03,944,2,,478.77,0,0.0635,509.17
556,154,2022-06-03,1963,2,,200.74,0,0.0485,210.48
557,154,2022-06-03,16,3,,368.67,0,0.0445,385.08
558,154,2022-06-03,1312,2,,236.5,0,0.065,251.87
559,155,2022-06-04,590,1,,535.83,0,0.0685,572.53
560,155,2022-06-04,851,2,,379.25,0,0.07,405.8
561,155,2022-06-04,1834,2,,112.41,0,0.045,117.47
562,155,2022-06-04,1125,3,,377.28,0,0.06875,403.22
563,155,2022-06-04,1599,3,,152.82,0,0.045,159.7
564,156,2022-06-05,1513,2,,176.21,0,0.0485,184.76
565,156,2022-06-05,1748,2,,465.18,0,0.0445,485.88
566,156,2022-06-05,1736,2,,312.68,0,0.0635,332.54
567,156,2022-06-05,287,1,,426.82,0,0.0445,445.81
568,156,2022-06-05,238,2,,584.95,0,0.07,625.9
569,157,2022-06-06,876,2,,145.45,0,0.0575,153.81
570,157,2022-06-06,1698,1,,1477.7,0,0.045,1544.2
571,157,2022-06-06,842,1,,139.43,0,0.065,148.49
572,157,2022-06-06,980,1,,491.07,0,0.0475,514.4
573,158,2022-06-07,1588,1,,191.36,0,0.04,199.01
574,158,2022-06-07,127,3,,660.63,0,0,660.63
575,158,2022-06-07,1263,2,,967.38,0,0.08,1044.77
576,158,2022-06-07,790,1,,166.39,0,0.06,176.37
577,159,2022-06-08,1492,1,,269.16,0,0.0625,285.98
578,159,2022-06-08,522,1,,638.14,0,0.0625,678.02
579,159,2022-06-08,333,2,,1111.15,0,0.0635,1181.71
580,159,2022-06-08,385,1,,70.22,0,0.0445,73.34
581,160,2022-06-09,847,1,,510.18,0,0.08,550.99
582,160,2022-06-09,1730,2,,503.57,0,0,503.57
583,160,2022-06-09,1051,1,,516.22,0,0.0725,553.65
584,160,2022-06-09,665,1,,154.56,0,0.0625,164.22
585,161,2022-06-10,1884,3,,244.22,0,0.0625,259.48
586,161,2022-06-10,1403,1,,186.54,0,0.0625,198.2
587,161,2022-06-10,374,3,,727.14,0,0.0725,779.86
588,161,2022-06-10,308,2,,578.1,0,0,578.1
589,162,2022-06-11,1948,3,,59.68,0,0.056,63.02
590,162,2022-06-11,136,1,,723.38,0,0.065,770.4
591,162,2022-06-11,1994,3,,398.8,0,0.0485,418.14
592,162,2022-06-11,1188,2,,298.12,0,0.0725,319.73
593,162,2022-06-11,1251,2,,302.54,0,0.06,320.69
594,163,2022-06-12,1373,3,,425.46,0,0.06875,454.71
595,163,2022-06-12,1106,1,,107.45,0,0.0685,114.81
596,163,2022-06-12,816,1,,401.96,0,0.08,434.12
597,163,2022-06-12,107,1,,138.97,0,0,138.97
598,163,2022-06-12,1320,1,,555.48,0,0.056,586.59
599,164,2022-06-13,1803,2,,1278.06,0,0.0725,1370.72
600,164,2022-06-13,436,3,,181.56,0,0.0445,189.64
601,164,2022-06-13,530,2,,362.66,0,0.0685,387.5
602,164,2022-06-13,1929,1,,881.99,0,0.0625,937.11
603,165,2022-06-14,867,3,,369.8,0,0,369.8
604,165,2022-06-14,197,3,,978.03,0,0.0625,1039.16
605,165,2022-06-14,972,2,,39.57,0,0.0685,42.28
606,165,2022-06-14,1540,1,,89.42,0,0.0685,95.55
607,166,2022-06-15,545,3,,322.23,0,0.065,343.17
608,166,2022-06-15,1173,3,,148.61,0,0.0625,157.9
609,166,2022-06-15,935,3,3,377.25,30,0.06875,403.19
610,166,2022-06-15,443,1,3,1563.52,90,0.0685,1670.62
611,167,2022-06-16,1857,2,3,416.39,50,0.0685,444.91
612,167,2022-06-16,594,3,,719.51,0,0.045,751.89
613,167,2022-06-16,1898,3,,741.24,0,0.0485,777.19
614,167,2022-06-16,1646,1,,218.55,0,0.0625,232.21
615,167,2022-06-16,1273,2,3,203,40,0,203
616,168,2022-06-17,1473,1,3,890.52,70,0.06,943.95
617,168,2022-06-17,64,3,,1006.88,0,0.0635,1070.82
618,168,2022-06-17,557,2,,377.17,0,0.08,407.34
619,168,2022-06-17,656,2,3,234.69,40,0,234.69
620,169,2022-06-18,1004,3,3,233.22,20,0.0445,243.6
621,169,2022-06-18,1241,2,,582.21,0,0,582.21
622,169,2022-06-18,1323,1,,539.94,0,0.08,583.14
623,169,2022-06-18,536,2,,595.6,0,0.05125,626.12
624,169,2022-06-18,460,1,,453.88,0,0.065,483.38
625,169,2022-06-18,661,2,,347.9,0,0.06,368.77
626,170,2022-06-19,1635,3,,2031.6,0,0.065,2163.65
627,170,2022-06-19,817,1,3,376.38,50,0.06,398.96
628,170,2022-06-19,705,2,,448.78,0,0.065,477.95
629,170,2022-06-19,1644,2,3,1343.01,100,0.0575,1420.23
630,170,2022-06-19,753,3,,547.04,0,0.0725,586.7
631,170,2022-06-19,1281,3,3,182.14,10,0.07,194.89
632,171,2022-06-20,1798,2,,1088.21,0,0.08,1175.27
633,171,2022-06-20,882,3,,248.27,0,0.0625,263.79
634,171,2022-06-20,462,3,3,987.92,130,0.0625,1049.66
635,171,2022-06-20,1989,1,,604.73,0,0.0625,642.53
636,171,2022-06-20,1032,1,3,536.72,40,0.045,560.87
637,172,2022-06-21,1024,3,,764.77,0,0.0475,801.1
638,172,2022-06-21,1545,2,,83.53,0,0.065,88.96
639,172,2022-06-21,1678,1,,352.6,0,0.04,366.7
640,172,2022-06-21,1776,2,,1262.52,0,0.0475,1322.49
641,173,2022-06-22,20,2,3,1301.66,230,0.0625,1383.01
642,173,2022-06-22,1320,3,3,101.5,20,0.056,107.18
643,173,2022-06-22,456,2,3,468.98,60,0.0725,502.98
644,173,2022-06-22,1215,2,3,105.5,20,0.0625,112.09
645,174,2022-06-23,1880,2,3,187.32,40,0.0625,199.03
646,174,2022-06-23,1549,1,,353.17,0,0.0635,375.6
647,174,2022-06-23,1065,2,,110.34,0,0.06,116.96
648,174,2022-06-23,1385,1,,276.41,0,0.0625,293.69
649,174,2022-06-23,1209,1,,279.68,0,0.04,290.87
650,175,2022-06-24,176,1,3,844.45,155.08,0.045,882.45
651,175,2022-06-24,1341,2,,653.07,0,0.0725,700.42
652,175,2022-06-24,179,3,,104.95,0,0.0575,110.98
653,175,2022-06-24,581,1,,569.91,0,0.0445,595.27
654,176,2022-06-25,384,2,,1581.6,0,0.0575,1672.54
655,176,2022-06-25,208,2,,898.56,0,0.04,934.5
656,176,2022-06-25,90,3,,1351.29,0,0.06,1432.37
657,176,2022-06-25,682,3,3,83.76,30,0.0445,87.49
658,176,2022-06-25,251,3,,729.81,0,0.06,773.6
659,176,2022-06-25,1818,1,,335.98,0,0.065,357.82
660,177,2022-06-26,907,3,3,119.42,20,0.0685,127.6
661,177,2022-06-26,216,1,,366.53,0,0.04,381.19
662,177,2022-06-26,1380,2,,742.3,0,0.0685,793.15
663,177,2022-06-26,970,2,,508.62,0,0.0625,540.41
664,177,2022-06-26,1199,1,3,614.23,40,0.045,641.87
665,177,2022-06-26,1254,1,,368.33,0,0.0625,391.35
666,178,2022-06-27,682,1,,650.87,0,0.0445,679.83
667,178,2022-06-27,1510,1,,190.13,0,0.06,201.54
668,178,2022-06-27,1800,1,,283.53,0,0.05125,298.06
669,178,2022-06-27,1964,2,,491.3,0,0.0725,526.92
670,179,2022-06-28,60,1,,517.31,0,0.0475,541.88
671,179,2022-06-28,1680,2,,185.07,0,0.065,197.1
672,179,2022-06-28,917,1,,344.65,0,0.0635,366.54
673,179,2022-06-28,1336,3,,237.99,0,0.07,254.65
674,179,2022-06-28,1333,1,3,914.66,80,0.06875,977.54
675,180,2022-06-29,996,2,,169.59,0,0.0685,181.21
676,180,2022-06-29,1030,2,,133.06,0,0.0575,140.71
677,180,2022-06-29,259,1,,955.79,0,0.0635,1016.48
678,180,2022-06-29,39,2,,1292.03,0,0.08,1395.39
679,181,2022-06-30,159,2,3,607.96,130,0.0625,645.96
680,181,2022-06-30,1057,1,3,225.45,47.4,0.06,238.98
681,181,2022-06-30,887,2,,614.15,0,0,614.15
682,181,2022-06-30,1490,1,,302.74,0,0.065,322.42
683,182,2022-07-01,290,2,,956.99,0,0.04,995.27
684,182,2022-07-01,1135,3,,131.22,0,0.0485,137.58
685,182,2022-07-01,865,2,3,494.66,80,0,494.66
686,182,2022-07-01,589,1,,40.66,0,0.065,43.3
687,183,2022-07-02,1977,2,,369.66,0,0.0625,392.76
688,183,2022-07-02,1717,1,,91.2,0,0.0575,96.44
689,183,2022-07-02,124,1,3,572.42,80,0.06875,611.77
690,183,2022-07-02,1128,2,,1130.51,0,0.0725,1212.47
691,183,2022-07-02,1821,2,3,651.03,50,0.04,677.07
692,184,2022-07-03,974,1,,520.7,0,0.0685,556.37
693,184,2022-07-03,1789,1,3,341.82,30,0.0625,363.18
694,184,2022-07-03,178,1,3,1211.1,70,0.065,1289.82
695,184,2022-07-03,1047,1,,274.65,0,0.065,292.5
696,184,2022-07-03,1994,3,,617.98,0,0.0485,647.95
697,185,2022-07-04,402,3,3,1171.39,90,0,1171.39
698,185,2022-07-04,1127,3,3,927.43,80,0.0625,985.39
699,185,2022-07-04,1541,2,,613.75,0,0.0485,643.52
700,185,2022-07-04,1,2,,305.58,0,0.0685,326.51
701,186,2022-07-05,394,1,3,960.5,120,0.0725,1030.14
702,186,2022-07-05,1782,1,3,454.55,30,0.06,481.82
703,186,2022-07-05,704,1,,892.36,0,0.065,950.36
704,186,2022-07-05,1439,1,3,626.25,30,0.0625,665.39
705,186,2022-07-05,963,1,,57.78,0,0.07,61.82
706,187,2022-07-06,822,3,,400.93,0,0.0725,430
707,187,2022-07-06,265,3,,155.62,0,0.0575,164.57
708,187,2022-07-06,93,2,,219.38,0,0.06,232.54
709,187,2022-07-06,1630,1,,113.66,0,0.0575,120.2
710,188,2022-07-07,1305,3,,258.11,0,0.04,268.43
711,188,2022-07-07,79,3,,2774.62,0,0.08,2996.59
712,188,2022-07-07,33,1,,190.3,0,0.0625,202.19
713,188,2022-07-07,1798,3,,325.46,0,0.08,351.5
714,189,2022-07-08,1429,2,,123.66,0,0.0635,131.51
715,189,2022-07-08,757,1,,556.81,0,0.08,601.35
716,189,2022-07-08,1313,1,,94.16,0,0.056,99.43
717,189,2022-07-08,226,2,,861.29,0,0.065,917.27
718,190,2022-07-09,1411,2,,45.53,0,0.04,47.35
719,190,2022-07-09,361,1,,119.7,0,0.065,127.48
720,190,2022-07-09,1185,1,,116.76,0,0.065,124.35
721,190,2022-07-09,1202,2,,145.7,0,0.06,154.44
722,191,2022-07-10,614,1,,311.79,0,0.0725,334.39
723,191,2022-07-10,1060,2,,849.95,0,0.0635,903.92
724,191,2022-07-10,569,2,,37.56,0,0.0625,39.91
725,191,2022-07-10,1296,2,,429.37,0,0.0685,458.78
726,192,2022-07-11,973,2,,220.54,0,0.029,226.94
727,192,2022-07-11,13,3,,90.6,0,0.056,95.67
728,192,2022-07-11,1699,2,,1586.62,0,0.06,1681.82
729,192,2022-07-11,212,2,,662.95,0,0.06,702.73
730,193,2022-07-12,1315,1,,290.89,0,0.029,299.33
731,193,2022-07-12,1061,1,,317.21,0,0.06,336.24
732,193,2022-07-12,1324,1,,585.74,0,0.0725,628.21
733,193,2022-07-12,1790,2,,269.3,0,0.0625,286.13
734,194,2022-07-13,1587,1,,313.04,0,0,313.04
735,194,2022-07-13,75,1,,1189.67,0,0.06,1261.05
736,194,2022-07-13,271,3,,551.52,0,0.029,567.51
737,194,2022-07-13,1645,3,,653.9,0,0.0625,694.77
738,195,2022-07-14,241,2,,370.44,0,0.065,394.52
739,195,2022-07-14,540,1,,348.22,0,0.0475,364.76
740,195,2022-07-14,926,1,,733.99,0,0.056,775.09
741,195,2022-07-14,1374,2,,223.09,0,0.0575,235.92
742,196,2022-07-15,563,2,,248.03,0,0,248.03
743,196,2022-07-15,4,2,,717.04,0,0.06875,766.34
744,196,2022-07-15,1721,1,,137.53,0,0.0485,144.2
745,196,2022-07-15,953,2,,185.49,0,0.065,197.55
746,197,2022-07-16,515,1,,385.1,0,0.06,408.21
747,197,2022-07-16,1997,1,,206.96,0,0.0475,216.79
748,197,2022-07-16,200,3,,1378.33,0,0.0445,1439.67
749,197,2022-07-16,1702,2,,1059.73,0,0.06,1123.31
750,198,2022-07-17,1817,2,,114,0,0.08,123.12
751,198,2022-07-17,605,2,,127.88,0,0.0635,136
752,198,2022-07-17,1135,1,,1165.43,0,0.0485,1221.95
753,198,2022-07-17,1663,2,,81.96,0,0.0625,87.08
754,199,2022-07-18,1578,2,,390.25,0,0.0725,418.54
755,199,2022-07-18,1906,2,,301.87,0,0,301.87
756,199,2022-07-18,284,1,,810.87,0,0.06,859.52
757,199,2022-07-18,125,1,,311.35,0,0,311.35
758,200,2022-07-19,283,3,,363.97,0,0.06,385.81
759,200,2022-07-19,1830,1,,131.18,0,0.056,138.53
760,200,2022-07-19,1164,1,,62.47,0,0.0625,66.37
761,200,2022-07-19,1741,1,,15.1,0,0.06,16.01
762,201,2022-07-20,1922,2,,283.82,0,0.07,303.69
763,201,2022-07-20,1447,2,,207.14,0,0.0625,220.09
764,201,2022-07-20,1728,2,,917.98,0,0.045,959.29
765,201,2022-07-20,173,1,,867.9,0,0.0625,922.14
766,202,2022-07-21,843,1,,178.06,0,0.04,185.18
767,202,2022-07-21,1055,3,,427.25,0,0.0625,453.95
768,202,2022-07-21,1459,1,,554,0,0.06,587.24
769,202,2022-07-21,104,1,,711.28,0,0.029,731.91
770,203,2022-07-22,1317,3,,320.11,0,0.04,332.91
771,203,2022-07-22,711,2,,80.44,0,0.0635,85.55
772,203,2022-07-22,1623,2,,73.74,0,0.06875,78.81
773,203,2022-07-22,18,1,,468.8,0,0.0685,500.91
774,204,2022-07-23,568,1,,285.04,0,0.0445,297.72
775,204,2022-07-23,1210,2,,66.53,0,0.07,71.19
776,204,2022-07-23,150,3,,2558.84,0,0.06,2712.37
777,204,2022-07-23,30,1,,398.41,0,0.08,430.28
778,205,2022-07-24,1888,2,,508.19,0,0.0625,539.95
779,205,2022-07-24,775,2,,144.56,0,0.06,153.23
780,205,2022-07-24,389,2,,412.15,0,0,412.15
781,205,2022-07-24,1523,1,,26.38,0,0.0625,28.03
782,206,2022-07-25,1532,2,,290.73,0,0.0725,311.81
783,206,2022-07-25,471,1,,1788.17,0,0,1788.17
784,206,2022-07-25,68,3,,1124.91,0,0.0625,1195.22
785,206,2022-07-25,1222,1,,81.32,0,0.0725,87.22
786,207,2022-07-26,1606,2,,311.8,0,0.06,330.51
787,207,2022-07-26,861,3,,258.64,0,0.0685,276.36
788,207,2022-07-26,860,1,,387.9,0,0.0575,410.2
789,207,2022-07-26,316,2,,1221.34,0,0.0725,1309.89
790,208,2022-07-27,1490,2,,430,0,0.065,457.95
791,208,2022-07-27,327,1,,1683.28,0,0.0475,1763.24
792,208,2022-07-27,1095,3,,493.8,0,0.0445,515.77
793,208,2022-07-27,1747,2,,1168.16,0,0.0685,1248.18
794,209,2022-07-28,141,2,,1824.9,0,0.0725,1957.21
795,209,2022-07-28,1250,1,,339.88,0,0.08,367.07
796,209,2022-07-28,1203,1,,214.39,0,0.0625,227.79
797,209,2022-07-28,1087,2,,347.26,0,0.06875,371.13
798,210,2022-07-29,405,2,,1121.51,0,0.0625,1191.6
799,210,2022-07-29,396,3,,572.01,0,0.0575,604.9
800,210,2022-07-29,461,2,,880.37,0,0.07,942
801,210,2022-07-29,396,2,,1725.3,0,0.0575,1824.5
802,211,2022-07-30,1783,3,,259.21,0,0.065,276.06
803,211,2022-07-30,455,2,,434.41,0,0.07,464.82
804,211,2022-07-30,39,1,,1084.73,0,0.08,1171.51
805,211,2022-07-30,1966,2,,142.41,0,0.06,150.95
806,212,2022-07-31,635,1,,67.82,0,0.0725,72.74
807,212,2022-07-31,1085,2,,781.6,0,0.06,828.5
808,212,2022-07-31,731,3,,817.13,0,0.06,866.16
809,212,2022-07-31,171,2,,559.58,0,0.0685,597.91
810,213,2022-08-01,743,3,,176.44,0,0.0575,186.59
811,213,2022-08-01,1053,1,,708.32,0,0.0635,753.3
812,213,2022-08-01,1703,2,,1400.24,0,0.0625,1487.76
813,213,2022-08-01,675,2,4,40.9,5.58,0.07,43.76
814,213,2022-08-01,532,3,,645.92,0,0.06,684.68
815,214,2022-08-02,1225,1,,1099.39,0,0.065,1170.85
816,214,2022-08-02,1776,2,4,153.27,20.9,0.0475,160.55
817,214,2022-08-02,914,2,,408.02,0,0.0625,433.52
818,214,2022-08-02,577,1,,664.64,0,0.0685,710.17
819,214,2022-08-02,1620,1,,429.2,0,0.0725,460.32
820,214,2022-08-02,385,2,4,182.72,24.9,0.0445,190.85
821,215,2022-08-03,293,1,4,994.45,135.62,0.07,1064.06
822,215,2022-08-03,1962,1,,444.2,0,0.065,473.07
823,215,2022-08-03,1405,1,,361.23,0,0.0725,387.42
824,215,2022-08-03,433,1,,2701.48,0,0.0575,2856.82
825,215,2022-08-03,898,1,,59.68,0,0.065,63.56
826,215,2022-08-03,72,3,4,951.9,129.81,0.0625,1011.39
827,216,2022-08-04,1554,1,,15.53,0,0.0625,16.5
828,216,2022-08-04,269,2,,874.86,0,0.065,931.73
829,216,2022-08-04,1423,2,,756.85,0,0.056,799.23
830,216,2022-08-04,578,3,,325.64,0,0.0625,345.99
831,216,2022-08-04,1208,1,4,509.75,69.52,0.07,545.43
832,216,2022-08-04,1110,2,4,425.9,58.07,0.08,459.97
833,217,2022-08-05,1660,1,,774.49,0,0.04,805.47
834,217,2022-08-05,1219,2,,129.33,0,0.0625,137.41
835,217,2022-08-05,1373,2,4,23.38,3.18,0.06875,24.99
836,217,2022-08-05,926,1,,407.98,0,0.056,430.83
837,217,2022-08-05,1383,1,4,155.14,21.16,0.06,164.45
838,218,2022-08-06,1358,1,,33.4,0,0.06875,35.7
839,218,2022-08-06,395,2,,1078.59,0,0.029,1109.87
840,218,2022-08-06,1163,2,,612.13,0,0.06875,654.21
841,218,2022-08-06,53,3,4,71.5,9.74,0.06,75.79
842,218,2022-08-06,1282,3,4,68.05,9.28,0.029,70.02
843,218,2022-08-06,387,1,4,668.64,91.2,0.07,715.44
844,219,2022-08-07,1556,1,,413.15,0,0.06875,441.55
845,219,2022-08-07,738,3,4,571.25,77.88,0.0725,612.67
846,219,2022-08-07,1949,1,,1526.32,0,0.08,1648.43
847,219,2022-08-07,1885,1,,403.08,0,0,403.08
848,219,2022-08-07,622,3,,566.43,0,0.0725,607.5
849,220,2022-08-08,1747,1,4,551.58,75.22,0.0685,589.36
850,220,2022-08-08,1622,1,4,67.8,9.25,0.0725,72.72
851,220,2022-08-08,712,1,,581.73,0,0.06875,621.72
852,220,2022-08-08,1528,1,,737.88,0,0.07,789.53
853,220,2022-08-08,1833,1,4,278.96,38.04,0.045,291.51
854,220,2022-08-08,776,2,,348.29,0,0.08,376.15
855,221,2022-08-09,1624,2,4,504,68.73,0.065,536.76
856,221,2022-08-09,45,1,4,173.73,23.68,0.0625,184.59
857,221,2022-08-09,490,1,4,780.83,106.5,0.0575,825.73
858,221,2022-08-09,964,1,4,821.91,112.06,0.06,871.22
859,221,2022-08-09,56,2,4,375.81,51.21,0.0685,401.55
860,221,2022-08-09,1939,1,,61.61,0,0.0685,65.83
861,222,2022-08-10,1012,2,,180.88,0,0.06,191.73
862,222,2022-08-10,1113,1,,25.1,0,0.06,26.61
863,222,2022-08-10,1299,1,,316.86,0,0.07,339.04
864,222,2022-08-10,1711,3,4,219.26,29.89,0.0475,229.67
865,222,2022-08-10,125,1,,1490.75,0,0,1490.75
866,222,2022-08-10,610,2,,1205.89,0,0,1205.89
867,223,2022-08-11,309,3,,1158.52,0,0,1158.52
868,223,2022-08-11,1517,1,,342.56,0,0.0685,366.03
869,223,2022-08-11,838,1,,810.4,0,0.0685,865.91
870,223,2022-08-11,1068,1,,295.71,0,0.0475,309.76
871,223,2022-08-11,681,2,,23.93,0,0.0725,25.66
872,224,2022-08-12,1632,1,,277.4,0,0.06875,296.47
873,224,2022-08-12,1509,2,,132.33,0,0.0445,138.22
874,224,2022-08-12,178,3,,821.75,0,0.065,875.16
875,224,2022-08-12,1699,3,,787.56,0,0.06,834.81
876,224,2022-08-12,684,2,,879.88,0,0.06,932.67
877,224,2022-08-12,93,2,4,314.53,42.87,0.06,333.4
878,225,2022-08-13,901,1,4,151.41,20.65,0.06,160.49
879,225,2022-08-13,1542,2,4,667.89,91.05,0.029,687.26
880,225,2022-08-13,1057,2,4,202.1,27.56,0.06,214.23
881,225,2022-08-13,1695,1,,730.83,0,0.045,763.72
882,225,2022-08-13,1182,3,4,360.59,49.17,0,360.59
883,225,2022-08-13,1008,3,4,387.68,52.87,0.07,414.82
884,226,2022-08-14,273,1,,1789.49,0,0.08,1932.65
885,226,2022-08-14,154,3,,896.39,0,0.065,954.66
886,226,2022-08-14,1582,1,4,682.07,92.98,0.0475,714.47
887,226,2022-08-14,1526,2,4,174.83,23.84,0.0625,185.76
888,226,2022-08-14,1048,2,,384.14,0,0,384.14
889,226,2022-08-14,1097,2,4,706.4,96.35,0.065,752.32
890,227,2022-08-15,1850,2,4,594.5,81.04,0.0685,635.22
891,227,2022-08-15,624,3,4,49.58,6.76,0.0685,52.98
892,227,2022-08-15,509,1,,145.62,0,0.0625,154.72
893,227,2022-08-15,755,3,4,527.4,71.91,0.06,559.04
894,227,2022-08-15,702,1,,100.23,0,0,100.23
895,227,2022-08-15,1989,3,,523.01,0,0.0625,555.7
896,228,2022-08-16,779,2,4,796.3,108.58,0.0575,842.09
897,228,2022-08-16,1951,1,,476.92,0,0.0485,500.05
898,228,2022-08-16,1446,2,4,597.55,81.48,0.06,633.4
899,228,2022-08-16,1040,1,,525.2,0,0.0485,550.67
900,228,2022-08-16,752,1,,763.75,0,0.045,798.12
901,228,2022-08-16,997,2,,937.84,0,0.0575,991.77
902,229,2022-08-17,879,2,,89.34,0,0.0635,95.01
903,229,2022-08-17,1422,1,4,588.41,80.26,0.0725,631.07
904,229,2022-08-17,1834,2,,595.17,0,0.045,621.95
905,229,2022-08-17,143,3,,147.66,0,0.0625,156.89
906,229,2022-08-17,1357,3,4,488.45,66.61,0,488.45
907,230,2022-08-18,1318,2,,64.98,0,0.0575,68.72
908,230,2022-08-18,1481,3,,663.36,0,0.05125,697.36
909,230,2022-08-18,1785,3,4,200.04,27.28,0.065,213.04
910,230,2022-08-18,1526,2,,107.56,0,0.0625,114.28
911,230,2022-08-18,105,1,,994.7,0,0.08,1074.28
912,230,2022-08-18,1532,3,4,329.72,44.97,0.0725,353.62
913,231,2022-08-19,912,3,4,1017.37,138.74,0.0625,1080.96
914,231,2022-08-19,233,2,,894.1,0,0.0625,949.98
915,231,2022-08-19,124,3,,1538.19,0,0.06875,1643.94
916,231,2022-08-19,1178,1,4,115.36,15.72,0.0625,122.57
917,231,2022-08-19,162,1,,1106.48,0,0.0445,1155.72
918,231,2022-08-19,978,2,4,245.1,33.43,0.06,259.81
919,232,2022-08-20,576,3,4,253.16,34.53,0.045,264.55
920,232,2022-08-20,1089,2,4,466.95,63.68,0.06,494.97
921,232,2022-08-20,514,3,4,1063.73,145.03,0.06,1127.55
922,232,2022-08-20,285,1,4,625.96,85.38,0.07,669.78
923,232,2022-08-20,143,2,4,1052.09,143.46,0.0625,1117.85
924,232,2022-08-20,475,2,,2072.14,0,0.07,2217.19
925,233,2022-08-21,1266,2,,565.4,0,0.04,588.02
926,233,2022-08-21,1812,3,4,47.33,6.45,0.08,51.12
927,233,2022-08-21,936,2,4,255.23,34.81,0.0475,267.35
928,233,2022-08-21,1020,1,4,822.34,112.12,0.08,888.13
929,233,2022-08-21,126,1,,868.03,0,0.0485,910.13
930,233,2022-08-21,496,2,,464.19,0,0.0575,490.88
931,234,2022-08-22,510,1,4,1562.91,213.14,0.06,1656.68
932,234,2022-08-22,143,3,4,1089.84,148.6,0.0625,1157.95
933,234,2022-08-22,1908,3,,343.4,0,0.06,364
934,234,2022-08-22,796,1,,25.27,0,0.0625,26.85
935,234,2022-08-22,488,2,4,789.72,107.69,0.0575,835.13
936,234,2022-08-22,1285,1,,18.78,0,0.0625,19.95
937,235,2022-08-23,526,1,4,691.94,94.34,0.06875,739.51
938,235,2022-08-23,738,1,,888.92,0,0.0725,953.37
939,235,2022-08-23,1767,2,,191.79,0,0.0485,201.09
940,235,2022-08-23,709,3,,1196.06,0,0,1196.06
941,235,2022-08-23,400,1,,1670.92,0,0.065,1779.53
942,235,2022-08-23,277,3,4,293.49,40,0.06875,313.67
943,236,2022-08-24,409,1,4,607.19,82.77,0.07,649.69
944,236,2022-08-24,1933,3,4,774.59,105.67,0.065,824.94
945,236,2022-08-24,98,2,4,179.04,24.42,0.06,189.78
946,236,2022-08-24,1849,1,,910.26,0,0.065,969.43
947,236,2022-08-24,1632,2,4,581.54,79.29,0.06875,621.52
948,236,2022-08-24,383,2,4,729.77,99.49,0.0475,764.43
949,237,2022-08-25,444,3,,909.2,0,0,909.2
950,237,2022-08-25,832,3,,811.71,0,0.0625,862.44
951,237,2022-08-25,66,2,,1419.88,0,0,1419.88
952,237,2022-08-25,635,1,4,230.03,31.37,0.0725,246.71
953,237,2022-08-25,1367,2,,446.57,0,0.0475,467.78
954,238,2022-08-26,586,1,4,313.89,42.78,0.045,328.02
955,238,2022-08-26,583,3,,187.5,0,0.06875,200.39
956,238,2022-08-26,983,2,,56.79,0,0.0725,60.91
957,238,2022-08-26,28,1,,1182.32,0,0.08,1276.91
958,238,2022-08-26,1422,2,,147.94,0,0.0725,158.67
959,238,2022-08-26,142,1,,986.03,0,0.07,1055.05
960,239,2022-08-27,1920,2,4,99.5,13.56,0.0475,104.23
961,239,2022-08-27,1489,2,,496.98,0,0.0625,528.04
962,239,2022-08-27,1525,1,,15.27,0,0.04,15.88
963,239,2022-08-27,622,1,4,311.68,42.51,0.0725,334.28
964,239,2022-08-27,1911,1,,233.68,0,0.0625,248.29
965,239,2022-08-27,609,1,,288.34,0,0.065,307.08
966,240,2022-08-28,723,1,4,420.62,57.34,0.0445,439.34
967,240,2022-08-28,1213,3,4,51.39,7,0.06,54.47
968,240,2022-08-28,934,2,,132.66,0,0.0625,140.95
969,240,2022-08-28,778,1,,450.13,0,0.065,479.39
970,240,2022-08-28,1694,3,,132.84,0,0.0485,139.28
971,241,2022-08-29,779,2,4,136.23,18.59,0.0575,144.06
972,241,2022-08-29,1905,3,4,1035.79,141.24,0.06875,1107
973,241,2022-08-29,308,2,4,888.56,121.14,0,888.56
974,241,2022-08-29,578,2,,39.57,0,0.0625,42.04
975,241,2022-08-29,1487,2,,167,0,0.0635,177.6
976,241,2022-08-29,773,2,,446.16,0,0.08,481.85
977,242,2022-08-30,1290,3,,384.27,0,0.06,407.33
978,242,2022-08-30,415,2,4,1045.35,142.55,0.065,1113.3
979,242,2022-08-30,393,2,,550.61,0,0.065,586.4
980,242,2022-08-30,770,3,,1589.04,0,0.0635,1689.94
981,242,2022-08-30,1557,1,,300.74,0,0.0475,315.03
982,242,2022-08-30,1911,1,,754.5,0,0.0625,801.66
983,243,2022-08-31,1965,1,4,493.38,67.26,0.0485,517.31
984,243,2022-08-31,1395,1,4,396.64,54.1,0.0685,423.81
985,243,2022-08-31,1384,3,,83.39,0,0.0625,88.6
986,243,2022-08-31,177,1,,741.1,0,0.06,785.57
987,243,2022-08-31,789,3,4,64.58,8.8,0.0625,68.62
988,243,2022-08-31,1703,2,4,392.88,53.56,0.0625,417.43
989,244,2022-09-01,1763,3,,939.28,0,0.0575,993.29
990,244,2022-09-01,1439,3,,809.45,0,0.0625,860.04
991,244,2022-09-01,855,1,4,507.24,69.18,0.06,537.67
992,244,2022-09-01,161,2,,431.87,0,0.06,457.78
993,244,2022-09-01,1866,1,,146.44,0,0.0685,156.47
994,244,2022-09-01,1422,3,,266.49,0,0.0725,285.81
995,245,2022-09-02,645,2,4,423.84,57.78,0.05125,445.56
996,245,2022-09-02,1635,3,4,503.47,68.66,0.065,536.2
997,245,2022-09-02,990,1,4,331.61,45.22,0.0485,347.69
998,245,2022-09-02,1572,3,,44.67,0,0.065,47.57
999,245,2022-09-02,1369,3,4,859.74,117.22,0.0625,913.47
1000,245,2022-09-02,1041,2,,1194.53,0,0.0685,1276.36
1001,246,2022-09-03,761,1,,312.46,0,0.08,337.46
1002,246,2022-09-03,1998,3,,104.57,0,0.0625,111.11
1003,246,2022-09-03,1569,1,4,18.2,2.48,0.08,19.66
1004,246,2022-09-03,1720,2,,39.57,0,0.06,41.94
1005,246,2022-09-03,144,2,4,876.4,119.53,0.06875,936.65
1006,246,2022-09-03,677,1,4,361.06,49.22,0.0635,383.99
1007,247,2022-09-04,1397,3,4,320.39,43.67,0.029,329.68
1008,247,2022-09-04,1682,1,4,129.88,17.71,0.065,138.32
1009,247,2022-09-04,131,2,,891.49,0,0.0625,947.21
1010,247,2022-09-04,725,2,,1061.06,0,0.04,1103.5
1011,247,2022-09-04,1015,2,4,58.83,8.02,0.0445,61.45
1012,247,2022-09-04,456,1,,68.92,0,0.0725,73.92
1013,248,2022-09-05,947,3,,47.32,0,0.06875,50.57
1014,248,2022-09-05,1178,1,4,245.69,33.5,0.0625,261.05
1015,248,2022-09-05,634,1,4,240.82,32.83,0.08,260.09
1016,248,2022-09-05,1688,1,,872.8,0,0.0485,915.13
1017,248,2022-09-05,768,1,4,11.04,1.51,0.0685,11.8
1018,249,2022-09-06,40,1,,1066.87,0,0.056,1126.61
1019,249,2022-09-06,280,3,,106.47,0,0.0575,112.59
1020,249,2022-09-06,1133,3,,446.05,0,0.06,472.81
1021,249,2022-09-06,468,2,,1608.6,0,0.0445,1680.18
1022,249,2022-09-06,863,2,,1242.3,0,0.045,1298.2
1023,250,2022-09-07,1762,2,,899.17,0,0.0685,960.76
1024,250,2022-09-07,917,2,,196.67,0,0.0635,209.16
1025,250,2022-09-07,38,2,,1008.58,0,0.0625,1071.62
1026,250,2022-09-07,1679,2,,253.17,0,0.0625,268.99
1027,250,2022-09-07,1264,3,,206.52,0,0,206.52
1028,251,2022-09-08,17,2,,1934.57,0,0.0685,2067.09
1029,251,2022-09-08,377,2,,332.18,0,0.07,355.43
1030,251,2022-09-08,941,2,,385.34,0,0.0625,409.42
1031,251,2022-09-08,1600,1,,311.24,0,0.0625,330.69
1032,251,2022-09-08,9,1,,1317.89,0,0.06,1396.96
1033,252,2022-09-09,1415,1,,1137.45,0,0.045,1188.64
1034,252,2022-09-09,1719,1,,98.27,0,0.05125,103.31
1035,252,2022-09-09,81,1,,567.98,0,0.04,590.7
1036,252,2022-09-09,1331,3,,459.04,0,0.05125,482.57
1037,252,2022-09-09,646,1,,294.19,0,0.06,311.84
1038,253,2022-09-10,453,1,,866.75,0,0.029,891.89
1039,253,2022-09-10,858,2,,675.1,0,0.0685,721.34
1040,253,2022-09-10,769,2,,1053.88,0,0.065,1122.38
1041,253,2022-09-10,507,3,,86.28,0,0.0445,90.12
1042,253,2022-09-10,1204,1,,809.38,0,0,809.38
1043,254,2022-09-11,1663,2,,334.02,0,0.0625,354.9
1044,254,2022-09-11,1536,1,,49.74,0,0.065,52.97
1045,254,2022-09-11,129,2,,1448.69,0,0.07,1550.1
1046,254,2022-09-11,1665,1,,350.89,0,0.06,371.94
1047,254,2022-09-11,989,3,,317.92,0,0.0635,338.11
1048,255,2022-09-12,1719,3,,325.35,0,0.05125,342.02
1049,255,2022-09-12,785,2,,327.68,0,0.06875,350.21
1050,255,2022-09-12,1772,2,,279.81,0,0.0475,293.1
1051,255,2022-09-12,1623,3,,855.08,0,0.06875,913.87
1052,255,2022-09-12,244,1,,1452.38,0,0.0625,1543.15
1053,256,2022-09-13,1299,1,,1326.01,0,0.07,1418.83
1054,256,2022-09-13,1587,2,,134.03,0,0,134.03
1055,256,2022-09-13,1843,1,,519.72,0,0.045,543.11
1056,256,2022-09-13,1897,3,,176.64,0,0,176.64
1057,256,2022-09-13,1095,1,,937.58,0,0.0445,979.3
1058,257,2022-09-14,1698,1,,427.75,0,0.045,447
1059,257,2022-09-14,483,2,,186.22,0,0.0635,198.04
1060,257,2022-09-14,307,2,,368.02,0,0.07,393.78
1061,257,2022-09-14,425,2,,181.18,0,0.0625,192.5
1062,257,2022-09-14,124,2,,633.22,0,0.06875,676.75
1063,258,2022-09-15,1926,1,,7.55,0,0.0575,7.98
1064,258,2022-09-15,1601,2,,35.04,0,0.07,37.49
1065,258,2022-09-15,499,2,,155.62,0,0.0725,166.9
1066,258,2022-09-15,530,1,,1035.84,0,0.0685,1106.8
1067,258,2022-09-15,1686,2,,58.28,0,0.0625,61.92
1068,259,2022-09-16,380,2,,778,0,0.0625,826.62
1069,259,2022-09-16,1307,1,,968.96,0,0.0685,1035.33
1070,259,2022-09-16,593,1,,33.4,0,0.04,34.74
1071,259,2022-09-16,592,1,,345.93,0,0.0625,367.55
1072,259,2022-09-16,351,1,,1376.68,0,0.06,1459.28
1073,260,2022-09-17,1568,2,,362.02,0,0.06875,386.91
1074,260,2022-09-17,123,1,,291.65,0,0.04,303.32
1075,260,2022-09-17,364,3,,1132.15,0,0.0635,1204.04
1076,260,2022-09-17,1701,2,,131.22,0,0.0635,139.55
1077,260,2022-09-17,1456,3,,79.03,0,0.0445,82.55
1078,261,2022-09-18,1814,1,,1208.11,0,0.0725,1295.7
1079,261,2022-09-18,1281,2,,79.03,0,0.07,84.56
1080,261,2022-09-18,527,3,,333.5,0,0.0575,352.68
1081,261,2022-09-18,632,2,,400.56,0,0.0635,426
1082,261,2022-09-18,1289,2,,371.81,0,0.04,386.68
1083,262,2022-09-19,601,3,,258.11,0,0.06,273.6
1084,262,2022-09-19,721,2,,19.92,0,0.0625,21.17
1085,262,2022-09-19,598,1,,227.9,0,0.0625,242.14
1086,262,2022-09-19,1737,3,,129.41,0,0.06875,138.31
1087,262,2022-09-19,1221,2,,985.38,0,0.0635,1047.95
1088,263,2022-09-20,1929,2,,172.87,0,0.0625,183.67
1089,263,2022-09-20,563,2,,435.64,0,0,435.64
1090,263,2022-09-20,1684,1,,386.1,0,0.07,413.13
1091,263,2022-09-20,1531,1,,55.83,0,0.0685,59.65
1092,263,2022-09-20,1088,2,,322.42,0,0.0625,342.57
1093,264,2022-09-21,485,3,,1847.37,0,0.056,1950.82
1094,264,2022-09-21,1102,2,,192.14,0,0.065,204.63
1095,264,2022-09-21,108,1,,1581.37,0,0.0445,1651.74
1096,264,2022-09-21,1235,3,,1360.63,0,0.056,1436.83
1097,264,2022-09-21,968,2,,587.31,0,0.056,620.2
1098,265,2022-09-22,1464,1,,292.22,0,0.08,315.6
1099,265,2022-09-22,86,1,,589.92,0,0.0685,630.33
1100,265,2022-09-22,1943,3,,522.33,0,0.06875,558.24
1101,265,2022-09-22,1723,1,,385.11,0,0.06,408.22
1102,265,2022-09-22,1109,1,,709.92,0,0.0635,755
1103,266,2022-09-23,1362,1,,443.53,0,0.0635,471.69
1104,266,2022-09-23,864,3,,52.11,0,0.04,54.19
1105,266,2022-09-23,1607,2,,645.69,0,0.0685,689.92
1106,266,2022-09-23,1014,2,,97.59,0,0.0625,103.69
1107,266,2022-09-23,1924,2,,153.74,0,0.0625,163.35
1108,267,2022-09-24,1063,3,,276.3,0,0.08,298.4
1109,267,2022-09-24,519,2,,380.6,0,0.0725,408.19
1110,267,2022-09-24,214,3,,439.65,0,0.0685,469.77
1111,267,2022-09-24,1861,1,,129.33,0,0.0475,135.47
1112,267,2022-09-24,812,3,,424.38,0,0.065,451.96
1113,268,2022-09-25,483,1,,527.54,0,0.0635,561.04
1114,268,2022-09-25,196,2,,1196.54,0,0.045,1250.38
1115,268,2022-09-25,656,3,,39.57,0,0,39.57
1116,268,2022-09-25,529,3,,801.15,0,0,801.15
1117,268,2022-09-25,750,2,,373.87,0,0.0445,390.51
1118,269,2022-09-26,747,2,,21.66,0,0.0575,22.91
1119,269,2022-09-26,1071,1,,492.91,0,0.0685,526.67
1120,269,2022-09-26,932,1,,528.1,0,0.05125,555.17
1121,269,2022-09-26,618,2,,105.26,0,0.0625,111.84
1122,269,2022-09-26,1915,1,,484.29,0,0.029,498.33
1123,270,2022-09-27,1312,2,,765.13,0,0.065,814.86
1124,270,2022-09-27,772,1,,126.2,0,0,126.2
1125,270,2022-09-27,1358,1,,537.32,0,0.06875,574.26
1126,270,2022-09-27,1556,1,,772.5,0,0.06875,825.61
1127,270,2022-09-27,914,1,,632.62,0,0.0625,672.16
1128,271,2022-09-28,1689,1,,39.84,0,0.0625,42.33
1129,271,2022-09-28,243,3,,452.13,0,0.065,481.52
1130,271,2022-09-28,1401,3,,73.38,0,0.08,79.25
1131,271,2022-09-28,497,1,,1070.6,0,0.0445,1118.24
1132,271,2022-09-28,1186,2,,231.15,0,0.0725,247.91
1133,272,2022-09-29,1255,2,,51.6,0,0.0635,54.88
1134,272,2022-09-29,384,2,,490.55,0,0.0575,518.76
1135,272,2022-09-29,1744,2,,380.6,0,0.06875,406.77
1136,272,2022-09-29,923,2,,1870.73,0,0.06875,1999.34
1137,272,2022-09-29,1648,3,,641.37,0,0.0485,672.48
1138,273,2022-09-30,596,2,,220.7,0,0.045,230.63
1139,273,2022-09-30,1911,1,,2035.1,0,0.0625,2162.29
1140,273,2022-09-30,35,1,,570.77,0,0.0685,609.87
1141,273,2022-09-30,1219,3,,60.61,0,0.0625,64.4
1142,273,2022-09-30,395,1,,224.24,0,0.029,230.74
1143,274,2022-10-01,651,2,,158.28,0,0.065,168.57
1144,274,2022-10-01,115,1,,1225.66,0,0.065,1305.33
1145,274,2022-10-01,1047,1,,332.4,0,0.065,354.01
1146,274,2022-10-01,1244,1,,394.11,0,0.06,417.76
1147,274,2022-10-01,541,1,,123.66,0,0.0625,131.39
1148,275,2022-10-02,658,1,,317.3,0,0.0635,337.45
1149,275,2022-10-02,1119,3,,504.62,0,0.04,524.8
1150,275,2022-10-02,437,2,,651.66,0,0.0445,680.66
1151,275,2022-10-02,1814,2,,988.38,0,0.0725,1060.04
1152,275,2022-10-02,1914,3,,211.2,0,0.0685,225.67
1153,276,2022-10-03,746,2,,290.43,0,0.0635,308.87
1154,276,2022-10-03,767,2,,93.27,0,0.08,100.73
1155,276,2022-10-03,1872,2,,130.91,0,0.06875,139.91
1156,276,2022-10-03,1798,2,,172.27,0,0.08,186.05
1157,277,2022-10-04,1725,2,,98.27,0,0.0685,105
1158,277,2022-10-04,1021,2,,823.35,0,0.0725,883.04
1159,277,2022-10-04,67,1,,579.37,0,0,579.37
1160,277,2022-10-04,1858,2,,296.39,0,0.06,314.17
1161,278,2022-10-05,1079,2,,526.88,0,0.0725,565.08
1162,278,2022-10-05,1588,3,,633.49,0,0.04,658.83
1163,278,2022-10-05,1648,1,,164.71,0,0.0485,172.7
1164,278,2022-10-05,1150,2,,265.5,0,0.056,280.37
1165,279,2022-10-06,1167,1,,404.81,0,0.056,427.48
1166,279,2022-10-06,1224,3,,343.2,0,0.0475,359.5
1167,279,2022-10-06,619,1,,484.42,0,0.0635,515.18
1168,279,2022-10-06,517,3,,300.65,0,0,300.65
1169,280,2022-10-07,23,2,,983.39,0,0.06,1042.39
1170,280,2022-10-07,1186,1,,591.75,0,0.0725,634.65
1171,280,2022-10-07,1950,3,,147.59,0,0.07,157.92
1172,280,2022-10-07,972,2,,21,0,0.0685,22.44
1173,281,2022-10-08,1674,1,,324.73,0,0.06,344.21
1174,281,2022-10-08,1837,1,,373.08,0,0.0475,390.8
1175,281,2022-10-08,1930,3,,133.52,0,0.045,139.53
1176,281,2022-10-08,9,1,,1434.27,0,0.06,1520.33
1177,281,2022-10-08,1476,1,,85.71,0,0.08,92.57
1178,282,2022-10-09,1444,2,,264.76,0,0.06,280.65
1179,282,2022-10-09,1942,1,,446.65,0,0.065,475.68
1180,282,2022-10-09,1465,1,,80.43,0,0.0625,85.46
1181,282,2022-10-09,70,1,,860.92,0,0.065,916.88
1182,282,2022-10-09,76,2,,524.25,0,0.0685,560.16
1183,283,2022-10-10,1045,1,,560.6,0,0.065,597.04
1184,283,2022-10-10,1219,1,,81.3,0,0.0625,86.38
1185,283,2022-10-10,1362,1,,275.89,0,0.0635,293.41
1186,283,2022-10-10,1410,3,,408.87,0,0.06,433.4
1187,284,2022-10-11,849,1,,22.65,0,0.0575,23.95
1188,284,2022-10-11,1142,2,,63.08,0,0.0575,66.71
1189,284,2022-10-11,245,1,,206.34,0,0.0685,220.47
1190,284,2022-10-11,533,1,,134.77,0,0.06,142.86
1191,285,2022-10-12,1423,3,,795.26,0,0.056,839.79
1192,285,2022-10-12,663,2,,122.71,0,0,122.71
1193,285,2022-10-12,953,2,,207.14,0,0.065,220.6
1194,285,2022-10-12,118,1,,525.17,0,0.06,556.68
1195,286,2022-10-13,1333,3,,213.05,0,0.06875,227.7
1196,286,2022-10-13,1610,2,,419.58,0,0.065,446.85
1197,286,2022-10-13,1007,1,,432.01,0,0.06875,461.71
1198,286,2022-10-13,1099,1,,267.04,0,0.04,277.72
1199,287,2022-10-14,1913,1,,96.2,0,0.0485,100.87
1200,287,2022-10-14,917,1,,292.17,0,0.0635,310.72
1201,287,2022-10-14,1784,1,,395.59,0,0.0475,414.38
1202,287,2022-10-14,876,1,,215.88,0,0.0575,228.29
1203,288,2022-10-15,446,1,,1578.06,0,0.056,1666.43
1204,288,2022-10-15,1809,3,,38.11,0,0.07,40.78
1205,288,2022-10-15,1592,1,,370.26,0,0.06875,395.72
1206,288,2022-10-15,240,1,,349.78,0,0.029,359.92
1207,288,2022-10-15,593,2,,55.83,0,0.04,58.06
1208,289,2022-10-16,1669,1,,530.21,0,0.06,562.02
1209,289,2022-10-16,1167,1,,1159.28,0,0.056,1224.2
1210,289,2022-10-16,21,1,,1815.61,0,0.065,1933.62
1211,289,2022-10-16,711,3,,189.03,0,0.0635,201.03
1212,289,2022-10-16,815,1,,215.71,0,0.0685,230.49
1213,290,2022-10-17,1227,2,,164.63,0,0.05125,173.07
1214,290,2022-10-17,1069,3,,1130.68,0,0.0725,1212.65
1215,290,2022-10-17,1021,1,,251.28,0,0.0725,269.5
1216,290,2022-10-17,1036,3,,320.58,0,0.08,346.23
1217,291,2022-10-18,813,3,,415.26,0,0.06,440.18
1218,291,2022-10-18,1465,1,,18.2,0,0.0625,19.34
1219,291,2022-10-18,1009,1,,154.37,0,0.0725,165.56
1220,291,2022-10-18,1390,2,,428.21,0,0,428.21
1221,292,2022-10-19,1326,3,,289.82,0,0.0575,306.48
1222,292,2022-10-19,923,2,,117.22,0,0.06875,125.28
1223,292,2022-10-19,697,1,,362.61,0,0.065,386.18
1224,292,2022-10-19,1249,2,,417.29,0,0.07,446.5
1225,293,2022-10-20,1838,3,,232.88,0,0.06,246.85
1226,293,2022-10-20,406,3,,880.65,0,0.0625,935.69
1227,293,2022-10-20,1573,1,,371.11,0,0.056,391.89
1228,293,2022-10-20,489,2,,1878.68,0,0.045,1963.22
1229,294,2022-10-21,1874,1,,45.39,0,0.0625,48.23
1230,294,2022-10-21,1813,3,,401.49,0,0.0445,419.36
1231,294,2022-10-21,1727,3,,232.37,0,0.08,250.96
1232,294,2022-10-21,1764,1,,25.34,0,0.04,26.35
1233,295,2022-10-22,505,1,,599.47,0,0.056,633.04
1234,295,2022-10-22,1285,1,,551.19,0,0.0625,585.64
1235,295,2022-10-22,748,1,,482.76,0,0.0685,515.83
1236,295,2022-10-22,334,3,,3217.9,0,0.0575,3402.93
1237,295,2022-10-22,1213,2,,1207.4,0,0.06,1279.84
1238,296,2022-10-23,1963,2,,167.76,0,0.0485,175.9
1239,296,2022-10-23,1510,1,,40.62,0,0.06,43.06
1240,296,2022-10-23,114,2,,110.07,0,0.05125,115.71
1241,296,2022-10-23,1032,2,,563.69,0,0.045,589.06
1242,296,2022-10-23,1020,3,,221.18,0,0.08,238.87
1243,297,2022-10-24,613,1,,363.36,0,0.0445,379.53
1244,297,2022-10-24,1145,2,,255.3,0,0.0625,271.26
1245,297,2022-10-24,115,1,,1394.81,0,0.065,1485.47
1246,297,2022-10-24,1838,2,,507.98,0,0.06,538.46
1247,298,2022-10-25,467,2,,845.31,0,0.045,883.35
1248,298,2022-10-25,485,1,,706.42,0,0.056,745.98
1249,298,2022-10-25,913,3,,906.54,0,0.0685,968.64
1250,298,2022-10-25,753,3,,253.52,0,0.0725,271.9
1251,299,2022-10-26,162,3,,393.09,0,0.0445,410.58
1252,299,2022-10-26,1541,1,,18.78,0,0.0485,19.69
1253,299,2022-10-26,964,2,,260.35,0,0.06,275.97
1254,299,2022-10-26,299,1,,1223.92,0,0,1223.92
1255,300,2022-10-27,72,1,,457.93,0,0.0625,486.55
1256,300,2022-10-27,1698,2,,816.2,0,0.045,852.93
1257,300,2022-10-27,2,1,,571.72,0,0.06,606.02
1258,300,2022-10-27,919,3,,672.28,0,0.0685,718.33
1259,301,2022-10-28,1104,2,,269.9,0,0.0445,281.91
1260,301,2022-10-28,642,3,,682.13,0,0.06875,729.03
1261,301,2022-10-28,213,3,,964.36,0,0.06,1022.22
1262,301,2022-10-28,1288,2,,58.76,0,0.04,61.11
1263,302,2022-10-29,1855,1,,1296.11,0,0.0725,1390.08
1264,302,2022-10-29,1148,1,,1036.65,0,0.045,1083.3
1265,302,2022-10-29,933,2,,421.1,0,0.07,450.58
1266,302,2022-10-29,663,1,,918.57,0,0,918.57
1267,302,2022-10-29,1855,2,,186.95,0,0.0725,200.5
1268,303,2022-10-30,1249,1,,188.51,0,0.07,201.71
1269,303,2022-10-30,1057,3,,651.28,0,0.06,690.36
1270,303,2022-10-30,1330,2,,380.6,0,0.045,397.73
1271,303,2022-10-30,1000,3,,349.68,0,0.065,372.41
1272,303,2022-10-30,1918,2,,490.45,0,0.07,524.78
1273,304,2022-10-31,1836,1,,919.41,0,0.06,974.57
1274,304,2022-10-31,614,2,,134.25,0,0.0725,143.98
1275,304,2022-10-31,1259,1,,616.78,0,0.06,653.79
1276,304,2022-10-31,1463,1,,507.04,0,0.07,542.53
1277,305,2022-11-01,1374,2,,65.86,0,0.0575,69.65
1278,305,2022-11-01,1085,1,,98.5,0,0.06,104.41
1279,305,2022-11-01,633,3,,107.45,0,0.06875,114.84
1280,305,2022-11-01,1544,2,,56.06,0,0.08,60.54
1281,305,2022-11-01,107,1,,2263.48,0,0,2263.48
1282,305,2022-11-01,1709,1,,1320.26,0,0.06,1399.48
1283,306,2022-11-02,1088,2,,180.79,0,0.0625,192.09
1284,306,2022-11-02,780,2,,1018.78,0,0.0635,1083.47
1285,306,2022-11-02,1949,2,,694.34,0,0.08,749.89
1286,306,2022-11-02,839,1,,500.86,0,0.04,520.89
1287,306,2022-11-02,869,1,,117.9,0,0.0685,125.98
1288,306,2022-11-02,1408,2,,368.51,0,0.065,392.46
1289,307,2022-11-03,1412,3,,254.2,0,0.0625,270.09
1290,307,2022-11-03,1888,2,,560.4,0,0.0625,595.42
1291,307,2022-11-03,1055,3,,1078.25,0,0.0625,1145.64
1292,307,2022-11-03,891,3,,296.48,0,0.065,315.75
1293,307,2022-11-03,1040,2,,373.93,0,0.0485,392.07
1294,307,2022-11-03,1504,1,,277.94,0,0,277.94
1295,308,2022-11-04,1034,3,,65.59,0,0.056,69.26
1296,308,2022-11-04,343,1,,350.72,0,0.0625,372.64
1297,308,2022-11-04,512,2,,38.88,0,0.06,41.21
1298,308,2022-11-04,1876,3,,268.32,0,0,268.32
1299,308,2022-11-04,1600,3,,312.22,0,0.0625,331.73
1300,308,2022-11-04,1738,3,,22.8,0,0.0725,24.45
1301,309,2022-11-05,727,2,,803.92,0,0.0575,850.15
1302,309,2022-11-05,1711,1,,441.06,0,0.0475,462.01
1303,309,2022-11-05,845,1,,70.98,0,0.0685,75.84
1304,309,2022-11-05,1302,2,,127.33,0,0.0725,136.56
1305,309,2022-11-05,74,1,,1873.26,0,0.0635,1992.21
1306,309,2022-11-05,994,3,,394.18,0,0.065,419.8
1307,310,2022-11-06,511,2,,1039.88,0,0.0485,1090.31
1308,310,2022-11-06,1284,3,,219.46,0,0.08,237.02
1309,310,2022-11-06,169,1,,635.08,0,0.0685,678.58
1310,310,2022-11-06,366,1,,1639.31,0,0.0485,1718.82
1311,310,2022-11-06,1399,1,,216.05,0,0.045,225.77
1312,310,2022-11-06,643,2,,400.52,0,0.05125,421.05
1313,311,2022-11-07,1282,2,,997.67,0,0.029,1026.6
1314,311,2022-11-07,114,2,,92.77,0,0.05125,97.52
1315,311,2022-11-07,1379,3,,1004.76,0,0.0635,1068.56
1316,311,2022-11-07,1577,1,,205.75,0,0.08,222.21
1317,311,2022-11-07,886,2,,457.16,0,0.045,477.73
1318,311,2022-11-07,1161,2,,272.58,0,0.0575,288.25
1319,312,2022-11-08,1435,1,,102.12,0,0.0635,108.6
1320,312,2022-11-08,1587,3,,607.03,0,0,607.03
1321,312,2022-11-08,1684,2,,274.53,0,0.07,293.75
1322,312,2022-11-08,1578,3,,37.56,0,0.0725,40.28
1323,312,2022-11-08,376,3,,1822.89,0,0.045,1904.92
1324,312,2022-11-08,1333,2,,145.64,0,0.06875,155.65
1325,313,2022-11-09,1361,2,,135.1,0,0.0685,144.35
1326,313,2022-11-09,978,3,,390.01,0,0.06,413.41
1327,313,2022-11-09,1636,1,,1000.94,0,0.07,1071.01
1328,313,2022-11-09,1162,1,,56.79,0,0.06,60.2
1329,313,2022-11-09,1506,3,,425.5,0,0.0625,452.09
1330,313,2022-11-09,1313,1,,319.21,0,0.056,337.09
1331,314,2022-11-10,546,3,,535.5,0,0.07,572.99
1332,314,2022-11-10,1236,3,,484.1,0,0.0625,514.36
1333,314,2022-11-10,838,1,,756.55,0,0.0685,808.37
1334,314,2022-11-10,1804,1,,513.26,0,0.0445,536.1
1335,314,2022-11-10,1032,1,,514.96,0,0.045,538.13
1336,314,2022-11-10,1655,2,,877.2,0,0.04,912.29
1337,315,2022-11-11,1161,3,,848.83,0,0.0575,897.64
1338,315,2022-11-11,1634,2,,338.94,0,0.045,354.19
1339,315,2022-11-11,868,2,,147.29,0,0.0625,156.5
1340,315,2022-11-11,834,3,,22.65,0,0.0445,23.66
1341,315,2022-11-11,348,3,,1492.98,0,0.0635,1587.78
1342,315,2022-11-11,332,2,,904.85,0,0.0575,956.88
1343,316,2022-11-12,792,3,,158.68,0,0.0625,168.6
1344,316,2022-11-12,1569,2,,107.12,0,0.08,115.69
1345,316,2022-11-12,254,1,,460.84,0,0.04,479.27
1346,316,2022-11-12,554,2,,407.26,0,0.0445,425.38
1347,316,2022-11-12,1835,2,,47.45,0,0.045,49.59
1348,316,2022-11-12,1423,2,,142.41,0,0.056,150.38
1349,317,2022-11-13,465,1,,395.94,0,0.0725,424.65
1350,317,2022-11-13,48,1,,1529.21,0,0.06,1620.96
1351,317,2022-11-13,1109,1,,246.22,0,0.0635,261.85
1352,317,2022-11-13,1506,1,,27.84,0,0.0625,29.58
1353,317,2022-11-13,750,2,,1262.74,0,0.0445,1318.93
1354,317,2022-11-13,77,1,,351.86,0,0.0445,367.52
1355,318,2022-11-14,1926,1,,135.52,0,0.0575,143.31
1356,318,2022-11-14,428,1,,832.43,0,0.0685,889.45
1357,318,2022-11-14,1854,2,,201.71,0,0.06875,215.58
1358,318,2022-11-14,1689,3,,460.21,0,0.0625,488.97
1359,318,2022-11-14,1782,1,,1214.47,0,0.06,1287.34
1360,318,2022-11-14,1903,1,,184.88,0,0.0575,195.51
1361,319,2022-11-15,1890,1,,192.25,0,0.0635,204.46
1362,319,2022-11-15,1906,3,,83.4,0,0,83.4
1363,319,2022-11-15,6,1,,1612.66,0,0.06,1709.42
1364,319,2022-11-15,711,3,,239.94,0,0.0635,255.18
1365,319,2022-11-15,1489,3,,51.06,0,0.0625,54.25
1366,319,2022-11-15,1976,1,,856.65,0,0.0625,910.19
1367,320,2022-11-16,362,1,,153.18,0,0.08,165.43
1368,320,2022-11-16,398,3,,1300.69,0,0.06875,1390.11
1369,320,2022-11-16,401,3,,666.78,0,0.065,710.12
1370,320,2022-11-16,1846,3,,939.41,0,0.0685,1003.76
1371,320,2022-11-16,1836,1,,47.86,0,0.06,50.73
1372,320,2022-11-16,196,3,,418.11,0,0.045,436.92
1373,321,2022-11-17,1148,2,,223.52,0,0.045,233.58
1374,321,2022-11-17,1563,1,,340.68,0,0.08,367.93
1375,321,2022-11-17,1354,3,,133.14,0,0.0725,142.79
1376,321,2022-11-17,1931,2,,73.05,0,0.0725,78.35
1377,321,2022-11-17,841,1,,637.34,0,0.06,675.58
1378,321,2022-11-17,520,3,,66.08,0,0.0685,70.61
1379,322,2022-11-18,632,1,,450.38,0,0.0635,478.98
1380,322,2022-11-18,1454,1,,193.58,0,0.0635,205.87
1381,322,2022-11-18,574,2,,774.33,0,0.065,824.66
1382,322,2022-11-18,114,1,,303.22,0,0.05125,318.76
1383,322,2022-11-18,1794,1,,378.83,0,0.0685,404.78
1384,322,2022-11-18,1533,3,,56.53,0,0.029,58.17
1385,323,2022-11-19,1564,1,,145.7,0,0,145.7
1386,323,2022-11-19,1259,1,,718.94,0,0.06,762.08
1387,323,2022-11-19,381,3,,957.81,0,0.07,1024.86
1388,323,2022-11-19,1738,2,,560.58,0,0.0725,601.22
1389,323,2022-11-19,682,1,,435.31,0,0.0445,454.68
1390,323,2022-11-19,1346,1,,176.8,0,0.06,187.41
1391,324,2022-11-20,31,1,,472.97,0,0.0625,502.53
1392,324,2022-11-20,1210,2,,814.58,0,0.07,871.6
1393,324,2022-11-20,712,3,,477.28,0,0.06875,510.09
1394,324,2022-11-20,1483,2,,395.85,0,0,395.85
1395,324,2022-11-20,1230,2,,486.22,0,0.0625,516.61
1396,324,2022-11-20,1184,3,,916.78,0,0.045,958.04
1397,325,2022-11-21,222,3,,100.23,0,0.0625,106.49
1398,325,2022-11-21,1692,1,,367.5,0,0.0475,384.96
1399,325,2022-11-21,396,3,,779.1,0,0.0575,823.9
1400,325,2022-11-21,583,2,,739.75,0,0.06875,790.61
1401,325,2022-11-21,638,1,,46.59,0,0.0625,49.5
1402,325,2022-11-21,64,1,,702.83,0,0.0635,747.46
1403,326,2022-11-22,539,1,,93.27,0,0.0685,99.66
1404,326,2022-11-22,1329,2,,736.66,0,0.06875,787.31
1405,326,2022-11-22,913,1,,353.56,0,0.0685,377.78
1406,326,2022-11-22,917,3,,318.22,0,0.0635,338.43
1407,326,2022-11-22,1850,1,,121.76,0,0.0685,130.1
1408,326,2022-11-22,160,1,,535.66,0,0.0475,561.1
1409,327,2022-11-23,247,1,,882.32,0,0.08,952.91
1410,327,2022-11-23,805,1,,1087.16,0,0.07,1163.26
1411,327,2022-11-23,295,3,,382.03,0,0.0725,409.73
1412,327,2022-11-23,1415,1,,990.61,0,0.045,1035.19
1413,327,2022-11-23,1693,1,,700.66,0,0.06875,748.83
1414,327,2022-11-23,1428,2,,724.51,0,0.045,757.11
1415,328,2022-11-24,67,1,,1233.71,0,0,1233.71
1416,328,2022-11-24,81,2,,1077.46,0,0.04,1120.56
1417,328,2022-11-24,872,3,,370.96,0,0.0685,396.37
1418,328,2022-11-24,1872,1,,896.08,0,0.06875,957.69
1419,328,2022-11-24,1268,2,,728.1,0,0,728.1
1420,328,2022-11-24,1242,2,,36.87,0,0.06,39.08
1421,329,2022-11-25,1943,1,5,451.22,150.39,0.06875,482.24
1422,329,2022-11-25,411,3,,1145.33,0,0.0725,1228.37
1423,329,2022-11-25,1012,1,,738.29,0,0.06,782.59
1424,329,2022-11-25,562,1,5,19.35,6.45,0.06,20.51
1425,329,2022-11-25,1273,2,,21.06,0,0,21.06
1426,329,2022-11-25,1738,2,,64.59,0,0.0725,69.27
1427,329,2022-11-25,1907,2,5,177.38,59.12,0.0625,188.47
1428,330,2022-11-26,1018,2,,112.52,0,0.0485,117.98
1429,330,2022-11-26,564,3,,138.78,0,0.0625,147.45
1430,330,2022-11-26,369,1,,884.27,0,0.0625,939.54
1431,330,2022-11-26,644,2,,981.93,0,0.0575,1038.39
1432,330,2022-11-26,1009,1,5,207.44,69.16,0.0725,222.48
1433,330,2022-11-26,1935,3,,579.15,0,0.0575,612.45
1434,331,2022-11-27,1227,2,5,438.82,146.27,0.05125,461.31
1435,331,2022-11-27,124,3,,684.41,0,0.06875,731.46
1436,331,2022-11-27,1808,1,,226.59,0,0.065,241.32
1437,331,2022-11-27,1884,2,5,354.83,118.29,0.0625,377.01
1438,331,2022-11-27,1381,3,,261.45,0,0.0475,273.87
1439,331,2022-11-27,589,2,,86.42,0,0.065,92.04
1440,331,2022-11-27,1356,1,,391.94,0,0.06875,418.89
1441,332,2022-11-28,1013,2,,70.22,0,0.029,72.26
1442,332,2022-11-28,1468,3,,163.84,0,0.06,173.67
1443,332,2022-11-28,929,3,5,1126.49,375.5,0.045,1177.18
1444,332,2022-11-28,1401,2,,425.92,0,0.08,459.99
1445,332,2022-11-28,1706,2,,352.21,0,0.05125,370.26
1446,332,2022-11-28,1426,2,5,354.73,118.24,0.06,376.01
1447,332,2022-11-28,205,2,,1365.18,0,0.0625,1450.5
1448,333,2022-11-29,1830,3,,392.1,0,0.056,414.06
1449,333,2022-11-29,1857,3,,338.17,0,0.0685,361.33
1450,333,2022-11-29,895,2,,168.66,0,0.0485,176.84
1451,333,2022-11-29,596,1,,297.52,0,0.045,310.91
1452,333,2022-11-29,1017,1,,356.12,0,0.0635,378.73
1453,333,2022-11-29,1583,1,,86.92,0,0.065,92.57
1454,334,2022-11-30,1027,1,,173.84,0,0.07,186.01
1455,334,2022-11-30,1889,2,,150.33,0,0.0625,159.73
1456,334,2022-11-30,543,2,,534.18,0,0.0485,560.09
1457,334,2022-11-30,1037,2,,171.47,0,0.065,182.62
1458,334,2022-11-30,608,1,,608.41,0,0.0625,646.44
1459,334,2022-11-30,204,1,,56.53,0,0.06,59.92
1460,335,2022-12-01,436,3,,1280.45,0,0.0445,1337.43
1461,335,2022-12-01,881,2,,310.32,0,0.06,328.94
1462,335,2022-12-01,83,2,,1502.11,0,0.0625,1595.99
1463,335,2022-12-01,1945,3,,267.63,0,0.07,286.36
1464,335,2022-12-01,369,1,,1257.44,0,0.0625,1336.03
1465,335,2022-12-01,693,1,,321,0,0.0635,341.38
1466,335,2022-12-01,846,2,,60,0,0.065,63.9
1467,336,2022-12-02,344,1,,679.62,0,0.07,727.19
1468,336,2022-12-02,736,2,,516.22,0,0.0575,545.9
1469,336,2022-12-02,1431,2,,134.47,0,0.0445,140.45
1470,336,2022-12-02,963,1,,434.85,0,0.07,465.29
1471,336,2022-12-02,1088,1,,258.11,0,0.0625,274.24
1472,336,2022-12-02,1223,1,,180.63,0,0.0445,188.67
1473,336,2022-12-02,1565,2,,631.45,0,0.0635,671.55
1474,337,2022-12-03,1289,3,,759.75,0,0.04,790.14
1475,337,2022-12-03,290,3,,1087.42,0,0.04,1130.92
1476,337,2022-12-03,528,2,,43.21,0,0.0685,46.17
1477,337,2022-12-03,476,2,,455.45,0,0.0635,484.37
1478,337,2022-12-03,849,2,,202.81,0,0.0575,214.47
1479,337,2022-12-03,376,3,,1894.96,0,0.045,1980.23
1480,337,2022-12-03,1038,2,,325.4,0,0.029,334.84
1481,337,2022-12-03,1886,1,,93.08,0,0.065,99.13
1482,338,2022-12-04,37,2,,319.01,0,0.0625,338.95
1483,338,2022-12-04,1315,3,,678.87,0,0.029,698.56
1484,338,2022-12-04,1160,1,,508.76,0,0.06,539.29
1485,338,2022-12-04,1371,2,,882.57,0,0.056,931.99
1486,338,2022-12-04,1041,3,,576.42,0,0.0685,615.9
1487,338,2022-12-04,398,3,,712.84,0,0.06875,761.85
1488,338,2022-12-04,1813,1,,403.89,0,0.0445,421.86
1489,338,2022-12-04,101,3,,1681.63,0,0.06,1782.53
1490,339,2022-12-05,666,2,,382.62,0,0.065,407.49
1491,339,2022-12-05,1029,3,,126.32,0,0.0475,132.32
1492,339,2022-12-05,1935,2,,885.47,0,0.0575,936.38
1493,339,2022-12-05,1405,2,,656.16,0,0.0725,703.73
1494,339,2022-12-05,416,3,,165.79,0,0.029,170.6
1495,339,2022-12-05,1080,1,,132.3,0,0.04,137.59
1496,339,2022-12-05,1061,1,,29.84,0,0.06,31.63
1497,340,2022-12-06,1955,3,,242.11,0,0.0575,256.03
1498,340,2022-12-06,1540,2,,81.21,0,0.0685,86.77
1499,340,2022-12-06,87,3,,1099.85,0,0.0625,1168.59
1500,340,2022-12-06,992,2,,112.12,0,0,112.12
1501,340,2022-12-06,1298,3,,179.59,0,0.0635,190.99
1502,340,2022-12-06,233,2,,1613.59,0,0.0625,1714.44
1503,340,2022-12-06,1005,2,,684.86,0,0.08,739.65
1504,341,2022-12-07,378,1,,524.25,0,0.06875,560.29
1505,341,2022-12-07,32,2,,877.32,0,0.045,916.8
1506,341,2022-12-07,1336,1,,511.3,0,0.07,547.09
1507,341,2022-12-07,1463,1,,305.94,0,0.07,327.36
1508,341,2022-12-07,96,1,,1355.55,0,0.07,1450.44
1509,341,2022-12-07,818,1,,111.66,0,0.0475,116.96
1510,341,2022-12-07,1820,3,,726.53,0,0.0725,779.2
1511,342,2022-12-08,1779,1,,555.77,0,0.056,586.89
1512,342,2022-12-08,1307,2,,940.56,0,0.0685,1004.99
1513,342,2022-12-08,502,2,,215.65,0,0.056,227.73
1514,342,2022-12-08,793,2,,1070.35,0,0.0625,1137.25
1515,342,2022-12-08,1965,1,,236.1,0,0.0485,247.55
1516,342,2022-12-08,562,2,,759.17,0,0.06,804.72
1517,342,2022-12-08,1094,1,,775.92,0,0.0445,810.45
1518,343,2022-12-09,2000,3,,40.66,0,0.0445,42.47
1519,343,2022-12-09,38,2,,1701.77,0,0.0625,1808.13
1520,343,2022-12-09,1827,2,,362.45,0,0.065,386.01
1521,343,2022-12-09,494,3,,985.81,0,0.07,1054.82
1522,343,2022-12-09,435,2,,322.42,0,0.06,341.77
1523,343,2022-12-09,541,2,,220.87,0,0.0625,234.67
1524,343,2022-12-09,987,3,,1142.34,0,0.04,1188.03
1525,344,2022-12-10,658,2,,1012.2,0,0.0635,1076.47
1526,344,2022-12-10,1995,3,,63.03,0,0.0685,67.35
1527,344,2022-12-10,1433,2,,460.16,0,0.06,487.77
1528,344,2022-12-10,699,1,,45.66,0,0.0445,47.69
1529,344,2022-12-10,1167,2,,964.73,0,0.056,1018.75
1530,344,2022-12-10,543,3,,1065.25,0,0.0485,1116.91
1531,344,2022-12-10,1511,1,,258.08,0,0.056,272.53
1532,344,2022-12-10,1139,2,,599.89,0,0,599.89
1533,345,2022-12-11,1750,1,,131.08,0,0.0475,137.31
1534,345,2022-12-11,548,1,,369.91,0,0.0575,391.18
1535,345,2022-12-11,1695,1,,818.02,0,0.045,854.83
1536,345,2022-12-11,1512,2,,476.52,0,0.0725,511.07
1537,345,2022-12-11,74,1,,231.18,0,0.0635,245.86
1538,345,2022-12-11,734,2,,398.71,0,0.065,424.63
1539,345,2022-12-11,1390,3,,877.53,0,0,877.53
1540,345,2022-12-11,894,1,,936.57,0,0.0625,995.11
1541,346,2022-12-12,378,2,,203.98,0,0.06875,218
1542,346,2022-12-12,1201,1,,664.92,0,0.06,704.82
1543,346,2022-12-12,1641,2,,164.33,0,0.0635,174.76
1544,346,2022-12-12,1299,3,,81.24,0,0.07,86.93
1545,346,2022-12-12,962,3,,226.16,0,0.08,244.25
1546,346,2022-12-12,547,3,,21.66,0,0.0685,23.14
1547,346,2022-12-12,1823,3,,197.57,0,0.0625,209.92
1548,347,2022-12-13,103,2,,86.15,0,0.0445,89.98
1549,347,2022-12-13,165,3,,1398.36,0,0,1398.36
1550,347,2022-12-13,1915,1,,94.94,0,0.029,97.69
1551,347,2022-12-13,1301,3,,494.31,0,0.08,533.85
1552,347,2022-12-13,1641,1,,121.76,0,0.0635,129.49
1553,347,2022-12-13,514,2,,367.62,0,0.06,389.68
1554,347,2022-12-13,1881,3,,439.76,0,0.0575,465.05
1555,348,2022-12-14,1315,2,,1180.32,0,0.029,1214.55
1556,348,2022-12-14,1913,1,,98.46,0,0.0485,103.24
1557,348,2022-12-14,862,2,,572.16,0,0.0685,611.35
1558,348,2022-12-14,934,1,,233.54,0,0.0625,248.14
1559,348,2022-12-14,1972,2,,619.92,0,0.0725,664.86
1560,348,2022-12-14,1631,1,,567.4,0,0.045,592.93
1561,348,2022-12-14,227,1,,490.09,0,0.06875,523.78
1562,349,2022-12-15,310,2,,976.65,0,0.029,1004.97
1563,349,2022-12-15,471,1,6,481.94,120.51,0,481.94
1564,349,2022-12-15,1592,2,6,40.85,10.21,0.06875,43.66
1565,349,2022-12-15,896,2,,298.23,0,0.0685,318.66
1566,349,2022-12-15,1345,2,6,121.17,30.29,0.0685,129.47
1567,349,2022-12-15,309,1,,475.75,0,0,475.75
1568,349,2022-12-15,1721,2,6,606.34,151.61,0.0485,635.75
1569,349,2022-12-15,513,3,6,174.12,43.52,0.06,184.57
1570,350,2022-12-16,721,2,,210.35,0,0.0625,223.5
1571,350,2022-12-16,1353,1,,751.05,0,0.06,796.11
1572,350,2022-12-16,720,1,,7.55,0,0.0625,8.02
1573,350,2022-12-16,1842,1,6,685.42,171.37,0.08,740.25
1574,350,2022-12-16,1230,2,6,211.23,52.82,0.0625,224.43
1575,350,2022-12-16,1320,1,,1344.72,0,0.056,1420.02
1576,350,2022-12-16,923,1,,113.8,0,0.06875,121.62
1577,350,2022-12-16,500,2,6,508.72,127.17,0.0485,533.39
1578,351,2022-12-17,436,1,6,1771.65,442.91,0.0445,1850.49
1579,351,2022-12-17,1941,1,,901.02,0,0,901.02
1580,351,2022-12-17,114,2,6,658.92,164.72,0.05125,692.69
1581,351,2022-12-17,346,1,,68.4,0,0.0485,71.72
1582,351,2022-12-17,488,1,,643.96,0,0.0575,680.99
1583,351,2022-12-17,673,2,,197.36,0,0.045,206.24
1584,351,2022-12-17,274,3,,887.56,0,0.0575,938.59
1585,351,2022-12-17,31,1,6,870.56,217.62,0.0625,924.97
1586,351,2022-12-17,1261,2,,656.88,0,0.029,675.93
1587,351,2022-12-17,211,1,6,1543.26,385.8,0.06875,1649.36
1588,352,2022-12-18,1347,1,,169.1,0,0.0625,179.67
1589,352,2022-12-18,1160,1,,207.45,0,0.06,219.9
1590,352,2022-12-18,1978,2,,292.39,0,0.056,308.76
1591,352,2022-12-18,1795,1,,20.68,0,0.0725,22.18
1592,352,2022-12-18,920,1,,72.44,0,0.06,76.79
1593,352,2022-12-18,1106,2,,469.65,0,0.0685,501.82
1594,352,2022-12-18,213,3,,734.9,0,0.06,778.99
1595,352,2022-12-18,614,3,6,89.69,22.42,0.0725,96.19
1596,352,2022-12-18,1704,1,,52.47,0,0.0685,56.06
1597,352,2022-12-18,1092,1,,155.06,0,0.065,165.14
1598,353,2022-12-19,1332,1,,928.62,0,0.0625,986.66
1599,353,2022-12-19,1020,1,6,1554.48,388.58,0.08,1678.84
1600,353,2022-12-19,1336,1,6,18.24,4.56,0.07,19.52
1601,353,2022-12-19,147,1,6,785.9,196.47,0.029,808.69
1602,353,2022-12-19,106,2,,1007.59,0,0.0625,1070.56
1603,353,2022-12-19,1670,3,,482.63,0,0.06,511.59
1604,353,2022-12-19,1829,1,,77.05,0,0.0685,82.33
1605,353,2022-12-19,922,3,,763.66,0,0.0725,819.03
1606,354,2022-12-20,786,1,,585.16,0,0.06,620.27
1607,354,2022-12-20,133,2,6,1230.59,307.63,0,1230.59
1608,354,2022-12-20,605,1,6,219.57,54.89,0.0635,233.51
1609,354,2022-12-20,1522,2,,1581.18,0,0.05125,1662.22
1610,354,2022-12-20,655,2,,51.06,0,0.0635,54.3
1611,354,2022-12-20,138,1,6,612.04,153.02,0.065,651.82
1612,354,2022-12-20,988,1,,148.61,0,0.0575,157.16
1613,354,2022-12-20,1620,2,,125.12,0,0.0725,134.19
1614,355,2022-12-21,295,1,,1003.71,0,0.0725,1076.48
1615,355,2022-12-21,1542,2,,638.2,0,0.029,656.71
1616,355,2022-12-21,1128,2,,62.04,0,0.0725,66.54
1617,355,2022-12-21,311,1,6,256.01,64.01,0.06,271.37
1618,355,2022-12-21,558,1,,175.66,0,0.0625,186.64
1619,355,2022-12-21,1537,2,6,126.32,31.61,0.029,129.98
1620,355,2022-12-21,357,2,,181.6,0,0.0485,190.41
1621,355,2022-12-21,1937,1,,190.52,0,0.06,201.95
1622,356,2022-12-22,1987,1,,393.52,0,0.06875,420.57
1623,356,2022-12-22,1257,1,,126.39,0,0.06,133.97
1624,356,2022-12-22,668,1,6,196.62,49.16,0.0625,208.91
1625,356,2022-12-22,991,2,6,395.7,98.9,0.0625,420.43
1626,356,2022-12-22,1796,2,,76.72,0,0.065,81.71
1627,356,2022-12-22,1428,1,,548.6,0,0.045,573.29
1628,356,2022-12-22,1189,3,,875.83,0,0.0485,918.31
1629,356,2022-12-22,60,2,6,1022.7,255.66,0.0475,1071.28
1630,357,2022-12-23,1202,3,,1152.36,0,0.06,1221.5
1631,357,2022-12-23,82,1,,957,0,0.029,984.75
1632,357,2022-12-23,1745,2,,179.71,0,0.0625,190.94
1633,357,2022-12-23,629,2,6,376.64,94.17,0.0685,402.44
1634,357,2022-12-23,613,1,,38.68,0,0.0445,40.4
1635,357,2022-12-23,1272,1,,487.98,0,0.0625,518.48
1636,357,2022-12-23,1669,1,6,106.07,26.52,0.06,112.43
1637,357,2022-12-23,339,3,6,1196.01,298.99,0.0575,1264.78
1638,357,2022-12-23,1941,2,,372.55,0,0,372.55
1639,358,2022-12-24,1610,3,,306.46,0,0.065,326.38
1640,358,2022-12-24,1367,2,,115.44,0,0.0475,120.92
1641,358,2022-12-24,975,1,6,380.66,95.18,0,380.66
1642,358,2022-12-24,1810,1,,88.41,0,0.045,92.39
1643,358,2022-12-24,944,3,,250.94,0,0.0635,266.87
1644,358,2022-12-24,1933,1,6,269.02,67.27,0.065,286.51
1645,358,2022-12-24,1676,1,,496.38,0,0.0625,527.4
1646,358,2022-12-24,1842,3,6,126.44,31.62,0.08,136.56
1647,358,2022-12-24,1502,3,6,121.07,30.27,0.065,128.94
1648,359,2022-12-25,1123,2,,633.23,0,0.0685,676.61
1649,359,2022-12-25,61,1,,733.86,0,0.0635,780.46
1650,359,2022-12-25,876,1,,604.31,0,0.0575,639.06
1651,359,2022-12-25,1164,2,6,439.47,109.86,0.0625,466.94
1652,359,2022-12-25,637,3,,217.54,0,0.065,231.68
1653,359,2022-12-25,33,1,6,65.04,16.26,0.0625,69.11
1654,359,2022-12-25,709,1,,218.61,0,0,218.61
1655,359,2022-12-25,834,3,,13.28,0,0.0445,13.87
1656,359,2022-12-25,169,1,,238.77,0,0.0685,255.13
1657,359,2022-12-25,1277,1,,496.5,0,0.0445,518.59
1658,360,2022-12-26,780,2,,789.34,0,0.0635,839.46
1659,360,2022-12-26,1801,2,,334.7,0,0.07,358.13
1660,360,2022-12-26,1857,2,6,156.73,39.18,0.0685,167.47
1661,360,2022-12-26,258,1,,539.46,0,0.0635,573.72
1662,360,2022-12-26,1152,1,,538.44,0,0.04,559.98
1663,360,2022-12-26,700,3,,397.24,0,0.08,429.02
1664,360,2022-12-26,322,3,,1441.56,0,0.07,1542.47
1665,360,2022-12-26,937,1,,1058.1,0,0,1058.1
1666,361,2022-12-27,1221,1,,151.37,0,0.0635,160.98
1667,361,2022-12-27,1666,3,,226.92,0,0.065,241.67
1668,361,2022-12-27,455,2,,1271.45,0,0.07,1360.45
1669,361,2022-12-27,1523,2,,326.43,0,0.0625,346.83
1670,361,2022-12-27,504,1,,136.29,0,0,136.29
1671,361,2022-12-27,800,2,,1195.55,0,0.0625,1270.27
1672,361,2022-12-27,1,3,,1751.88,0,0.0685,1871.88
1673,362,2022-12-28,1685,1,,56.34,0,0.065,60
1674,362,2022-12-28,1956,2,,224.24,0,0.065,238.82
1675,362,2022-12-28,1154,1,,169.15,0,0.0575,178.88
1676,362,2022-12-28,150,3,,1589.84,0,0.06,1685.23
1677,362,2022-12-28,1606,1,,212.07,0,0.06,224.79
1678,362,2022-12-28,1669,1,,954.31,0,0.06,1011.57
1679,362,2022-12-28,1342,3,,132.06,0,0.0725,141.63
1680,363,2022-12-29,1809,3,,498.58,0,0.07,533.48
1681,363,2022-12-29,775,1,,272.73,0,0.06,289.09
1682,363,2022-12-29,79,3,,1379.24,0,0.08,1489.58
1683,363,2022-12-29,1930,1,,1237.1,0,0.045,1292.77
1684,363,2022-12-29,802,2,,306.27,0,0.07,327.71
1685,363,2022-12-29,24,1,,1285.28,0,0.065,1368.82
1686,363,2022-12-29,960,2,,152.37,0,0.0685,162.81
1687,364,2022-12-30,1828,2,,133.06,0,0.0625,141.38
1688,364,2022-12-30,1172,3,,93.61,0,0.0625,99.46
1689,364,2022-12-30,1720,3,,1022.83,0,0.06,1084.2
1690,364,2022-12-30,368,2,,356.12,0,0.056,376.06
1691,364,2022-12-30,823,2,,23.93,0,0.06,25.37
1692,364,2022-12-30,364,1,,1423.55,0,0.0635,1513.95
1693,364,2022-12-30,1407,2,,140.48,0,0.06,148.91
1694,365,2022-12-31,584,1,,602.04,0,0.08,650.2
1695,365,2022-12-31,1477,1,,282.71,0,0.05125,297.2
1696,365,2022-12-31,1709,1,,475.35,0,0.06,503.87
1697,365,2022-12-31,574,1,,727.82,0,0.065,775.13
1698,365,2022-12-31,784,1,,104.94,0,0.045,109.66
1699,365,2022-12-31,352,1,,387.77,0,0.06875,414.43
1700,365,2022-12-31,1522,1,,788.84,0,0.05125,829.27
1701,365,2022-12-31,1027,3,,611.39,0,0.07,654.19
1702,366,2023-01-01,1125,2,,631.86,0,0.06875,675.3
1703,366,2023-01-01,1654,3,,6.14,0,0.07,6.57
1704,366,2023-01-01,948,3,,1143.75,0,0.065,1218.09
1705,366,2023-01-01,1749,1,,779.68,0,0.0685,833.09
1706,367,2023-01-02,1741,3,,83.39,0,0.06,88.39
1707,367,2023-01-02,1104,1,7,199.51,22.16,0.0445,208.39
1708,367,2023-01-02,329,1,7,1015.33,112.8,0.04,1055.94
1709,368,2023-01-03,908,1,,472.53,0,0.06,500.88
1710,368,2023-01-03,832,2,,467.51,0,0.0625,496.73
1711,368,2023-01-03,1770,3,,487.98,0,0.0635,518.97
1712,369,2023-01-04,762,2,,44.71,0,0.07,47.84
1713,369,2023-01-04,947,1,,915.6,0,0.06875,978.55
1714,369,2023-01-04,1622,1,,946.78,0,0.0725,1015.42
1715,370,2023-01-05,356,1,7,1638.69,182.05,0.05125,1722.67
1716,370,2023-01-05,1311,1,,869.14,0,0.0625,923.46
1717,370,2023-01-05,751,2,7,308.84,34.34,0.056,326.14
1718,371,2023-01-06,1096,3,,855.32,0,0.065,910.92
1719,371,2023-01-06,198,2,7,388.86,43.2,0.06875,415.59
1720,371,2023-01-06,720,1,7,419.41,46.6,0.0625,445.62
1721,372,2023-01-07,1714,2,,324.71,0,0.045,339.32
1722,372,2023-01-07,652,2,7,167.42,18.61,0.0625,177.88
1723,372,2023-01-07,1906,2,,1172.49,0,0,1172.49
1724,372,2023-01-07,1192,1,7,147.7,16.41,0.06,156.56
1725,372,2023-01-07,378,1,,562.48,0,0.06875,601.15
1726,373,2023-01-08,1404,2,,215.49,0,0.0685,230.25
1727,373,2023-01-08,1176,3,,300.5,0,0.08,324.54
1728,373,2023-01-08,392,2,,618.72,0,0.0625,657.39
1729,373,2023-01-08,1926,3,7,323.17,35.91,0.0575,341.75
1730,373,2023-01-08,366,2,,2512.28,0,0.0485,2634.13
1731,374,2023-01-09,1495,1,,269.33,0,0.05125,283.13
1732,374,2023-01-09,1775,3,,75.7,0,0.0725,81.19
1733,374,2023-01-09,1102,3,,1108.59,0,0.065,1180.65
1734,375,2023-01-10,845,1,7,1185.4,131.7,0.0685,1266.6
1735,375,2023-01-10,1117,2,,50.67,0,0,50.67
1736,375,2023-01-10,902,2,,263.42,0,0.065,280.54
1737,376,2023-01-11,25,1,,579.1,0,0.06,613.85
1738,376,2023-01-11,1488,3,,296.06,0,0.04,307.9
1739,376,2023-01-11,1505,1,7,174.11,19.36,0.045,181.94
1740,377,2023-01-12,939,2,,1095.81,0,0.0725,1175.26
1741,377,2023-01-12,1361,3,,389.74,0,0.0685,416.44
1742,377,2023-01-12,108,1,,444.51,0,0.0445,464.29
1743,378,2023-01-13,259,1,,1010.33,0,0.0635,1074.49
1744,378,2023-01-13,976,2,,25.8,0,0,25.8
1745,378,2023-01-13,493,1,,1087.73,0,0.0685,1162.24
1746,379,2023-01-14,230,1,,988.35,0,0.0625,1050.12
1747,379,2023-01-14,1866,1,,704.52,0,0.0685,752.78
1748,379,2023-01-14,969,2,7,160.75,17.87,0.065,171.2
1749,379,2023-01-14,1639,1,7,205.69,22.86,0.065,219.06
1750,380,2023-01-15,918,2,,419.53,0,0.056,443.02
1751,380,2023-01-15,1907,3,,479.2,0,0.0625,509.15
1752,380,2023-01-15,1159,2,,356.91,0,0.0625,379.22
1753,380,2023-01-15,255,2,,929.07,0,0.029,956.01
1754,381,2023-01-16,740,1,,1583.91,0,0.0725,1698.74
1755,381,2023-01-16,672,1,,53.78,0,0.0475,56.33
1756,381,2023-01-16,41,2,,186.84,0,0.065,198.98
1757,382,2023-01-17,730,2,,155.26,0,0.0635,165.12
1758,382,2023-01-17,642,3,,709.61,0,0.06875,758.4
1759,382,2023-01-17,360,1,,850.84,0,0.0625,904.02
1760,383,2023-01-18,440,1,,292.02,0,0.08,315.38
1761,383,2023-01-18,700,1,,950.74,0,0.08,1026.8
1762,383,2023-01-18,1819,1,,168.67,0,0,168.67
1763,384,2023-01-19,586,1,,1289.16,0,0.045,1347.17
1764,384,2023-01-19,894,3,,496.5,0,0.0625,527.53
1765,384,2023-01-19,1849,1,,755.12,0,0.065,804.2
1766,385,2023-01-20,1183,2,,1771.1,0,0,1771.1
1767,385,2023-01-20,1799,3,,450.99,0,0.05125,474.1
1768,385,2023-01-20,196,2,,310.53,0,0.045,324.5
1769,386,2023-01-21,192,2,,153.18,0,0.0725,164.29
1770,386,2023-01-21,510,1,,58.78,0,0.06,62.31
1771,386,2023-01-21,318,3,,156.4,0,0.0445,163.36
1772,386,2023-01-21,1865,1,,37.56,0,0.065,40
1773,387,2023-01-22,230,3,,467.8,0,0.0625,497.04
1774,387,2023-01-22,1289,1,,140.7,0,0.04,146.33
1775,387,2023-01-22,513,2,,385.34,0,0.06,408.46
1776,387,2023-01-22,1509,1,,540.12,0,0.0445,564.16
1777,388,2023-01-23,1487,1,,784.91,0,0.0635,834.75
1778,388,2023-01-23,445,1,,415.87,0,0.045,434.58
1779,388,2023-01-23,340,1,,449.94,0,0.065,479.19
1780,389,2023-01-24,426,1,,342.6,0,0.0625,364.01
1781,389,2023-01-24,1846,1,,1479.33,0,0.0685,1580.66
1782,389,2023-01-24,1360,2,,612.48,0,0.0725,656.88
1783,390,2023-01-25,139,1,,624.89,0,0.0625,663.95
1784,390,2023-01-25,1934,3,,154.94,0,0.0575,163.85
1785,390,2023-01-25,1566,2,,745.48,0,0.0475,780.89
1786,391,2023-01-26,1087,3,,378.48,0,0.06875,404.5
1787,391,2023-01-26,24,3,,1332.21,0,0.065,1418.8
1788,391,2023-01-26,1189,1,,267.91,0,0.0485,280.9
1789,392,2023-01-27,1306,1,,423.55,0,0.0625,450.02
1790,392,2023-01-27,496,2,,972.64,0,0.0575,1028.57
1791,392,2023-01-27,1667,2,,385.13,0,0.0625,409.2
1792,393,2023-01-28,85,2,,651.06,0,0.0625,691.75
1793,393,2023-01-28,1095,1,,169.98,0,0.0445,177.54
1794,393,2023-01-28,1685,2,,187.41,0,0.065,199.59
1795,393,2023-01-28,593,2,,668.22,0,0.04,694.95
1796,394,2023-01-29,1482,3,,1065.55,0,0.065,1134.81
1797,394,2023-01-29,986,3,,215,0,0.0725,230.59
1798,394,2023-01-29,1287,2,,142.74,0,0.0625,151.66
1799,394,2023-01-29,1906,2,,418.37,0,0,418.37
1800,395,2023-01-30,1628,2,,871.53,0,0.0575,921.64
1801,395,2023-01-30,1352,1,,771.65,0,0.06,817.95
1802,395,2023-01-30,1281,1,,79.03,0,0.07,84.56
1803,396,2023-01-31,387,3,,1953.11,0,0.07,2089.83
1804,396,2023-01-31,1294,1,,12.67,0,0.0635,13.47
1805,396,2023-01-31,1443,3,,252.58,0,0.0575,267.1
1806,397,2023-02-01,1670,2,,89.52,0,0.06,94.89
1807,397,2023-02-01,1452,3,,61.52,0,0.06,65.21
1808,397,2023-02-01,1790,2,,359.42,0,0.0625,381.88
1809,398,2023-02-02,291,1,,90.6,0,0.0635,96.35
1810,398,2023-02-02,1352,2,,539.23,0,0.06,571.58
1811,398,2023-02-02,1129,3,,204.56,0,0.06,216.83
1812,399,2023-02-03,29,2,,963.96,0,0.065,1026.62
1813,399,2023-02-03,1462,3,,252.38,0,0.0635,268.41
1814,399,2023-02-03,1336,2,,375.58,0,0.07,401.87
1815,400,2023-02-04,1699,2,,233.2,0,0.06,247.19
1816,400,2023-02-04,1073,3,,26.38,0,0.06,27.96
1817,400,2023-02-04,286,3,,553.05,0,0.0625,587.62
1818,401,2023-02-05,620,3,,36.87,0,0.06,39.08
1819,401,2023-02-05,8,3,,645.49,0,0.045,674.54
1820,401,2023-02-05,1594,3,,33.88,0,0.0635,36.03
1821,402,2023-02-06,1389,3,,196.83,0,0.0575,208.15
1822,402,2023-02-06,1829,2,,485.85,0,0.0685,519.13
1823,402,2023-02-06,42,1,,628.98,0,0.06875,672.22
1824,403,2023-02-07,256,1,,77.36,0,0.06875,82.68
1825,403,2023-02-07,49,3,,213,0,0.0685,227.59
1826,403,2023-02-07,801,1,,322.68,0,0.06,342.04
1827,404,2023-02-08,187,2,,393.85,0,0.056,415.91
1828,404,2023-02-08,1137,3,,744.13,0,0.0625,790.64
1829,404,2023-02-08,1694,2,,1492.97,0,0.0485,1565.38
1830,405,2023-02-09,605,1,,620.72,0,0.0635,660.14
1831,405,2023-02-09,788,1,,429.64,0,0.065,457.57
1832,405,2023-02-09,1957,1,,938.92,0,0.029,966.15
1833,406,2023-02-10,945,1,,83.39,0,0.04,86.73
1834,406,2023-02-10,1361,3,,590.89,0,0.0685,631.37
1835,406,2023-02-10,1733,1,,424.66,0,0,424.66
1836,407,2023-02-11,898,3,,177.17,0,0.065,188.69
1837,407,2023-02-11,704,3,,367.18,0,0.065,391.05
1838,407,2023-02-11,1468,1,,318.22,0,0.06,337.31
1839,408,2023-02-12,1978,2,,566.04,0,0.056,597.74
1840,408,2023-02-12,1991,3,,256.6,0,0.04,266.86
1841,408,2023-02-12,1669,3,,954.47,0,0.06,1011.74
1842,409,2023-02-13,1652,3,,667.37,0,0.065,710.75
1843,409,2023-02-13,690,2,,1253.17,0,0.0625,1331.49
1844,409,2023-02-13,1608,2,,386.1,0,0.0635,410.62
1845,410,2023-02-14,1939,1,,667.11,0,0.0685,712.81
1846,410,2023-02-14,1535,3,,69.04,0,0.0445,72.11
1847,410,2023-02-14,996,3,,651.3,0,0.0685,695.91
1848,411,2023-02-15,1061,2,,80.4,0,0.06,85.22
1849,411,2023-02-15,867,3,,220.19,0,0,220.19
1850,411,2023-02-15,1152,1,,66.8,0,0.04,69.47
1851,412,2023-02-16,1492,2,,143.57,0,0.0625,152.54
1852,412,2023-02-16,213,1,,618.99,0,0.06,656.13
1853,412,2023-02-16,1449,2,,388.45,0,0.08,419.53
1854,413,2023-02-17,1415,2,,45.39,0,0.045,47.43
1855,413,2023-02-17,636,1,,187.04,0,0,187.04
1856,413,2023-02-17,28,1,,1668.96,0,0.08,1802.48
1857,414,2023-02-18,1660,3,,158.25,0,0.04,164.58
1858,414,2023-02-18,787,3,,244.25,0,0.0625,259.52
1859,414,2023-02-18,698,1,,188.97,0,0.0725,202.67
1860,415,2023-02-19,1262,1,,69.85,0,0.065,74.39
1861,415,2023-02-19,1088,3,,562.77,0,0.0625,597.94
1862,415,2023-02-19,784,2,,1019.94,0,0.045,1065.84
1863,416,2023-02-20,1827,3,,418.28,0,0.065,445.47
1864,416,2023-02-20,1672,2,,193.05,0,0.06875,206.32
1865,416,2023-02-20,1532,1,,468.69,0,0.0725,502.67
1866,417,2023-02-21,80,2,,375.78,0,0,375.78
1867,417,2023-02-21,1963,1,,592.22,0,0.0485,620.94
1868,417,2023-02-21,456,1,,196.54,0,0.0725,210.79
1869,418,2023-02-22,769,2,,149.42,0,0.065,159.13
1870,418,2023-02-22,48,1,,625.21,0,0.06,662.72
1871,418,2023-02-22,1969,2,,1333.72,0,0.0725,1430.41
1872,419,2023-02-23,1282,1,,516.34,0,0.029,531.31
1873,419,2023-02-23,1409,1,,168.66,0,0.0625,179.2
1874,419,2023-02-23,1982,1,,141.81,0,0.0625,150.67
1875,420,2023-02-24,1446,1,,574.33,0,0.06,608.79
1876,420,2023-02-24,675,3,,946.55,0,0.07,1012.81
1877,420,2023-02-24,958,3,,108.68,0,0.029,111.83
1878,421,2023-02-25,188,2,,458.1,0,0.0475,479.86
1879,421,2023-02-25,1209,1,,367.52,0,0.04,382.22
1880,421,2023-02-25,1942,2,,143.72,0,0.065,153.06
1881,422,2023-02-26,883,2,,836.94,0,0.0485,877.53
1882,422,2023-02-26,1283,1,,902.8,0,0.0625,959.22
1883,422,2023-02-26,581,1,,173.41,0,0.0445,181.13
1884,423,2023-02-27,1407,1,,463.59,0,0.06,491.41
1885,423,2023-02-27,1395,1,,860.6,0,0.0685,919.55
1886,423,2023-02-27,230,1,,402.77,0,0.0625,427.94
1887,424,2023-02-28,1097,1,,481.27,0,0.065,512.55
1888,424,2023-02-28,1676,2,,264.96,0,0.0625,281.52
1889,424,2023-02-28,1406,3,,205.4,0,0.0625,218.24
1890,425,2023-03-01,375,3,,961.97,0,0.0725,1031.71
1891,425,2023-03-01,1415,1,,168.78,0,0.045,176.38
1892,425,2023-03-01,1399,2,,220.93,0,0.045,230.87
1893,425,2023-03-01,947,1,,385.16,0,0.06875,411.64
1894,426,2023-03-02,1508,2,,1823.18,0,0.029,1876.05
1895,426,2023-03-02,347,1,,299.35,0,0,299.35
1896,426,2023-03-02,18,1,,1313.7,0,0.0685,1403.69
1897,426,2023-03-02,1131,1,,986.4,0,0.0635,1049.04
1898,427,2023-03-03,1388,2,,919.97,0,0.07,984.37
1899,427,2023-03-03,928,1,,400.48,0,0.0635,425.91
1900,427,2023-03-03,265,2,,1110.19,0,0.0575,1174.03
1901,427,2023-03-03,728,3,,920.52,0,0.06,975.75
1902,428,2023-03-04,361,2,,1514.22,0,0.065,1612.64
1903,428,2023-03-04,713,1,,346.64,0,0.0625,368.3
1904,428,2023-03-04,1852,1,,625.12,0,0.065,665.75
1905,428,2023-03-04,1494,2,,863.91,0,0.08,933.02
1906,429,2023-03-05,1795,2,,610.26,0,0.0725,654.5
1907,429,2023-03-05,748,3,,229.35,0,0.0685,245.06
1908,429,2023-03-05,1031,3,,55.83,0,0.04,58.06
1909,429,2023-03-05,1903,1,,407.36,0,0.0575,430.78
1910,430,2023-03-06,1689,2,,297.22,0,0.0625,315.8
1911,430,2023-03-06,1031,1,,303.22,0,0.04,315.35
1912,430,2023-03-06,162,1,,847.62,0,0.0445,885.34
1913,430,2023-03-06,526,1,,574.3,0,0.06875,613.78
1914,431,2023-03-07,725,1,,633.74,0,0.04,659.09
1915,431,2023-03-07,1373,1,,580.91,0,0.06875,620.85
1916,431,2023-03-07,1119,1,,837.15,0,0.04,870.64
1917,431,2023-03-07,632,1,,393.25,0,0.0635,418.22
1918,432,2023-03-08,619,3,,61.83,0,0.0635,65.76
1919,432,2023-03-08,1665,2,,177.33,0,0.06,187.97
1920,432,2023-03-08,329,2,,727.6,0,0.04,756.7
1921,432,2023-03-08,1756,2,,64.46,0,0.0625,68.49
1922,433,2023-03-09,1298,3,,449.61,0,0.0635,478.16
1923,433,2023-03-09,1093,2,,250.23,0,0.06,265.24
1924,433,2023-03-09,1969,1,,135.55,0,0.0725,145.38
1925,433,2023-03-09,1270,1,,310.16,0,0.0625,329.55
1926,434,2023-03-10,1774,2,,107.11,0,0.0635,113.91
1927,434,2023-03-10,1138,1,,321.13,0,0.07,343.61
1928,434,2023-03-10,1664,2,,91,0,0.045,95.09
1929,434,2023-03-10,1942,1,,1324.33,0,0.065,1410.41
1930,435,2023-03-11,519,1,,148.97,0,0.0725,159.77
1931,435,2023-03-11,22,2,,243.63,0,0.045,254.59
1932,435,2023-03-11,851,1,,581.24,0,0.07,621.93
1933,435,2023-03-11,167,1,,1459.35,0,0.0445,1524.29
1934,436,2023-03-12,1703,2,,232.43,0,0.0625,246.96
1935,436,2023-03-12,595,1,,612.41,0,0.04,636.91
1936,436,2023-03-12,712,1,,32.41,0,0.06875,34.64
1937,436,2023-03-12,854,3,,30.7,0,0.06,32.54
1938,437,2023-03-13,1289,2,,832.37,0,0.04,865.66
1939,437,2023-03-13,1761,3,,200.46,0,0.0625,212.99
1940,437,2023-03-13,654,1,,843.6,0,0.08,911.09
1941,437,2023-03-13,778,3,,734.98,0,0.065,782.75
1942,438,2023-03-14,38,2,,475.17,0,0.0625,504.87
1943,438,2023-03-14,110,2,,2043.16,0,0.06875,2183.63
1944,438,2023-03-14,1077,1,,795.62,0,0.08,859.27
1945,438,2023-03-14,1886,3,,1013.95,0,0.065,1079.86
1946,439,2023-03-15,1545,1,,61.21,0,0.065,65.19
1947,439,2023-03-15,744,2,,147.77,0,0.0635,157.15
1948,439,2023-03-15,259,3,,1225.59,0,0.0635,1303.41
1949,439,2023-03-15,1082,1,,121.22,0,0.0635,128.92
1950,440,2023-03-16,28,1,,1391.25,0,0.08,1502.55
1951,440,2023-03-16,826,1,,75.08,0,0,75.08
1952,440,2023-03-16,1689,2,,203.3,0,0.0625,216.01
1953,440,2023-03-16,244,1,,485.97,0,0.0625,516.34
1954,441,2023-03-17,441,1,,544.7,0,0.065,580.11
1955,441,2023-03-17,82,3,,849.98,0,0.029,874.63
1956,441,2023-03-17,1371,1,,406.14,0,0.056,428.88
1957,441,2023-03-17,671,1,,267.04,0,0.0445,278.92
1958,442,2023-03-18,423,2,,438.38,0,0.0635,466.22
1959,442,2023-03-18,59,2,,573.44,0,0.056,605.55
1960,442,2023-03-18,1119,3,,176.8,0,0.04,183.87
1961,442,2023-03-18,922,1,,928.75,0,0.0725,996.08
1962,443,2023-03-19,1117,2,,83.05,0,0,83.05
1963,443,2023-03-19,1641,2,,1394.07,0,0.0635,1482.59
1964,443,2023-03-19,882,1,,673.34,0,0.0625,715.42
1965,443,2023-03-19,1887,3,,532.86,0,0.065,567.5
1966,444,2023-03-20,1572,3,8,511.8,109.1,0.065,545.07
1967,444,2023-03-20,265,2,,1450.27,0,0.0575,1533.66
1968,444,2023-03-20,1599,2,,217.94,0,0.045,227.75
1969,444,2023-03-20,858,1,8,425.98,60,0.0685,455.16
1970,444,2023-03-20,1871,2,8,74.22,30,0.0485,77.82
1971,445,2023-03-21,667,1,,1866.96,0,0.0725,2002.31
1972,445,2023-03-21,566,3,,528.63,0,0.0445,552.15
1973,445,2023-03-21,464,3,,1172,0,0.0575,1239.39
1974,445,2023-03-21,1713,1,,782.68,0,0.0475,819.86
1975,445,2023-03-21,1575,2,,192.14,0,0.06,203.67
1976,446,2023-03-22,738,1,8,228.25,76.46,0.0725,244.8
1977,446,2023-03-22,587,2,,171.9,0,0.065,183.07
1978,446,2023-03-22,62,3,,1619.1,0,0.065,1724.34
1979,446,2023-03-22,316,1,,1315.06,0,0.0725,1410.4
1980,446,2023-03-22,1612,1,,297.94,0,0.0485,312.39
1981,447,2023-03-23,1059,1,8,98.3,30,0.0485,103.07
1982,447,2023-03-23,1441,2,8,222.23,30,0.06,235.56
1983,447,2023-03-23,177,3,,1643.74,0,0.06,1742.36
1984,447,2023-03-23,625,1,,934.7,0,0.04,972.09
1985,447,2023-03-23,740,3,8,303.84,60,0.0725,325.87
1986,448,2023-03-24,1043,2,,447.27,0,0.0625,475.22
1987,448,2023-03-24,769,3,,833.58,0,0.065,887.76
1988,448,2023-03-24,409,2,8,29.84,29.84,0.07,31.93
1989,448,2023-03-24,710,1,,631.41,0,0.045,659.82
1990,448,2023-03-24,247,2,,351.98,0,0.08,380.14
1991,449,2023-03-25,1838,1,,1447.36,0,0.06,1534.2
1992,449,2023-03-25,786,3,,368.6,0,0.06,390.72
1993,449,2023-03-25,1085,3,,384.28,0,0.06,407.34
1994,449,2023-03-25,1462,2,,244.11,0,0.0635,259.61
1995,449,2023-03-25,1113,1,,22.65,0,0.06,24.01
1996,450,2023-03-26,1868,1,,186.55,0,0.029,191.96
1997,450,2023-03-26,1953,3,,30.54,0,0.06875,32.64
1998,450,2023-03-26,1607,1,8,58.85,15,0.0685,62.88
1999,450,2023-03-26,1742,1,,526.67,0,0.045,550.37
2000,451,2023-03-27,589,1,,175.89,0,0.065,187.32
2001,451,2023-03-27,1313,2,,97.59,0,0.056,103.06
2002,451,2023-03-27,86,1,,1507,0,0.0685,1610.23
2003,451,2023-03-27,53,1,,1278.23,0,0.06,1354.92
2004,451,2023-03-27,1547,1,,808.03,0,0.07,864.59
2005,452,2023-03-28,1513,1,,201.42,0,0.0485,211.19
2006,452,2023-03-28,304,3,8,606.59,120,0.045,633.89
2007,452,2023-03-28,114,1,8,728.3,105,0.05125,765.63
2008,452,2023-03-28,1111,2,,817.68,0,0.0625,868.78
2009,453,2023-03-29,1925,3,,78.49,0,0.0725,84.18
2010,453,2023-03-29,1159,1,8,1173.01,120,0.0625,1246.32
2011,453,2023-03-29,650,3,,50.36,0,0.0625,53.51
2012,453,2023-03-29,1466,3,,286.36,0,0.0685,305.98
2013,454,2023-03-30,1046,1,,629.01,0,0.04,654.17
2014,454,2023-03-30,1796,2,,15.53,0,0.065,16.54
2015,454,2023-03-30,1908,2,8,144.11,15,0.06,152.76
2016,454,2023-03-30,120,3,8,572.6,105.35,0.0625,608.39
2017,454,2023-03-30,1105,1,8,247.94,30,0.029,255.13
2018,455,2023-03-31,277,3,8,92.12,60,0.06875,98.45
2019,455,2023-03-31,1874,1,,751.59,0,0.0625,798.56
2020,455,2023-03-31,678,1,,142.32,0,0.065,151.57
2021,455,2023-03-31,406,2,8,556.5,60,0.0625,591.28
2022,456,2023-04-01,937,3,,330.3,0,0,330.3
2023,456,2023-04-01,452,3,,895.59,0,0.065,953.8
2024,456,2023-04-01,1871,3,,317.13,0,0.0485,332.51
2025,456,2023-04-01,1617,3,,508.34,0,0,508.34
2026,456,2023-04-01,1994,1,8,255.48,60,0.0485,267.87
2027,456,2023-04-01,1630,2,8,187.9,45,0.0575,198.7
2028,457,2023-04-02,1655,2,8,680.56,105,0.04,707.78
2029,457,2023-04-02,929,3,,45.39,0,0.045,47.43
2030,457,2023-04-02,1683,3,8,315.95,63.78,0.0635,336.01
2031,457,2023-04-02,727,3,,490.7,0,0.0575,518.92
2032,457,2023-04-02,1276,2,8,745.06,120,0,745.06
2033,457,2023-04-02,213,1,,469.36,0,0.06,497.52
2034,458,2023-04-03,1910,3,,1001.17,0,0.07,1071.25
2035,458,2023-04-03,350,3,,545.16,0,0.0625,579.23
2036,458,2023-04-03,597,2,,222.02,0,0.0625,235.9
2037,458,2023-04-03,194,2,,969.86,0,0.06875,1036.54
2038,459,2023-04-04,1520,2,,816.4,0,0.08,881.71
2039,459,2023-04-04,512,1,,244.12,0,0.06,258.77
2040,459,2023-04-04,1439,1,,333.89,0,0.0625,354.76
2041,459,2023-04-04,355,3,,683.01,0,0.056,721.26
2042,460,2023-04-05,1288,1,,158.68,0,0.04,165.03
2043,460,2023-04-05,1194,2,,131.08,0,0.0625,139.27
2044,460,2023-04-05,1041,2,,844.78,0,0.0685,902.65
2045,460,2023-04-05,1859,2,,209.05,0,0.0475,218.98
2046,461,2023-04-06,543,2,,396.89,0,0.0485,416.14
2047,461,2023-04-06,228,1,,462.39,0,0.065,492.45
2048,461,2023-04-06,45,1,,767.93,0,0.0625,815.93
2049,461,2023-04-06,223,3,,1331.62,0,0.0475,1394.87
2050,462,2023-04-07,1079,1,,236.5,0,0.0725,253.65
2051,462,2023-04-07,1524,1,,284.15,0,0,284.15
2052,462,2023-04-07,126,1,,677.56,0,0.0485,710.42
2053,462,2023-04-07,1750,1,,79.03,0,0.0475,82.78
2054,463,2023-04-08,1401,2,,526.8,0,0.08,568.94
2055,463,2023-04-08,545,3,,598.95,0,0.065,637.88
2056,463,2023-04-08,1616,3,,195,0,0,195
2057,463,2023-04-08,793,1,,69.15,0,0.0625,73.47
2058,463,2023-04-08,1669,1,,193.7,0,0.06,205.32
2059,464,2023-04-09,946,2,,111.66,0,0.05125,117.38
2060,464,2023-04-09,108,3,,1553.43,0,0.0445,1622.56
2061,464,2023-04-09,1652,2,,624.86,0,0.065,665.48
2062,464,2023-04-09,1598,1,,510.85,0,0.04,531.28
2063,464,2023-04-09,1690,1,,1492.11,0,0.0725,1600.29
2064,465,2023-04-10,1013,1,,131.08,0,0.029,134.88
2065,465,2023-04-10,1523,1,,271.92,0,0.0625,288.92
2066,465,2023-04-10,686,1,,44.71,0,0.0625,47.5
2067,465,2023-04-10,1368,3,,724.66,0,0.0635,770.68
2068,466,2023-04-11,1714,1,,477.33,0,0.045,498.81
2069,466,2023-04-11,455,3,,674.25,0,0.07,721.45
2070,466,2023-04-11,1482,2,,423.58,0,0.065,451.11
2071,466,2023-04-11,170,1,,1315.69,0,0.045,1374.9
2072,467,2023-04-12,730,3,,1116.99,0,0.0635,1187.92
2073,467,2023-04-12,1381,3,,195.07,0,0.0475,204.34
2074,467,2023-04-12,428,2,,1318.42,0,0.0685,1408.73
2075,467,2023-04-12,704,1,,726.08,0,0.065,773.28
2076,468,2023-04-13,476,3,,1711.87,0,0.0635,1820.57
2077,468,2023-04-13,905,2,,509.69,0,0.045,532.63
2078,468,2023-04-13,1500,3,,737.76,0,0.0575,780.18
2079,468,2023-04-13,908,1,,1318.27,0,0.06,1397.37
2080,469,2023-04-14,1097,1,,18.14,0,0.065,19.32
2081,469,2023-04-14,47,1,,1015.22,0,0.045,1060.9
2082,469,2023-04-14,1481,3,,344.84,0,0.05125,362.51
2083,469,2023-04-14,1170,2,,191.04,0,0.0685,204.13
2084,470,2023-04-15,65,1,,2339.97,0,0.06,2480.37
2085,470,2023-04-15,1569,2,,900.43,0,0.08,972.46
2086,470,2023-04-15,1983,3,,113.57,0,0.0625,120.67
2087,470,2023-04-15,727,2,,168.18,0,0.0575,177.85
2088,470,2023-04-15,325,1,,1649.25,0,0.0575,1744.08
2089,471,2023-04-16,148,3,,444.42,0,0.045,464.42
2090,471,2023-04-16,88,1,,863.8,0,0.0725,926.43
2091,471,2023-04-16,1505,1,,205.15,0,0.045,214.38
2092,471,2023-04-16,1756,2,,331.34,0,0.0625,352.05
2093,471,2023-04-16,210,1,,311.24,0,0.0635,331
2094,472,2023-04-17,378,2,,1446.25,0,0.06875,1545.68
2095,472,2023-04-17,855,3,,347.23,0,0.06,368.06
2096,472,2023-04-17,1675,1,,186.78,0,0.0625,198.45
2097,472,2023-04-17,1714,3,,460.5,0,0.045,481.22
2098,473,2023-04-18,538,1,,41.36,0,0.065,44.05
2099,473,2023-04-18,257,2,,2312.79,0,0.0725,2480.47
2100,473,2023-04-18,1103,3,,392.31,0,0.06,415.85
2101,473,2023-04-18,416,1,,1056.19,0,0.029,1086.82
2102,474,2023-04-19,1909,2,,696.96,0,0.045,728.32
2103,474,2023-04-19,1870,1,,551.18,0,0.0685,588.94
2104,474,2023-04-19,452,1,,428.34,0,0.065,456.18
2105,474,2023-04-19,1506,3,,188.05,0,0.0625,199.8
2106,475,2023-04-20,257,2,,643,0,0.0725,689.62
2107,475,2023-04-20,1289,2,,131.64,0,0.04,136.91
2108,475,2023-04-20,656,1,,1096.25,0,0,1096.25
2109,475,2023-04-20,1921,2,,227.32,0,0.065,242.1
2110,476,2023-04-21,569,2,,146.21,0,0.0625,155.35
2111,476,2023-04-21,146,2,,626.16,0,0.06875,669.21
2112,476,2023-04-21,1950,2,,154.37,0,0.07,165.18
2113,476,2023-04-21,966,1,,277.45,0,0.06,294.1
2114,477,2023-04-22,342,2,,532.41,0,0.045,556.37
2115,477,2023-04-22,799,2,,427.1,0,0.065,454.86
2116,477,2023-04-22,1404,3,,341.43,0,0.0685,364.82
2117,477,2023-04-22,1969,1,,178.66,0,0.0725,191.61
2118,477,2023-04-22,1565,3,,983.72,0,0.0635,1046.19
2119,478,2023-04-23,1731,2,,194.82,0,0.06,206.51
2120,478,2023-04-23,1124,1,,798.81,0,0.0625,848.74
2121,478,2023-04-23,541,1,,392.86,0,0.0625,417.41
2122,478,2023-04-23,1914,1,,86.21,0,0.0685,92.12
2123,478,2023-04-23,1168,2,,275.24,0,0.0685,294.09
2124,479,2023-04-24,1006,1,,370.51,0,0.06875,395.98
2125,479,2023-04-24,1844,1,,396.26,0,0.045,414.09
2126,479,2023-04-24,1399,3,,805.91,0,0.045,842.18
2127,479,2023-04-24,1773,2,,66.53,0,0.065,70.85
2128,480,2023-04-25,1560,3,,436.71,0,0,436.71
2129,480,2023-04-25,85,1,,1532.16,0,0.0625,1627.92
2130,480,2023-04-25,880,1,,394.15,0,0.06,417.8
2131,480,2023-04-25,818,1,,188.05,0,0.0475,196.98
2132,481,2023-04-26,1293,3,,213.05,0,0.065,226.9
2133,481,2023-04-26,1479,2,,329.89,0,0.08,356.28
2134,481,2023-04-26,718,1,,576.42,0,0.0625,612.45
2135,481,2023-04-26,1662,3,,640.32,0,0.04,665.93
2136,482,2023-04-27,194,1,,1701.3,0,0.06875,1818.26
2137,482,2023-04-27,416,3,,724.36,0,0.029,745.37
2138,482,2023-04-27,545,1,,171.79,0,0.065,182.96
2139,482,2023-04-27,485,1,,311.69,0,0.056,329.14
2140,483,2023-04-28,692,3,,1129.98,0,0.029,1162.75
2141,483,2023-04-28,903,1,,528.63,0,0.08,570.92
2142,483,2023-04-28,633,1,,759.23,0,0.06875,811.43
2143,483,2023-04-28,439,1,,320.56,0,0.065,341.4
2144,484,2023-04-29,1780,1,,539.71,0,0.06,572.09
2145,484,2023-04-29,1633,3,,791.61,0,0.07,847.02
2146,484,2023-04-29,1720,1,,1229.91,0,0.06,1303.7
2147,484,2023-04-29,365,2,,345.2,0,0.06,365.91
2148,484,2023-04-29,1046,3,,92.35,0,0.04,96.04
2149,485,2023-04-30,1345,2,,490.78,0,0.0685,524.4
2150,485,2023-04-30,595,1,,121.41,0,0.04,126.27
2151,485,2023-04-30,346,1,,942.82,0,0.0485,988.55
2152,485,2023-04-30,538,2,,885.86,0,0.065,943.44
2153,485,2023-04-30,855,1,,341.86,0,0.06,362.37
2154,486,2023-05-01,1927,3,,305.71,0,0.045,319.47
2155,486,2023-05-01,629,1,,121.98,0,0.0685,130.34
2156,486,2023-05-01,1628,2,,219.07,0,0.0575,231.67
2157,486,2023-05-01,1084,1,,1178.11,0,0.06,1248.8
2158,487,2023-05-02,1475,1,,353.64,0,0.06,374.86
2159,487,2023-05-02,680,2,,63.08,0,0.0625,67.02
2160,487,2023-05-02,288,1,,911.5,0,0.08,984.42
2161,487,2023-05-02,1187,1,,65.59,0,0.065,69.85
2162,488,2023-05-03,449,2,,487.17,0,0.04,506.66
2163,488,2023-05-03,1214,2,,265.18,0,0.0625,281.75
2164,488,2023-05-03,625,1,,295.77,0,0.04,307.6
2165,488,2023-05-03,457,1,,849.64,0,0.08,917.61
2166,489,2023-05-04,135,2,,866.41,0,0.0635,921.43
2167,489,2023-05-04,274,3,,303.22,0,0.0575,320.66
2168,489,2023-05-04,296,3,,1240.74,0,0.0635,1319.53
2169,489,2023-05-04,1533,1,,1625.25,0,0.029,1672.38
2170,490,2023-05-05,1878,1,,193.95,0,0.06875,207.28
2171,490,2023-05-05,1243,2,,183.82,0,0.0485,192.74
2172,490,2023-05-05,1881,2,,115.73,0,0.0575,122.38
2173,490,2023-05-05,242,3,,352.29,0,0.065,375.19
2174,491,2023-05-06,25,1,,859.72,0,0.06,911.3
2175,491,2023-05-06,1728,3,,188.25,0,0.045,196.72
2176,491,2023-05-06,1982,1,,99.48,0,0.0625,105.7
2177,491,2023-05-06,142,2,,819.49,0,0.07,876.85
2178,491,2023-05-06,1060,2,,381.98,0,0.0635,406.24
2179,492,2023-05-07,1725,3,,107.34,0,0.0685,114.69
2180,492,2023-05-07,562,1,,1389.33,0,0.06,1472.69
2181,492,2023-05-07,376,1,,1499.15,0,0.045,1566.61
2182,492,2023-05-07,1107,1,,166.82,0,0.06,176.83
2183,492,2023-05-07,115,1,,1088.46,0,0.065,1159.21
2184,493,2023-05-08,1678,2,,33,0,0.04,34.32
2185,493,2023-05-08,1423,2,,192.67,0,0.056,203.46
2186,493,2023-05-08,1326,1,,532.44,0,0.0575,563.06
2187,493,2023-05-08,1099,1,,270.87,0,0.04,281.7
2188,494,2023-05-09,121,2,,825.92,0,0.065,879.6
2189,494,2023-05-09,487,1,,718.87,0,0.065,765.6
2190,494,2023-05-09,1187,2,,667.24,0,0.065,710.61
2191,494,2023-05-09,637,1,,58.9,0,0.065,62.73
2192,495,2023-05-10,46,1,,811.71,0,0.04,844.18
2193,495,2023-05-10,1549,2,,25.1,0,0.0635,26.69
2194,495,2023-05-10,704,2,,182.61,0,0.065,194.48
2195,495,2023-05-10,1802,1,,133.6,0,0.06,141.62
2196,496,2023-05-11,761,3,,162.04,0,0.08,175
2197,496,2023-05-11,603,1,,239.07,0,0.06,253.41
2198,496,2023-05-11,1057,3,,251.81,0,0.06,266.92
2199,496,2023-05-11,51,1,,528.9,0,0.0475,554.02
2200,497,2023-05-12,142,1,,1449.87,0,0.07,1551.36
2201,497,2023-05-12,1342,2,,214.74,0,0.0725,230.31
2202,497,2023-05-12,882,2,,256.51,0,0.0625,272.54
2203,497,2023-05-12,554,2,,730.16,0,0.0445,762.65
2204,498,2023-05-13,151,3,,415.66,0,0.0475,435.4
2205,498,2023-05-13,163,3,,624.83,0,0.06,662.32
2206,498,2023-05-13,624,2,,354.98,0,0.0685,379.3
2207,498,2023-05-13,688,1,,59.26,0,0.0635,63.02
2208,498,2023-05-13,1065,2,,1019.31,0,0.06,1080.47
2209,499,2023-05-14,514,1,,291.17,0,0.06,308.64
2210,499,2023-05-14,426,1,,444.22,0,0.0625,471.98
2211,499,2023-05-14,1259,1,,166.82,0,0.06,176.83
2212,499,2023-05-14,860,3,,900.12,0,0.0575,951.88
2213,499,2023-05-14,180,2,,452.25,0,0,452.25
2214,500,2023-05-15,1714,1,,340.08,0,0.045,355.38
2215,500,2023-05-15,8,3,,1080.47,0,0.045,1129.09
2216,500,2023-05-15,369,1,,426.27,0,0.0625,452.91
2217,500,2023-05-15,1100,1,,315.79,0,0.0685,337.42
2218,501,2023-05-16,209,2,,1002.1,0,0.06875,1070.99
2219,501,2023-05-16,733,3,,1610.04,0,0.065,1714.69
2220,501,2023-05-16,449,2,,1173.23,0,0.04,1220.16
2221,501,2023-05-16,1365,3,,740.53,0,0.0485,776.45
2222,502,2023-05-17,495,2,,421.83,0,0.065,449.25
2223,502,2023-05-17,687,1,,128.09,0,0.08,138.34
2224,502,2023-05-17,1671,1,,1078.16,0,0.08,1164.41
2225,502,2023-05-17,888,3,,632.71,0,0.06875,676.21
2226,503,2023-05-18,1406,2,,205.44,0,0.0625,218.28
2227,503,2023-05-18,1827,1,,306.5,0,0.065,326.42
2228,503,2023-05-18,1912,1,,886.22,0,0.07,948.26
2229,503,2023-05-18,778,3,,576.88,0,0.065,614.38
2230,504,2023-05-19,382,1,,24.56,0,0.08,26.52
2231,504,2023-05-19,1328,1,,22.8,0,0.08,24.62
2232,504,2023-05-19,721,3,,332.2,0,0.0625,352.96
2233,504,2023-05-19,1628,2,,501.68,0,0.0575,530.53
2234,505,2023-05-20,1719,2,,668.14,0,0.05125,702.38
2235,505,2023-05-20,1615,3,,247.79,0,0.0635,263.52
2236,505,2023-05-20,735,2,,244.22,0,0.0725,261.93
2237,505,2023-05-20,1976,1,,193.05,0,0.0625,205.12
2238,505,2023-05-20,639,1,,222.68,0,0.065,237.15
2239,506,2023-05-21,1938,2,,835.77,0,0.0685,893.02
2240,506,2023-05-21,227,2,,26.56,0,0.06875,28.39
2241,506,2023-05-21,652,1,,142.69,0,0.0625,151.61
2242,506,2023-05-21,416,1,,297.1,0,0.029,305.72
2243,506,2023-05-21,700,2,,263.49,0,0.08,284.57
2244,507,2023-05-22,1805,1,,850.94,0,0.0625,904.12
2245,507,2023-05-22,1678,2,,73.85,0,0.04,76.8
2246,507,2023-05-22,57,1,,378.64,0,0.0725,406.09
2247,507,2023-05-22,1772,3,,43.21,0,0.0475,45.26
2248,508,2023-05-23,1691,2,,7.55,0,0.0725,8.1
2249,508,2023-05-23,235,1,,473.69,0,0.045,495.01
2250,508,2023-05-23,347,1,,811.82,0,0,811.82
2251,508,2023-05-23,855,3,,52.47,0,0.06,55.62
2252,509,2023-05-24,920,1,,253.74,0,0.06,268.96
2253,509,2023-05-24,1618,3,,336.72,0,0.065,358.61
2254,509,2023-05-24,681,1,,734.67,0,0.0725,787.93
2255,509,2023-05-24,1097,1,,299.91,0,0.065,319.4
2256,510,2023-05-25,152,1,,120.39,0,0.0625,127.91
2257,510,2023-05-25,1172,2,,632.92,0,0.0625,672.48
2258,510,2023-05-25,1313,1,,906.92,0,0.056,957.71
2259,510,2023-05-25,849,2,,745.69,0,0.0575,788.57
2260,511,2023-05-26,591,1,,239.17,0,0.0475,250.53
2261,511,2023-05-26,1847,3,,167.74,0,0.0445,175.2
2262,511,2023-05-26,306,3,,865.57,0,0.0725,928.32
2263,511,2023-05-26,1799,1,,260.15,0,0.05125,273.48
2264,512,2023-05-27,91,2,,1040.94,0,0.08,1124.22
2265,512,2023-05-27,860,2,,80.56,0,0.0575,85.19
2266,512,2023-05-27,1409,2,,72.28,0,0.0625,76.8
2267,512,2023-05-27,1844,1,,1119.17,0,0.045,1169.53
2268,512,2023-05-27,1411,1,,614.33,0,0.04,638.9
2269,513,2023-05-28,1866,2,,571.07,0,0.0685,610.19
2270,513,2023-05-28,1155,1,,75.72,0,0.0575,80.07
2271,513,2023-05-28,1684,1,,153.25,0,0.07,163.98
2272,513,2023-05-28,800,1,,647.8,0,0.0625,688.29
2273,513,2023-05-28,1469,1,,158.25,0,0.065,168.54
2274,514,2023-05-29,440,1,,790.31,0,0.08,853.53
2275,514,2023-05-29,753,3,,241.5,0,0.0725,259.01
2276,514,2023-05-29,1641,1,,295.18,0,0.0635,313.92
2277,514,2023-05-29,1194,1,,62.04,0,0.0625,65.92
2278,515,2023-05-30,648,2,,797.3,0,0.05125,838.16
2279,515,2023-05-30,418,2,,1638.37,0,0.0445,1711.28
2280,515,2023-05-30,1158,2,,906.51,0,0.06,960.9
2281,515,2023-05-30,123,2,,922.34,0,0.04,959.23
2282,516,2023-05-31,870,3,,831.53,0,0.065,885.58
2283,516,2023-05-31,402,3,,6.14,0,0,6.14
2284,516,2023-05-31,128,1,,333.56,0,0.0725,357.74
2285,516,2023-05-31,613,1,,207.34,0,0.0445,216.57
2286,517,2023-06-01,452,1,,1145.09,0,0.065,1219.52
2287,517,2023-06-01,1363,1,,449.01,0,0.0475,470.34
2288,517,2023-06-01,986,1,,56.34,0,0.0725,60.42
2289,517,2023-06-01,1153,1,,637.45,0,0.06,675.7
2290,517,2023-06-01,342,3,,1015.45,0,0.045,1061.15
2291,518,2023-06-02,562,1,,1089.65,0,0.06,1155.03
2292,518,2023-06-02,1479,2,,52.47,0,0.08,56.67
2293,518,2023-06-02,1791,2,,281.02,0,0.0625,298.58
2294,518,2023-06-02,376,1,,443.57,0,0.045,463.53
2295,518,2023-06-02,478,2,,1710.18,0,0.065,1821.34
2296,519,2023-06-03,1984,2,,39.57,0,0.0625,42.04
2297,519,2023-06-03,32,3,,1492.79,0,0.045,1559.97
2298,519,2023-06-03,150,1,,345.98,0,0.06,366.74
2299,519,2023-06-03,1472,3,,19.92,0,0.07,21.31
2300,519,2023-06-03,167,1,,740.07,0,0.0445,773
2301,520,2023-06-04,1078,1,,795.57,0,0.065,847.28
2302,520,2023-06-04,1451,2,,380.28,0,0.06,403.1
2303,520,2023-06-04,1735,1,,1149.23,0,0.0725,1232.55
2304,520,2023-06-04,1235,3,,112.61,0,0.056,118.92
2305,520,2023-06-04,1059,1,,594.75,0,0.0485,623.6
2306,521,2023-06-05,261,1,,183.16,0,0.065,195.07
2307,521,2023-06-05,179,1,,802.34,0,0.0575,848.47
2308,521,2023-06-05,562,3,,176.34,0,0.06,186.92
2309,521,2023-06-05,630,2,,465.33,0,0.04,483.94
2310,521,2023-06-05,1564,3,,383.71,0,0,383.71
2311,522,2023-06-06,209,1,,526.18,0,0.06875,562.35
2312,522,2023-06-06,1696,3,,917.52,0,0.0625,974.86
2313,522,2023-06-06,1627,1,,470.29,0,0.05125,494.39
2314,522,2023-06-06,1068,2,,1362.72,0,0.0475,1427.45
2315,522,2023-06-06,1959,2,,229.74,0,0.0725,246.4
2316,523,2023-06-07,856,1,,801.25,0,0.0685,856.14
2317,523,2023-06-07,1404,2,,696.92,0,0.0685,744.66
2318,523,2023-06-07,1661,1,,127.28,0,0.06,134.92
2319,523,2023-06-07,351,3,,955.21,0,0.06,1012.52
2320,523,2023-06-07,1190,2,,407.83,0,0.04,424.14
2321,524,2023-06-08,712,2,,425.93,0,0.06875,455.21
2322,524,2023-06-08,1150,3,,76.35,0,0.056,80.63
2323,524,2023-06-08,1881,1,,220.7,0,0.0575,233.39
2324,524,2023-06-08,126,2,,1943.39,0,0.0485,2037.64
2325,524,2023-06-08,577,1,,44.34,0,0.0685,47.38
2326,525,2023-06-09,1441,2,,258.67,0,0.06,274.19
2327,525,2023-06-09,327,2,,891.32,0,0.0475,933.66
2328,525,2023-06-09,807,3,,484.6,0,0.0685,517.8
2329,525,2023-06-09,1829,2,,391.2,0,0.0685,418
2330,525,2023-06-09,960,2,,1073.18,0,0.0685,1146.69
2331,526,2023-06-10,71,1,,14.97,0,0.0685,16
2332,526,2023-06-10,433,2,,1003.41,0,0.0575,1061.11
2333,526,2023-06-10,190,1,,989.15,0,0,989.15
2334,526,2023-06-10,748,2,,623.22,0,0.0685,665.91
2335,526,2023-06-10,1856,3,,469.31,0,0.04,488.08
2336,527,2023-06-11,711,2,,1452.71,0,0.0635,1544.96
2337,527,2023-06-11,1388,2,,220.11,0,0.07,235.52
2338,527,2023-06-11,1997,2,,269.49,0,0.0475,282.29
2339,527,2023-06-11,590,2,,202.08,0,0.0685,215.92
2340,527,2023-06-11,360,1,,1133,0,0.0625,1203.81
2341,528,2023-06-12,7,2,,699.75,0,0.0635,744.18
2342,528,2023-06-12,139,1,,274.69,0,0.0625,291.86
2343,528,2023-06-12,589,1,,157.44,0,0.065,167.67
2344,528,2023-06-12,1465,3,,264.66,0,0.0625,281.2
2345,528,2023-06-12,1735,1,,275.12,0,0.0725,295.07
2346,529,2023-06-13,770,1,,329.8,0,0.0635,350.74
2347,529,2023-06-13,1123,3,,492.33,0,0.0685,526.05
2348,529,2023-06-13,528,1,,83.41,0,0.0685,89.12
2349,529,2023-06-13,43,3,,671.65,0,0.06875,717.83
2350,529,2023-06-13,1197,2,,444.07,0,0.06,470.71
2351,530,2023-06-14,29,2,,1169.43,0,0.065,1245.44
2352,530,2023-06-14,1094,2,,226.31,0,0.0445,236.38
2353,530,2023-06-14,1186,1,,497.68,0,0.0725,533.76
2354,530,2023-06-14,1127,3,,980.52,0,0.0625,1041.8
2355,530,2023-06-14,1894,3,,101.48,0,0.0475,106.3
2356,531,2023-06-15,1920,2,,562.48,0,0.0475,589.2
2357,531,2023-06-15,901,1,,332.05,0,0.06,351.97
2358,531,2023-06-15,1490,2,,562.95,0,0.065,599.54
2359,531,2023-06-15,1582,2,,236.5,0,0.0475,247.73
2360,531,2023-06-15,1803,2,,124.05,0,0.0725,133.04
2361,532,2023-06-16,1555,1,,237.97,0,0.065,253.44
2362,532,2023-06-16,1910,2,,457.59,0,0.07,489.62
2363,532,2023-06-16,39,2,,371.17,0,0.08,400.86
2364,532,2023-06-16,1765,3,,77.05,0,0.0625,81.87
2365,532,2023-06-16,1800,2,,257.69,0,0.05125,270.9
2366,533,2023-06-17,437,1,,270.44,0,0.0445,282.47
2367,533,2023-06-17,342,1,,407.59,0,0.045,425.93
2368,533,2023-06-17,1625,1,,248.81,0,0.0625,264.36
2369,533,2023-06-17,357,1,,557.39,0,0.0485,584.42
2370,533,2023-06-17,15,1,,537.39,0,0.0625,570.98
2371,534,2023-06-18,1788,2,,650.3,0,0.0725,697.45
2372,534,2023-06-18,1489,2,,126.76,0,0.0625,134.68
2373,534,2023-06-18,1428,3,,75.84,0,0.045,79.25
2374,534,2023-06-18,1424,3,,1018.54,0,0,1018.54
2375,534,2023-06-18,450,3,,781.15,0,0.04,812.4
2376,535,2023-06-19,1709,2,,319.1,0,0.06,338.25
2377,535,2023-06-19,375,1,,1154.53,0,0.0725,1238.23
2378,535,2023-06-19,582,2,,71.72,0,0.07,76.74
2379,535,2023-06-19,1630,2,,12.55,0,0.0575,13.27
2380,535,2023-06-19,947,3,,184.79,0,0.06875,197.49
2381,536,2023-06-20,50,1,,575.48,0,0.07,615.76
2382,536,2023-06-20,425,2,,1423.34,0,0.0625,1512.3
2383,536,2023-06-20,1503,1,9,160.07,21.83,0.0575,169.27
2384,536,2023-06-20,1405,1,,276.98,0,0.0725,297.06
2385,536,2023-06-20,1075,3,,247.21,0,0.0625,262.66
2386,537,2023-06-21,313,2,9,138.52,18.9,0.0725,148.56
2387,537,2023-06-21,910,1,,545.41,0,0.0625,579.5
2388,537,2023-06-21,526,2,9,76.49,10.43,0.06875,81.75
2389,537,2023-06-21,1264,3,9,85.35,11.64,0,85.35
2390,537,2023-06-21,1982,2,9,154.84,21.11,0.0625,164.52
2391,538,2023-06-22,1491,3,,641.35,0,0.056,677.27
2392,538,2023-06-22,745,1,9,1103.42,150.5,0.06,1169.63
2393,538,2023-06-22,26,2,9,1102.72,150.39,0.06,1168.88
2394,538,2023-06-22,1537,3,9,1164.71,158.86,0.029,1198.49
2395,538,2023-06-22,1396,3,,194.66,0,0.07,208.29
2396,538,2023-06-22,894,2,,10.53,0,0.0625,11.19
2397,539,2023-06-23,756,2,9,22.08,3.02,0.0485,23.15
2398,539,2023-06-23,1768,1,,913.65,0,0,913.65
2399,539,2023-06-23,1629,2,,72.82,0,0.08,78.65
2400,539,2023-06-23,1123,1,,204.24,0,0.0685,218.23
2401,539,2023-06-23,1208,1,,109.05,0,0.07,116.68
2402,539,2023-06-23,596,3,,309.32,0,0.045,323.24
2403,540,2023-06-24,1033,1,,318.1,0,0.0485,333.53
2404,540,2023-06-24,1172,1,9,492.48,67.16,0.0625,523.26
2405,540,2023-06-24,697,2,,110.89,0,0.065,118.1
2406,540,2023-06-24,1363,2,,375.43,0,0.0475,393.26
2407,540,2023-06-24,1955,2,9,380.03,51.82,0.0575,401.88
2408,541,2023-06-25,514,3,9,232.46,31.7,0.06,246.41
2409,541,2023-06-25,439,1,,1699.01,0,0.065,1809.45
2410,541,2023-06-25,1588,2,9,41.76,5.69,0.04,43.43
2411,541,2023-06-25,720,2,,1272.88,0,0.0625,1352.44
2412,541,2023-06-25,1159,2,9,298.53,40.73,0.0625,317.19
2413,542,2023-06-26,1310,2,,65.61,0,0.06,69.55
2414,542,2023-06-26,721,1,,570.9,0,0.0625,606.58
2415,542,2023-06-26,587,2,,722.59,0,0.065,769.56
2416,542,2023-06-26,1131,3,,325.09,0,0.0635,345.73
2417,542,2023-06-26,12,2,,1278.53,0,0.0485,1340.54
2418,543,2023-06-27,635,1,,2022.29,0,0.0725,2168.91
2419,543,2023-06-27,845,2,,282.71,0,0.0685,302.08
2420,543,2023-06-27,663,2,,231.9,0,0,231.9
2421,543,2023-06-27,1879,1,,927.02,0,0.065,987.28
2422,543,2023-06-27,1636,3,,1105.64,0,0.07,1183.03
2423,543,2023-06-27,1536,1,,203.46,0,0.065,216.68
2424,544,2023-06-28,1341,2,9,450.18,61.38,0.0725,482.82
2425,544,2023-06-28,177,1,,436.64,0,0.06,462.84
2426,544,2023-06-28,794,2,,812.67,0,0,812.67
2427,544,2023-06-28,1818,3,,366.33,0,0.065,390.14
2428,544,2023-06-28,1511,1,,930.44,0,0.056,982.54
2429,544,2023-06-28,1044,3,,1156.2,0,0.06,1225.57
2430,545,2023-06-29,1186,2,9,162.67,22.17,0.0725,174.46
2431,545,2023-06-29,32,2,9,1034.57,141.05,0.045,1081.13
2432,545,2023-06-29,1593,2,9,27.34,3.72,0.06,28.98
2433,545,2023-06-29,776,2,,267.09,0,0.08,288.46
2434,545,2023-06-29,1081,2,9,56.99,7.77,0.0635,60.61
2435,546,2023-06-30,654,1,9,652.32,88.96,0.08,704.51
2436,546,2023-06-30,1958,2,,18.2,0,0.0575,19.25
2437,546,2023-06-30,1072,3,,23.66,0,0.065,25.2
2438,546,2023-06-30,1019,1,9,260.59,35.52,0.0625,276.88
2439,546,2023-06-30,6,2,,556.61,0,0.06,590.01
2440,546,2023-06-30,325,2,,340.29,0,0.0575,359.86
2441,547,2023-07-01,1965,2,,737.25,0,0.0485,773.01
2442,547,2023-07-01,1170,3,,860.15,0,0.0685,919.07
2443,547,2023-07-01,462,1,,91.2,0,0.0625,96.9
2444,547,2023-07-01,1989,3,,115.97,0,0.0625,123.22
2445,547,2023-07-01,71,3,9,844.45,115.15,0.0685,902.29
2446,547,2023-07-01,1925,2,,1846.57,0,0.0725,1980.45
2447,548,2023-07-02,1717,1,,833.4,0,0.0575,881.32
2448,548,2023-07-02,1298,3,,170.85,0,0.0635,181.7
2449,548,2023-07-02,319,3,,422.24,0,0,422.24
2450,548,2023-07-02,613,1,,646.93,0,0.0445,675.72
2451,548,2023-07-02,1607,3,9,522.8,71.28,0.0685,558.61
2452,548,2023-07-02,1180,3,9,272.33,37.16,0.05125,286.29
2453,549,2023-07-03,1748,1,,1013.6,0,0.0445,1058.71
2454,549,2023-07-03,7,3,,1651.94,0,0.0635,1756.84
2455,549,2023-07-03,497,2,,991.47,0,0.0445,1035.59
2456,549,2023-07-03,1438,2,9,812.96,110.86,0.0635,864.58
2457,549,2023-07-03,254,3,9,1075.83,146.68,0.04,1118.86
2458,549,2023-07-03,1190,1,,567.95,0,0.04,590.67
2459,550,2023-07-04,392,3,,508,0,0.0625,539.75
2460,550,2023-07-04,52,2,,83.68,0,0.06,88.7
2461,550,2023-07-04,321,3,,814.18,0,0.04,846.75
2462,550,2023-07-04,875,3,,20.68,0,0.065,22.02
2463,550,2023-07-04,1277,2,,243.52,0,0.0445,254.36
2464,550,2023-07-04,827,1,9,129.58,17.67,0.0625,137.68
2465,551,2023-07-05,1804,1,,123.67,0,0.0445,129.17
2466,551,2023-07-05,1657,1,,372.85,0,0.0625,396.15
2467,551,2023-07-05,1422,3,,739.95,0,0.0725,793.6
2468,551,2023-07-05,156,2,9,492.14,67.14,0.0625,522.9
2469,551,2023-07-05,817,1,,27.33,0,0.06,28.97
2470,552,2023-07-06,47,2,,969.46,0,0.045,1013.09
2471,552,2023-07-06,1354,1,,988.68,0,0.0725,1060.36
2472,552,2023-07-06,166,1,,956.24,0,0.065,1018.4
2473,552,2023-07-06,1173,2,9,470.96,64.22,0.0625,500.39
2474,552,2023-07-06,1934,1,,455.9,0,0.0575,482.11
2475,552,2023-07-06,1922,2,,239.04,0,0.07,255.77
2476,553,2023-07-07,1365,2,9,313.85,42.8,0.0485,329.07
2477,553,2023-07-07,932,2,,516.01,0,0.05125,542.46
2478,553,2023-07-07,1422,2,,558.8,0,0.0725,599.31
2479,553,2023-07-07,1994,3,,270.97,0,0.0485,284.11
2480,553,2023-07-07,723,3,9,35.77,4.88,0.0445,37.36
2481,554,2023-07-08,1137,2,,728.99,0,0.0625,774.55
2482,554,2023-07-08,1926,1,9,54.43,7.42,0.0575,57.56
2483,554,2023-07-08,112,1,,514.64,0,0.0445,537.54
2484,554,2023-07-08,213,1,9,584.94,79.74,0.06,620.04
2485,554,2023-07-08,978,3,,570.2,0,0.06,604.41
2486,555,2023-07-09,479,2,9,863.84,117.77,0.0625,917.83
2487,555,2023-07-09,1159,2,,265.55,0,0.0625,282.15
2488,555,2023-07-09,249,1,,517.17,0,0.0445,540.18
2489,555,2023-07-09,1571,1,9,34.82,4.75,0.06,36.91
2490,555,2023-07-09,458,3,9,777.28,106.02,0.06875,830.72
2491,555,2023-07-09,855,1,,935.5,0,0.06,991.63
2492,556,2023-07-10,1514,1,,236.5,0,0.0575,250.1
2493,556,2023-07-10,1247,1,9,139.1,18.96,0.065,148.14
2494,556,2023-07-10,875,1,,121.5,0,0.065,129.4
2495,556,2023-07-10,1748,1,,70.98,0,0.0445,74.14
2496,556,2023-07-10,1079,3,9,638.23,87.04,0.0725,684.5
2497,556,2023-07-10,1696,1,,989.71,0,0.0625,1051.57
2498,557,2023-07-11,292,3,,2401.25,0,0.04,2497.3
2499,557,2023-07-11,1428,1,,893.77,0,0.045,933.99
2500,557,2023-07-11,188,2,,253.63,0,0.0475,265.68
2501,557,2023-07-11,960,3,,433,0,0.0685,462.66
2502,557,2023-07-11,1291,1,,380.6,0,0.0445,397.54
2503,558,2023-07-12,1773,3,,691.61,0,0.065,736.56
2504,558,2023-07-12,834,1,,489.4,0,0.0445,511.18
2505,558,2023-07-12,1294,1,,79.03,0,0.0635,84.05
2506,558,2023-07-12,1055,1,,167.33,0,0.0625,177.79
2507,558,2023-07-12,539,2,,112.75,0,0.0685,120.47
2508,559,2023-07-13,1031,2,,564.22,0,0.04,586.79
2509,559,2023-07-13,1936,3,,711.28,0,0.045,743.29
2510,559,2023-07-13,1045,1,,1086.05,0,0.065,1156.64
2511,559,2023-07-13,1940,2,,353.95,0,0.06,375.19
2512,559,2023-07-13,1495,1,,951.93,0,0.05125,1000.72
2513,560,2023-07-14,304,1,,887.22,0,0.045,927.14
2514,560,2023-07-14,215,2,,2699.49,0,0.0445,2819.62
2515,560,2023-07-14,269,2,,466.98,0,0.065,497.33
2516,560,2023-07-14,170,1,,536.59,0,0.045,560.74
2517,560,2023-07-14,1163,1,,396.63,0,0.06875,423.9
2518,561,2023-07-15,1450,2,,717.34,0,0.07,767.55
2519,561,2023-07-15,1243,3,,312.59,0,0.0485,327.75
2520,561,2023-07-15,1567,2,,69.94,0,0.08,75.54
2521,561,2023-07-15,403,3,,740.65,0,0.0485,776.57
2522,561,2023-07-15,589,2,,114.6,0,0.065,122.05
2523,562,2023-07-16,685,3,,322.42,0,0.06,341.77
2524,562,2023-07-16,267,2,,591.34,0,0.04,614.99
2525,562,2023-07-16,1496,1,,113.66,0,0.056,120.02
2526,562,2023-07-16,1533,1,,568.44,0,0.029,584.92
2527,562,2023-07-16,1961,2,,215,0,0.056,227.04
2528,563,2023-07-17,133,1,,1080.1,0,0,1080.1
2529,563,2023-07-17,691,1,,316.03,0,0.05125,332.23
2530,563,2023-07-17,1687,2,,913.1,0,0.06,967.89
2531,563,2023-07-17,1,2,,2294.27,0,0.0685,2451.43
2532,563,2023-07-17,690,1,,99.6,0,0.0625,105.82
2533,564,2023-07-18,1827,1,,220.29,0,0.065,234.61
2534,564,2023-07-18,205,2,,2359.01,0,0.0625,2506.45
2535,564,2023-07-18,862,2,,874.01,0,0.0685,933.88
2536,564,2023-07-18,1360,1,,97.59,0,0.0725,104.67
2537,564,2023-07-18,1791,3,,542,0,0.0625,575.88
2538,565,2023-07-19,1118,1,,70.58,0,0.0575,74.64
2539,565,2023-07-19,317,1,,533.28,0,0.065,567.94
2540,565,2023-07-19,818,3,,134.59,0,0.0475,140.98
2541,565,2023-07-19,1872,3,,310.77,0,0.06875,332.14
2542,565,2023-07-19,557,2,,144,0,0.08,155.52
2543,566,2023-07-20,1080,1,,35.04,0,0.04,36.44
2544,566,2023-07-20,1113,1,,196.77,0,0.06,208.58
2545,566,2023-07-20,928,1,,310.55,0,0.0635,330.27
2546,566,2023-07-20,177,2,,346.97,0,0.06,367.79
2547,566,2023-07-20,951,3,,445.83,0,0.0625,473.69
2548,567,2023-07-21,1943,2,,814.34,0,0.06875,870.33
2549,567,2023-07-21,1810,1,,136.29,0,0.045,142.42
2550,567,2023-07-21,1854,3,,301.29,0,0.06875,322
2551,567,2023-07-21,1843,1,,1109.6,0,0.045,1159.53
2552,567,2023-07-21,1247,2,,313.65,0,0.065,334.04
2553,568,2023-07-22,246,2,,366.79,0,0.06,388.8
2554,568,2023-07-22,1482,2,,126.76,0,0.065,135
2555,568,2023-07-22,790,1,,631.45,0,0.06,669.34
2556,568,2023-07-22,1133,3,,192.25,0,0.06,203.79
2557,568,2023-07-22,225,2,,1938.58,0,0.0475,2030.66
2558,569,2023-07-23,1339,3,,219.58,0,0,219.58
2559,569,2023-07-23,758,2,,27.84,0,0,27.84
2560,569,2023-07-23,981,3,,684.6,0,0.04,711.98
2561,569,2023-07-23,1547,1,,859.86,0,0.07,920.05
2562,569,2023-07-23,457,2,,879.84,0,0.08,950.23
2563,570,2023-07-24,868,2,,1099.21,0,0.0625,1167.91
2564,570,2023-07-24,1634,1,,398.7,0,0.045,416.64
2565,570,2023-07-24,752,1,,1179.25,0,0.045,1232.32
2566,570,2023-07-24,531,2,,41.91,0,0.07,44.84
2567,570,2023-07-24,782,2,,220.27,0,0.0445,230.07
2568,571,2023-07-25,1337,2,,376.1,0,0.065,400.55
2569,571,2023-07-25,1299,3,,384.28,0,0.07,411.18
2570,571,2023-07-25,1020,3,,320.07,0,0.08,345.68
2571,571,2023-07-25,1781,3,,345.85,0,0.065,368.33
2572,571,2023-07-25,1593,1,,347.37,0,0.06,368.21
2573,572,2023-07-26,404,1,,2542.13,0,0.0625,2701.01
2574,572,2023-07-26,135,1,,1268.99,0,0.0635,1349.57
2575,572,2023-07-26,35,1,,356.94,0,0.0685,381.39
2576,572,2023-07-26,1744,3,,168.66,0,0.06875,180.26
2577,572,2023-07-26,710,2,,306.37,0,0.045,320.16
2578,573,2023-07-27,1557,1,,600.09,0,0.0475,628.59
2579,573,2023-07-27,1771,2,,377.7,0,0.0485,396.02
2580,573,2023-07-27,53,2,,743.05,0,0.06,787.63
2581,573,2023-07-27,643,1,,781.57,0,0.05125,821.63
2582,573,2023-07-27,491,3,,1473.56,0,0.0625,1565.66
2583,574,2023-07-28,728,3,,266.71,0,0.06,282.71
2584,574,2023-07-28,918,3,,108.49,0,0.056,114.57
2585,574,2023-07-28,766,1,,270.78,0,0.0685,289.33
2586,574,2023-07-28,351,1,,718.98,0,0.06,762.12
2587,574,2023-07-28,1445,1,,901.55,0,0,901.55
2588,575,2023-07-29,1661,1,,18.93,0,0.06,20.07
2589,575,2023-07-29,1574,2,,436.08,0,0.0445,455.49
2590,575,2023-07-29,608,1,,66.03,0,0.0625,70.16
2591,575,2023-07-29,592,2,,593.83,0,0.0625,630.94
2592,575,2023-07-29,908,3,,73.19,0,0.06,77.58
2593,576,2023-07-30,117,3,,701.78,0,0.06,743.89
2594,576,2023-07-30,407,3,,1027.92,0,0.0625,1092.17
2595,576,2023-07-30,1245,2,,756.77,0,0.065,805.96
2596,576,2023-07-30,1150,1,,155.9,0,0.056,164.63
2597,576,2023-07-30,253,1,,732.72,0,0.0625,778.52
2598,577,2023-07-31,1739,3,,133.52,0,0.07,142.87
2599,577,2023-07-31,1219,2,,769.02,0,0.0625,817.08
2600,577,2023-07-31,248,2,,294.56,0,0.0635,313.26
2601,577,2023-07-31,1269,1,,36.28,0,0.0635,38.58
2602,577,2023-07-31,1565,1,,116.84,0,0.0635,124.26
2603,578,2023-08-01,1780,1,,456.56,0,0.06,483.95
2604,578,2023-08-01,892,1,,575.72,0,0.04,598.75
2605,578,2023-08-01,578,3,10,317.91,56.09,0.0625,337.78
2606,578,2023-08-01,536,1,,336.38,0,0.05125,353.62
2607,578,2023-08-01,1960,2,10,201.02,35.48,0.0685,214.79
2608,578,2023-08-01,331,3,10,263.8,46.56,0.0625,280.29
2609,578,2023-08-01,1009,2,10,1029.9,181.76,0.0725,1104.57
2610,579,2023-08-02,1191,2,10,429.33,75.77,0.0625,456.16
2611,579,2023-08-02,884,3,,295.86,0,0.0625,314.35
2612,579,2023-08-02,231,3,,749.54,0,0.08,809.5
2613,579,2023-08-02,242,2,10,574.47,101.37,0.065,611.81
2614,579,2023-08-02,1709,1,10,149.85,26.45,0.06,158.84
2615,579,2023-08-02,1087,3,10,310.68,54.81,0.06875,332.04
2616,579,2023-08-02,751,1,,47.45,0,0.056,50.11
2617,580,2023-08-03,1892,1,10,43.4,7.66,0.0625,46.11
2618,580,2023-08-03,821,1,10,53.34,9.41,0.06,56.54
2619,580,2023-08-03,1752,1,,714.95,0,0,714.95
2620,580,2023-08-03,134,1,10,623.16,109.95,0.0635,662.73
2621,580,2023-08-03,975,2,10,425.85,75.1,0,425.85
2622,580,2023-08-03,1978,1,10,296.37,52.3,0.056,312.97
2623,580,2023-08-03,1625,1,,551.85,0,0.0625,586.34
2624,581,2023-08-04,1884,3,,277.94,0,0.0625,295.31
2625,581,2023-08-04,1142,1,,178.84,0,0.0575,189.12
2626,581,2023-08-04,1154,3,,97.95,0,0.0575,103.58
2627,581,2023-08-04,1122,1,10,506.06,89.3,0.07,541.48
2628,581,2023-08-04,1118,1,,152.61,0,0.0575,161.39
2629,581,2023-08-04,1665,2,10,611.84,107.96,0.06,648.55
2630,581,2023-08-04,244,1,,2156.25,0,0.0625,2291.02
2631,581,2023-08-04,491,3,,364.42,0,0.0625,387.2
2632,582,2023-08-05,1943,2,10,175.9,31.03,0.06875,187.99
2633,582,2023-08-05,266,2,,817.75,0,0.08,883.17
2634,582,2023-08-05,1792,2,,1109.53,0,0.0685,1185.53
2635,582,2023-08-05,1988,3,10,672.47,118.68,0.0635,715.17
2636,582,2023-08-05,207,2,10,681.84,120.3,0.0635,725.14
2637,582,2023-08-05,385,1,10,757,133.59,0.0445,790.69
2638,582,2023-08-05,957,3,10,1402.83,247.56,0.06,1487
2639,583,2023-08-06,1890,2,,545.72,0,0.0635,580.37
2640,583,2023-08-06,1649,1,,1491.76,0,0.0725,1599.91
2641,583,2023-08-06,1861,1,,164.11,0,0.0475,171.91
2642,583,2023-08-06,628,1,,730.69,0,0.0625,776.36
2643,583,2023-08-06,1194,2,10,386.89,68.27,0.0625,411.07
2644,583,2023-08-06,909,2,10,349.66,61.69,0.0445,365.22
2645,583,2023-08-06,1889,1,,252.99,0,0.0625,268.8
2646,584,2023-08-07,1181,3,,171.69,0,0.029,176.67
2647,584,2023-08-07,520,3,10,21.7,3.83,0.0685,23.19
2648,584,2023-08-07,408,2,,93.9,0,0.0725,100.71
2649,584,2023-08-07,1168,1,,222.9,0,0.0685,238.17
2650,584,2023-08-07,1753,2,10,506.7,89.43,0.0445,529.25
2651,584,2023-08-07,1778,2,10,205.18,36.2,0.07,219.54
2652,584,2023-08-07,223,1,10,425.37,75.06,0.0475,445.58
2653,584,2023-08-07,451,1,10,133.8,23.61,0.0725,143.5
2654,585,2023-08-08,671,2,10,221.9,39.16,0.0445,231.77
2655,585,2023-08-08,1933,1,,1059.89,0,0.065,1128.78
2656,585,2023-08-08,776,2,10,83.53,14.74,0.08,90.21
2657,585,2023-08-08,1082,1,,1041.64,0,0.0635,1107.78
2658,585,2023-08-08,1631,2,,89.42,0,0.045,93.44
2659,585,2023-08-08,1756,1,,161.8,0,0.0625,171.91
2660,585,2023-08-08,256,1,,1182.5,0,0.06875,1263.8
2661,586,2023-08-09,182,2,,948.2,0,0,948.2
2662,586,2023-08-09,1246,1,10,660.79,116.63,0.0625,702.09
2663,586,2023-08-09,90,2,10,573.32,101.17,0.06,607.72
2664,586,2023-08-09,1716,1,,1459.59,0,0.065,1554.46
2665,586,2023-08-09,44,3,10,1653.77,291.85,0.0485,1733.98
2666,586,2023-08-09,845,1,,126.81,0,0.0685,135.5
2667,586,2023-08-09,1671,1,10,32.88,5.8,0.08,35.51
2668,587,2023-08-10,943,1,,478.25,0,0.0725,512.92
2669,587,2023-08-10,1795,1,,97.34,0,0.0725,104.4
2670,587,2023-08-10,258,2,10,460.95,81.34,0.0635,490.22
2671,587,2023-08-10,1689,2,10,447.63,79.01,0.0625,475.61
2672,587,2023-08-10,768,2,,75.32,0,0.0685,80.48
2673,587,2023-08-10,806,1,,91.64,0,0.0475,95.99
2674,587,2023-08-10,627,3,10,286.73,50.6,0.05125,301.42
2675,588,2023-08-11,129,2,10,81.36,14.36,0.07,87.06
2676,588,2023-08-11,308,1,,1256.56,0,0,1256.56
2677,588,2023-08-11,1354,1,,169.59,0,0.0725,181.89
2678,588,2023-08-11,7,1,,1195.16,0,0.0635,1271.05
2679,588,2023-08-11,31,3,,953.66,0,0.0625,1013.26
2680,588,2023-08-11,260,1,,825.56,0,0.065,879.22
2681,588,2023-08-11,109,1,10,909.43,160.49,0.04,945.81
2682,589,2023-08-12,417,2,,357.53,0,0.08,386.13
2683,589,2023-08-12,802,2,,394.14,0,0.07,421.73
2684,589,2023-08-12,1978,2,,133.6,0,0.056,141.08
2685,589,2023-08-12,1203,1,10,464.27,81.91,0.0625,493.29
2686,589,2023-08-12,1598,1,,1024.54,0,0.04,1065.52
2687,589,2023-08-12,1912,1,,508.54,0,0.07,544.14
2688,589,2023-08-12,916,2,,184.51,0,0.045,192.81
2689,590,2023-08-13,1278,2,10,664.42,117.23,0.08,717.57
2690,590,2023-08-13,276,3,,1079,0,0.0575,1141.04
2691,590,2023-08-13,4,1,10,565.75,99.82,0.06875,604.65
2692,590,2023-08-13,1171,3,10,280,49.42,0.0635,297.78
2693,590,2023-08-13,178,1,10,1379.3,243.42,0.065,1468.95
2694,590,2023-08-13,971,1,10,382.11,67.42,0.0445,399.11
2695,590,2023-08-13,1219,1,10,69.63,12.29,0.0625,73.98
2696,590,2023-08-13,920,1,10,658.17,116.16,0.06,697.66
2697,591,2023-08-14,1990,3,,936.12,0,0.045,978.25
2698,591,2023-08-14,534,1,,919.75,0,0.045,961.14
2699,591,2023-08-14,1346,2,10,474.55,83.73,0.06,503.02
2700,591,2023-08-14,150,1,10,1100.96,194.3,0.06,1167.02
2701,591,2023-08-14,832,1,,214.59,0,0.0625,228
2702,591,2023-08-14,301,3,,1068.91,0,0.0625,1135.72
2703,591,2023-08-14,121,2,10,1991.94,351.51,0.065,2121.42
2704,592,2023-08-15,1036,1,,531.22,0,0.08,573.72
2705,592,2023-08-15,1089,1,,152.97,0,0.06,162.15
2706,592,2023-08-15,1911,2,,245.78,0,0.0625,261.14
2707,592,2023-08-15,1895,1,,681.64,0,0.0635,724.92
2708,592,2023-08-15,1542,1,,1163.69,0,0.029,1197.44
2709,592,2023-08-15,796,1,,148.61,0,0.0625,157.9
2710,592,2023-08-15,1951,3,,163.27,0,0.0485,171.19
2711,593,2023-08-16,733,3,10,200.42,35.34,0.065,213.45
2712,593,2023-08-16,980,2,10,575.42,101.52,0.0475,602.75
2713,593,2023-08-16,400,2,10,532.53,94,0.065,567.14
2714,593,2023-08-16,19,1,,869.53,0,0.0725,932.57
2715,593,2023-08-16,1064,1,10,917.87,161.98,0.08,991.3
2716,593,2023-08-16,534,1,10,51.52,9.09,0.045,53.84
2717,593,2023-08-16,1977,3,,383.55,0,0.0625,407.52
2718,594,2023-08-17,1164,2,,759.9,0,0.0625,807.39
2719,594,2023-08-17,1395,1,,97.71,0,0.0685,104.4
2720,594,2023-08-17,244,1,,948.21,0,0.0625,1007.47
2721,594,2023-08-17,1212,3,10,346.5,61.16,0.045,362.09
2722,594,2023-08-17,117,2,,711.73,0,0.06,754.43
2723,594,2023-08-17,1446,1,,169.83,0,0.06,180.02
2724,594,2023-08-17,739,1,10,221.2,39.03,0.045,231.15
2725,595,2023-08-18,1364,1,,194.8,0,0.0625,206.98
2726,595,2023-08-18,779,2,,260.8,0,0.0575,275.8
2727,595,2023-08-18,1991,3,,570.9,0,0.04,593.74
2728,595,2023-08-18,769,2,10,319.05,56.32,0.065,339.79
2729,595,2023-08-18,112,1,10,1288.75,227.44,0.0445,1346.1
2730,595,2023-08-18,630,1,,640.32,0,0.04,665.93
2731,595,2023-08-18,1715,1,,171.48,0,0.0725,183.91
2732,596,2023-08-19,1544,1,10,619.04,109.24,0.08,668.56
2733,596,2023-08-19,829,1,,869.55,0,0.0625,923.9
2734,596,2023-08-19,451,3,,1279.54,0,0.0725,1372.31
2735,596,2023-08-19,83,1,,1209.35,0,0.0625,1284.93
2736,596,2023-08-19,1677,1,10,513.77,90.66,0.06875,549.09
2737,596,2023-08-19,977,3,10,75.94,13.4,0.0685,81.14
2738,596,2023-08-19,1353,1,,255.85,0,0.06,271.2
2739,597,2023-08-20,561,1,,666.39,0,0.0575,704.71
2740,597,2023-08-20,577,3,,52.11,0,0.0685,55.68
2741,597,2023-08-20,1791,2,,468.21,0,0.0625,497.47
2742,597,2023-08-20,1714,3,10,271.8,47.97,0.045,284.03
2743,597,2023-08-20,961,3,,780.68,0,0.0485,818.54
2744,597,2023-08-20,1799,1,10,630.98,111.36,0.05125,663.32
2745,597,2023-08-20,1153,1,10,69.1,12.2,0.06,73.25
2746,598,2023-08-21,66,1,,504.36,0,0,504.36
2747,598,2023-08-21,726,3,,248.48,0,0.05125,261.21
2748,598,2023-08-21,1518,1,,287.54,0,0.0625,305.51
2749,598,2023-08-21,1636,1,,51.06,0,0.07,54.63
2750,598,2023-08-21,1150,1,,309.15,0,0.056,326.46
2751,598,2023-08-21,1423,2,,147.21,0,0.056,155.45
2752,598,2023-08-21,741,3,,267.24,0,0.065,284.61
2753,599,2023-08-22,320,2,10,937.66,165.48,0.0725,1005.64
2754,599,2023-08-22,100,3,10,1565.79,276.32,0.06,1659.74
2755,599,2023-08-22,887,1,,863.3,0,0,863.3
2756,599,2023-08-22,638,3,,145.64,0,0.0625,154.74
2757,599,2023-08-22,250,2,,853.26,0,0.05125,896.99
2758,599,2023-08-22,1486,1,,151.08,0,0.0635,160.67
2759,599,2023-08-22,1250,1,,281.3,0,0.08,303.8
2760,600,2023-08-23,1229,2,10,75.15,13.26,0.0625,79.85
2761,600,2023-08-23,770,2,,1000.71,0,0.0635,1064.26
2762,600,2023-08-23,45,2,10,288.25,50.85,0.0625,306.27
2763,600,2023-08-23,692,1,,45.6,0,0.029,46.92
2764,600,2023-08-23,1634,2,,185.55,0,0.045,193.9
2765,600,2023-08-23,1710,2,,103.47,0,0.065,110.2
2766,601,2023-08-24,461,1,10,308.43,54.45,0.07,330.02
2767,601,2023-08-24,634,1,,1175.59,0,0.08,1269.64
2768,601,2023-08-24,1645,1,,907.62,0,0.0625,964.35
2769,601,2023-08-24,1910,1,10,1476.44,260.56,0.07,1579.79
2770,601,2023-08-24,818,2,,154.37,0,0.0475,161.7
2771,601,2023-08-24,364,1,10,963.42,170.01,0.0635,1024.6
2772,601,2023-08-24,1644,1,,580.91,0,0.0575,614.31
2773,602,2023-08-25,781,2,,458.9,0,0.0625,487.58
2774,602,2023-08-25,803,2,,33.04,0,0.0685,35.3
2775,602,2023-08-25,608,1,,198.48,0,0.0625,210.88
2776,602,2023-08-25,18,2,10,63.17,11.15,0.0685,67.5
2777,602,2023-08-25,493,3,10,168.53,29.74,0.0685,180.07
2778,602,2023-08-25,607,3,,798.3,0,0.056,843
2779,602,2023-08-25,877,1,,55.83,0,0.056,58.96
2780,603,2023-08-26,1063,3,,139.05,0,0.08,150.17
2781,603,2023-08-26,1283,1,10,293.8,51.85,0.0625,312.16
2782,603,2023-08-26,913,2,,861.26,0,0.0685,920.26
2783,603,2023-08-26,988,1,10,67.06,11.83,0.0575,70.92
2784,603,2023-08-26,1629,1,,178.37,0,0.08,192.64
2785,603,2023-08-26,1579,1,,222.03,0,0.0575,234.8
2786,603,2023-08-26,775,1,,255.91,0,0.06,271.26
2787,604,2023-08-27,325,2,,296.82,0,0.0575,313.89
2788,604,2023-08-27,1359,1,,721.32,0,0.05125,758.29
2789,604,2023-08-27,1928,1,,168.66,0,0.06875,180.26
2790,604,2023-08-27,51,1,,600.05,0,0.0475,628.55
2791,604,2023-08-27,1226,1,,222.86,0,0.0725,239.02
2792,604,2023-08-27,959,2,,356.85,0,0.0625,379.15
2793,604,2023-08-27,453,1,10,683.16,120.57,0.029,702.97
2794,604,2023-08-27,1181,1,10,924.93,163.24,0.029,951.75
2795,605,2023-08-28,730,3,,45.32,0,0.0635,48.2
2796,605,2023-08-28,1098,3,10,255.36,45.06,0.056,269.66
2797,605,2023-08-28,1560,1,,393.62,0,0,393.62
2798,605,2023-08-28,1362,2,,188.9,0,0.0635,200.9
2799,605,2023-08-28,454,1,,1432.36,0,0.08,1546.95
2800,605,2023-08-28,1021,2,10,351.19,61.98,0.0725,376.65
2801,606,2023-08-29,1118,1,10,710.8,125.42,0.0575,751.67
2802,606,2023-08-29,1821,2,,145.61,0,0.04,151.43
2803,606,2023-08-29,169,2,10,792.76,139.92,0.0685,847.06
2804,606,2023-08-29,65,1,,739.65,0,0.06,784.03
2805,606,2023-08-29,801,3,10,739.68,130.52,0.06,784.06
2806,606,2023-08-29,483,1,10,796.31,140.52,0.0635,846.88
2807,606,2023-08-29,578,3,,275.96,0,0.0625,293.21
2808,606,2023-08-29,302,1,,176.44,0,0.045,184.38
2809,607,2023-08-30,1092,1,10,259.88,45.85,0.065,276.77
2810,607,2023-08-30,1746,1,,206.32,0,0.045,215.6
2811,607,2023-08-30,955,1,,23.66,0,0.0685,25.28
2812,607,2023-08-30,1102,1,10,783.39,138.27,0.065,834.31
2813,607,2023-08-30,675,1,10,385.95,68.12,0.07,412.97
2814,607,2023-08-30,89,3,10,511.33,90.25,0.0575,540.73
2815,607,2023-08-30,1706,2,,224.22,0,0.05125,235.71
2816,607,2023-08-30,442,1,,590.53,0,0,590.53
2817,608,2023-08-31,1737,3,10,98.56,17.38,0.06875,105.34
2818,608,2023-08-31,1952,2,10,276.68,48.82,0.07,296.05
2819,608,2023-08-31,160,2,,477.56,0,0.0475,500.24
2820,608,2023-08-31,235,2,,1193.81,0,0.045,1247.53
2821,608,2023-08-31,734,1,,592.72,0,0.065,631.25
2822,608,2023-08-31,1109,1,,180.34,0,0.0635,191.79
2823,608,2023-08-31,801,2,,688.92,0,0.06,730.26
2824,609,2023-09-01,553,1,10,834.95,147.34,0.06875,892.35
2825,609,2023-09-01,578,2,,339.39,0,0.0625,360.6
2826,609,2023-09-01,1599,3,,270.2,0,0.045,282.36
2827,609,2023-09-01,1841,3,,376.35,0,0,376.35
2828,609,2023-09-01,403,2,,1250.79,0,0.0485,1311.45
2829,609,2023-09-01,495,1,,134.28,0,0.065,143.01
2830,610,2023-09-02,1131,2,,315.91,0,0.0635,335.97
2831,610,2023-09-02,1098,2,,318.22,0,0.056,336.04
2832,610,2023-09-02,1019,1,10,820.45,144.8,0.0625,871.73
2833,610,2023-09-02,1698,2,10,149.78,26.43,0.045,156.52
2834,610,2023-09-02,1240,2,10,965.87,170.41,0.0475,1011.75
2835,610,2023-09-02,453,2,,1746.73,0,0.029,1797.39
2836,611,2023-09-03,300,2,,160.69,0,0.029,165.35
2837,611,2023-09-03,443,1,,955.35,0,0.0685,1020.79
2838,611,2023-09-03,862,2,,552.39,0,0.0685,590.23
2839,611,2023-09-03,698,1,10,142.6,25.16,0.0725,152.94
2840,611,2023-09-03,1204,1,,106.5,0,0,106.5
2841,611,2023-09-03,1483,3,10,47.89,8.45,0,47.89
2842,611,2023-09-03,387,3,,1753.02,0,0.07,1875.73
2843,612,2023-09-04,1802,2,,661.73,0,0.06,701.43
2844,612,2023-09-04,181,1,,30.81,0,0.04,32.04
2845,612,2023-09-04,337,2,,1185.84,0,0.065,1262.92
2846,612,2023-09-04,1162,1,10,968.17,170.88,0.06,1026.26
2847,612,2023-09-04,424,1,,716.26,0,0.065,762.82
2848,613,2023-09-05,710,2,,162.66,0,0.045,169.98
2849,613,2023-09-05,347,3,,1235.01,0,0,1235.01
2850,613,2023-09-05,1083,1,10,168.93,29.82,0.06,179.07
2851,613,2023-09-05,992,3,10,148.3,26.17,0,148.3
2852,613,2023-09-05,230,1,,299.6,0,0.0625,318.33
2853,614,2023-09-06,1382,1,,601.45,0,0.08,649.57
2854,614,2023-09-06,671,2,,328.74,0,0.0445,343.37
2855,614,2023-09-06,1875,3,,52.76,0,0.0625,56.06
2856,614,2023-09-06,1447,2,,45.39,0,0.0625,48.23
2857,614,2023-09-06,1339,1,,40.66,0,0,40.66
2858,614,2023-09-06,419,3,,613.85,0,0.0635,652.83
2859,615,2023-09-07,998,3,,166.82,0,0.0445,174.24
2860,615,2023-09-07,248,1,10,653.79,115.37,0.0635,695.31
2861,615,2023-09-07,303,1,10,211.52,37.33,0.0725,226.86
2862,615,2023-09-07,1657,3,,1974.88,0,0.0625,2098.31
2863,615,2023-09-07,741,2,,729.33,0,0.065,776.74
2864,615,2023-09-07,1156,1,10,179.92,31.75,0.065,191.61
2865,616,2023-09-08,725,3,,454.47,0,0.04,472.65
2866,616,2023-09-08,483,1,,1147.17,0,0.0635,1220.02
2867,616,2023-09-08,1703,3,,589.47,0,0.0625,626.31
2868,616,2023-09-08,999,3,10,69.06,12.18,0.0475,72.34
2869,616,2023-09-08,1759,2,,914.16,0,0.0635,972.21
2870,616,2023-09-08,1304,3,10,89.88,15.86,0.07,96.17
2871,617,2023-09-09,62,2,10,1130.11,199.42,0.065,1203.57
2872,617,2023-09-09,956,1,,963.9,0,0.065,1026.55
2873,617,2023-09-09,1362,1,,79.03,0,0.0635,84.05
2874,617,2023-09-09,897,3,,904.42,0,0,904.42
2875,617,2023-09-09,162,1,,702.66,0,0.0445,733.93
2876,617,2023-09-09,1473,3,,156.5,0,0.06,165.89
2877,617,2023-09-09,1708,2,10,58.6,10.35,0.0685,62.61
2878,618,2023-09-10,1543,1,,625.04,0,0.0475,654.73
2879,618,2023-09-10,187,1,,1377.29,0,0.056,1454.42
2880,618,2023-09-10,1208,1,,337.91,0,0.07,361.56
2881,618,2023-09-10,592,1,,271.48,0,0.0625,288.45
2882,618,2023-09-10,1426,3,,416.33,0,0.06,441.31
2883,618,2023-09-10,615,1,,627.53,0,0.0625,666.75
2884,618,2023-09-10,1407,3,10,19.38,3.42,0.06,20.54
2885,619,2023-09-11,616,2,,872.31,0,0.0725,935.55
2886,619,2023-09-11,309,2,,1128.78,0,0,1128.78
2887,619,2023-09-11,33,3,,954.38,0,0.0625,1014.03
2888,619,2023-09-11,1842,2,,218.33,0,0.08,235.8
2889,619,2023-09-11,1804,2,,574.2,0,0.0445,599.75
2890,620,2023-09-12,686,1,,1085.08,0,0.0625,1152.9
2891,620,2023-09-12,1164,1,,954.92,0,0.0625,1014.6
2892,620,2023-09-12,661,1,,119.39,0,0.06,126.55
2893,620,2023-09-12,1593,1,,562,0,0.06,595.72
2894,620,2023-09-12,181,1,,845.91,0,0.04,879.75
2895,621,2023-09-13,1704,1,,165.38,0,0.0685,176.71
2896,621,2023-09-13,171,3,,552.25,0,0.0685,590.08
2897,621,2023-09-13,1929,3,,1381.86,0,0.0625,1468.23
2898,621,2023-09-13,1604,2,,129.08,0,0.065,137.47
2899,621,2023-09-13,1890,3,,1164.45,0,0.0635,1238.39
2900,622,2023-09-14,902,1,,291.85,0,0.065,310.82
2901,622,2023-09-14,352,1,,683.13,0,0.06875,730.1
2902,622,2023-09-14,516,1,,633.97,0,0.05125,666.46
2903,622,2023-09-14,1888,1,,89.33,0,0.0625,94.91
2904,622,2023-09-14,1055,2,,174.73,0,0.0625,185.65
2905,623,2023-09-15,629,1,,1552.93,0,0.0685,1659.31
2906,623,2023-09-15,1093,2,,211.92,0,0.06,224.64
2907,623,2023-09-15,580,1,,751.28,0,0.0625,798.23
2908,623,2023-09-15,854,2,,231.81,0,0.06,245.72
2909,623,2023-09-15,1435,3,,186.91,0,0.0635,198.78
2910,624,2023-09-16,1180,1,,35.23,0,0.05125,37.04
2911,624,2023-09-16,97,1,,796.21,0,0,796.21
2912,624,2023-09-16,1469,1,,208.66,0,0.065,222.22
2913,624,2023-09-16,595,1,,1000.13,0,0.04,1040.14
2914,624,2023-09-16,903,2,,296.27,0,0.08,319.97
2915,624,2023-09-16,1081,3,,72.17,0,0.0635,76.75
2916,625,2023-09-17,1994,3,,61.61,0,0.0485,64.6
2917,625,2023-09-17,945,1,,118.74,0,0.04,123.49
2918,625,2023-09-17,1577,1,,309.26,0,0.08,334
2919,625,2023-09-17,1731,1,,78.44,0,0.06,83.15
2920,625,2023-09-17,655,1,,153.25,0,0.0635,162.98
2921,625,2023-09-17,1843,1,,814.87,0,0.045,851.54
2922,626,2023-09-18,1624,2,,425.94,0,0.065,453.63
2923,626,2023-09-18,817,3,,735.41,0,0.06,779.53
2924,626,2023-09-18,1815,1,,167.17,0,0,167.17
2925,626,2023-09-18,919,2,,139.19,0,0.0685,148.72
2926,626,2023-09-18,1207,1,,494.38,0,0.0625,525.28
2927,627,2023-09-19,855,2,,297.99,0,0.06,315.87
2928,627,2023-09-19,1715,1,,171.71,0,0.0725,184.16
2929,627,2023-09-19,875,3,,403.35,0,0.065,429.57
2930,627,2023-09-19,827,3,,274.02,0,0.0625,291.15
2931,627,2023-09-19,184,3,,153.44,0,0.0575,162.26
2932,628,2023-09-20,1216,1,,507.62,0,0,507.62
2933,628,2023-09-20,1705,1,,209.99,0,0.0725,225.21
2934,628,2023-09-20,1866,1,,199.15,0,0.0685,212.79
2935,628,2023-09-20,1699,2,,18.78,0,0.06,19.91
2936,628,2023-09-20,1423,3,,602.97,0,0.056,636.74
2937,629,2023-09-21,954,3,,797.73,0,0.065,849.58
2938,629,2023-09-21,135,1,,258.63,0,0.0635,275.05
2939,629,2023-09-21,786,1,,894,0,0.06,947.64
2940,629,2023-09-21,5,1,,283.47,0,0.0625,301.19
2941,629,2023-09-21,859,2,,25.8,0,0.0635,27.44
2942,630,2023-09-22,429,2,,2150.75,0,0.065,2290.55
2943,630,2023-09-22,75,3,,234.26,0,0.06,248.32
2944,630,2023-09-22,648,1,,414.76,0,0.05125,436.02
2945,630,2023-09-22,1010,2,,213.05,0,0.0625,226.37
2946,630,2023-09-22,82,2,,1603.54,0,0.029,1650.04
2947,631,2023-09-23,487,1,,1411.84,0,0.065,1503.61
2948,631,2023-09-23,1237,2,,243.11,0,0.08,262.56
2949,631,2023-09-23,940,3,,341.87,0,0.0635,363.58
2950,631,2023-09-23,51,2,,1778.05,0,0.0475,1862.51
2951,631,2023-09-23,1627,3,,98.27,0,0.05125,103.31
2952,631,2023-09-23,994,1,,142.94,0,0.065,152.23
2953,632,2023-09-24,704,1,,505.55,0,0.065,538.41
2954,632,2023-09-24,1939,1,,252.62,0,0.0685,269.92
2955,632,2023-09-24,785,3,,1132.84,0,0.06875,1210.72
2956,632,2023-09-24,1653,2,,763.27,0,0.056,806.01
2957,632,2023-09-24,953,1,,309.22,0,0.065,329.32
2958,632,2023-09-24,1417,1,,201.17,0,0.08,217.26
2959,633,2023-09-25,1996,1,,104.81,0,0.065,111.62
2960,633,2023-09-25,1821,3,,391.38,0,0.04,407.04
2961,633,2023-09-25,625,1,,99.02,0,0.04,102.98
2962,633,2023-09-25,1434,1,,212.38,0,0.06,225.12
2963,633,2023-09-25,1378,2,,289.45,0,0.06,306.82
2964,634,2023-09-26,34,3,,1537.36,0,0,1537.36
2965,634,2023-09-26,808,1,,86.21,0,0,86.21
2966,634,2023-09-26,1346,1,,139.19,0,0.06,147.54
2967,634,2023-09-26,528,3,,235.59,0,0.0685,251.73
2968,634,2023-09-26,1725,3,,367.9,0,0.0685,393.1
2969,635,2023-09-27,1354,1,,117.14,0,0.0725,125.63
2970,635,2023-09-27,1421,1,,123.66,0,0.0485,129.66
2971,635,2023-09-27,1211,3,,414.28,0,0.06875,442.76
2972,635,2023-09-27,683,1,,904.75,0,0.0475,947.73
2973,635,2023-09-27,137,1,,620.41,0,0.0725,665.39
2974,636,2023-09-28,577,3,,273.52,0,0.0685,292.26
2975,636,2023-09-28,1092,1,,902.77,0,0.065,961.45
2976,636,2023-09-28,1805,2,,174.27,0,0.0625,185.16
2977,636,2023-09-28,1483,2,,316.5,0,0,316.5
2978,636,2023-09-28,736,3,,334.12,0,0.0575,353.33
2979,637,2023-09-29,35,1,,365.14,0,0.0685,390.15
2980,637,2023-09-29,1577,2,,618.4,0,0.08,667.87
2981,637,2023-09-29,366,3,,831.1,0,0.0485,871.41
2982,637,2023-09-29,1030,3,,94.9,0,0.0575,100.36
2983,637,2023-09-29,127,2,,802,0,0,802
2984,638,2023-09-30,551,1,,416.69,0,0.065,443.77
2985,638,2023-09-30,1759,3,,353.3,0,0.0635,375.73
2986,638,2023-09-30,1447,3,,323.03,0,0.0625,343.22
2987,638,2023-09-30,623,2,,336.04,0,0.0725,360.4
2988,638,2023-09-30,1680,1,,108.41,0,0.065,115.46
2989,638,2023-09-30,153,2,,501,0,0.0485,525.3
2990,639,2023-10-01,1632,1,,641.17,0,0.06875,685.25
2991,639,2023-10-01,19,3,,1114.03,0,0.0725,1194.8
2992,639,2023-10-01,538,2,,626.23,0,0.065,666.93
2993,639,2023-10-01,907,2,,202.45,0,0.0685,216.32
2994,639,2023-10-01,361,3,,1114.76,0,0.065,1187.22
2995,640,2023-10-02,238,1,,1131.66,0,0.07,1210.88
2996,640,2023-10-02,1794,3,,362.87,0,0.0685,387.73
2997,640,2023-10-02,622,1,,54.6,0,0.0725,58.56
2998,640,2023-10-02,1260,3,,116.43,0,0.0635,123.82
2999,640,2023-10-02,61,1,,355.64,0,0.0635,378.22
3000,641,2023-10-03,1400,3,,374.26,0,0.08,404.2
3001,641,2023-10-03,357,2,,1733.28,0,0.0485,1817.34
3002,641,2023-10-03,997,3,,171.3,0,0.0575,181.15
3003,641,2023-10-03,793,1,,808.8,0,0.0625,859.35
3004,641,2023-10-03,792,1,,895.38,0,0.0625,951.34
3005,642,2023-10-04,206,1,,774.54,0,0.06,821.01
3006,642,2023-10-04,985,3,,90.78,0,0.0685,97
3007,642,2023-10-04,842,1,,397.17,0,0.065,422.99
3008,642,2023-10-04,1599,1,,61.08,0,0.045,63.83
3009,642,2023-10-04,1935,2,,176.3,0,0.0575,186.44
3010,643,2023-10-05,1351,3,,383.08,0,0.06,406.06
3011,643,2023-10-05,157,1,,1390.48,0,0.06,1473.91
3012,643,2023-10-05,1610,2,,586.24,0,0.065,624.35
3013,643,2023-10-05,307,2,,845.11,0,0.07,904.27
3014,643,2023-10-05,1321,2,,236.5,0,0.029,243.36
3015,644,2023-10-06,1280,1,,83.42,0,0.0445,87.13
3016,644,2023-10-06,185,1,,1768.13,0,0.06,1874.22
3017,644,2023-10-06,1848,1,,73.85,0,0.08,79.76
3018,644,2023-10-06,828,1,,55.83,0,0.06,59.18
3019,644,2023-10-06,1898,3,,968.24,0,0.0485,1015.2
3020,645,2023-10-07,306,2,,848.8,0,0.0725,910.34
3021,645,2023-10-07,1595,3,,378.38,0,0.04,393.52
3022,645,2023-10-07,1399,3,,108.42,0,0.045,113.3
3023,645,2023-10-07,1149,1,,315.91,0,0.045,330.13
3024,645,2023-10-07,1816,3,,1596.03,0,0.0625,1695.78
3025,646,2023-10-08,101,1,,533.12,0,0.06,565.11
3026,646,2023-10-08,190,3,,372.69,0,0,372.69
3027,646,2023-10-08,1170,1,,192.59,0,0.0685,205.78
3028,646,2023-10-08,1390,3,,426.1,0,0,426.1
3029,646,2023-10-08,21,2,,1306.57,0,0.065,1391.5
3030,647,2023-10-09,1760,1,,250.17,0,0.045,261.43
3031,647,2023-10-09,1456,1,,1011.75,0,0.0445,1056.77
3032,647,2023-10-09,272,1,,1679.68,0,0,1679.68
3033,647,2023-10-09,5,1,,1312.26,0,0.0625,1394.28
3034,647,2023-10-09,710,2,,1219.43,0,0.045,1274.3
3035,648,2023-10-10,1105,2,,183.98,0,0.029,189.32
3036,648,2023-10-10,1542,2,,555.33,0,0.029,571.43
3037,648,2023-10-10,1423,1,,324.84,0,0.056,343.03
3038,648,2023-10-10,1850,1,,486.22,0,0.0685,519.53
3039,648,2023-10-10,1055,1,,591.94,0,0.0625,628.94
3040,649,2023-10-11,1744,3,,431.94,0,0.06875,461.64
3041,649,2023-10-11,287,3,,1046.17,0,0.0445,1092.72
3042,649,2023-10-11,330,2,,276.39,0,0.0575,292.28
3043,649,2023-10-11,44,3,,915.8,0,0.0485,960.22
3044,649,2023-10-11,1176,1,,121.76,0,0.08,131.5
3045,650,2023-10-12,695,2,,169.88,0,0.0445,177.44
3046,650,2023-10-12,1830,3,,1590.69,0,0.056,1679.77
3047,650,2023-10-12,87,2,,530.21,0,0.0625,563.35
3048,650,2023-10-12,1807,2,,474.28,0,0.06,502.74
3049,650,2023-10-12,1794,3,,1041.56,0,0.0685,1112.91
3050,651,2023-10-13,730,2,,59.76,0,0.0635,63.55
3051,651,2023-10-13,1780,2,,140.1,0,0.06,148.51
3052,651,2023-10-13,1220,1,,325.42,0,0.0625,345.76
3053,651,2023-10-13,1724,1,,204.93,0,0.0685,218.97
3054,651,2023-10-13,1682,1,,420.49,0,0.065,447.82
3055,652,2023-10-14,1421,1,,153.23,0,0.0485,160.66
3056,652,2023-10-14,1111,1,,460.65,0,0.0625,489.44
3057,652,2023-10-14,1671,2,,597.97,0,0.08,645.81
3058,652,2023-10-14,1015,2,,151.61,0,0.0445,158.36
3059,652,2023-10-14,1616,1,,61.83,0,0,61.83
3060,653,2023-10-15,1531,2,,424,0,0.0685,453.04
3061,653,2023-10-15,1120,1,,458.01,0,0,458.01
3062,653,2023-10-15,453,1,,896.47,0,0.029,922.47
3063,653,2023-10-15,330,3,,186.54,0,0.0575,197.27
3064,653,2023-10-15,1558,1,,529.66,0,0.06,561.44
3065,654,2023-10-16,739,3,,496.01,0,0.045,518.33
3066,654,2023-10-16,1867,2,,554.39,0,0.06875,592.5
3067,654,2023-10-16,677,1,,547.83,0,0.0635,582.62
3068,654,2023-10-16,747,2,,973.23,0,0.0575,1029.19
3069,654,2023-10-16,1829,2,,31.28,0,0.0685,33.42
3070,655,2023-10-17,1602,3,,40.65,0,0,40.65
3071,655,2023-10-17,1489,1,,665.13,0,0.0625,706.7
3072,655,2023-10-17,1272,2,,276.16,0,0.0625,293.42
3073,655,2023-10-17,63,3,,1606.38,0,0.06,1702.76
3074,655,2023-10-17,857,1,,33.88,0,0.0685,36.2
3075,656,2023-10-18,186,2,,908.81,0,0.065,967.88
3076,656,2023-10-18,1072,1,,604.86,0,0.065,644.18
3077,656,2023-10-18,1990,2,,452.31,0,0.045,472.66
3078,656,2023-10-18,973,1,,199.45,0,0.029,205.23
3079,656,2023-10-18,110,3,,495.88,0,0.06875,529.97
3080,657,2023-10-19,1559,1,,18.2,0,0.0485,19.08
3081,657,2023-10-19,17,1,,770.92,0,0.0685,823.73
3082,657,2023-10-19,1099,2,,245.48,0,0.04,255.3
3083,657,2023-10-19,1701,1,,408.42,0,0.0635,434.35
3084,657,2023-10-19,1070,3,,377.74,0,0.07,404.18
3085,658,2023-10-20,1375,1,,82.21,0,0.06,87.14
3086,658,2023-10-20,1317,3,,214.92,0,0.04,223.52
3087,658,2023-10-20,1744,1,,276.81,0,0.06875,295.84
3088,658,2023-10-20,729,3,,36.69,0,0.0575,38.8
3089,658,2023-10-20,711,3,,793.36,0,0.0635,843.74
3090,659,2023-10-21,1107,2,,1440.64,0,0.06,1527.08
3091,659,2023-10-21,450,2,,2366.21,0,0.04,2460.86
3092,659,2023-10-21,1337,2,,1219.3,0,0.065,1298.55
3093,659,2023-10-21,1379,2,,98.27,0,0.0635,104.51
3094,659,2023-10-21,757,1,,111.76,0,0.08,120.7
3095,660,2023-10-22,286,2,,583.45,0,0.0625,619.92
3096,660,2023-10-22,704,1,,403.25,0,0.065,429.46
3097,660,2023-10-22,123,3,,1695.8,0,0.04,1763.63
3098,660,2023-10-22,1167,1,,942.99,0,0.056,995.8
3099,660,2023-10-22,1654,1,,1079.15,0,0.07,1154.69
3100,661,2023-10-23,1434,1,,538.47,0,0.06,570.78
3101,661,2023-10-23,1892,2,,112.11,0,0.0625,119.12
3102,661,2023-10-23,744,2,,1762.73,0,0.0635,1874.66
3103,661,2023-10-23,4,3,,298.64,0,0.06875,319.17
3104,661,2023-10-23,1918,2,,890.26,0,0.07,952.58
3105,662,2023-10-24,1515,1,,939.92,0,0.08,1015.11
3106,662,2023-10-24,593,3,,224.17,0,0.04,233.14
3107,662,2023-10-24,1999,2,,29.84,0,0.029,30.71
3108,662,2023-10-24,1413,2,,428.39,0,0.0475,448.74
3109,662,2023-10-24,173,1,,1308.05,0,0.0625,1389.8
3110,663,2023-10-25,1783,3,,124.09,0,0.065,132.16
3111,663,2023-10-25,1111,2,,245.48,0,0.0625,260.82
3112,663,2023-10-25,1393,2,,254.54,0,0.04,264.72
3113,663,2023-10-25,80,2,,490.62,0,0,490.62
3114,663,2023-10-25,1453,1,,654.85,0,0.0685,699.71
3115,664,2023-10-26,913,3,,145.62,0,0.0685,155.59
3116,664,2023-10-26,3,2,,378.38,0,0.07,404.87
3117,664,2023-10-26,1142,2,,126.16,0,0.0575,133.41
3118,664,2023-10-26,1603,3,,530.71,0,0.045,554.59
3119,664,2023-10-26,1358,2,,282.31,0,0.06875,301.72
3120,665,2023-10-27,270,1,,1636.91,0,0.07,1751.49
3121,665,2023-10-27,1571,3,,1025.18,0,0.06,1086.69
3122,665,2023-10-27,585,1,,145.37,0,0.0685,155.33
3123,665,2023-10-27,1769,1,,250.26,0,0.06,265.28
3124,665,2023-10-27,478,3,,930.85,0,0.065,991.36
3125,666,2023-10-28,885,1,,263.46,0,0.06,279.27
3126,666,2023-10-28,462,3,,497.49,0,0.0625,528.58
3127,666,2023-10-28,1451,2,,1548.4,0,0.06,1641.3
3128,666,2023-10-28,469,1,,709.74,0,0.0685,758.36
3129,666,2023-10-28,515,1,,298.12,0,0.06,316.01
3130,667,2023-10-29,1491,2,,288.63,0,0.056,304.79
3131,667,2023-10-29,1491,3,,714.26,0,0.056,754.26
3132,667,2023-10-29,498,1,,854.79,0,0.07,914.63
3133,667,2023-10-29,380,1,,1144.8,0,0.0625,1216.35
3134,667,2023-10-29,280,2,,930.29,0,0.0575,983.78
3135,668,2023-10-30,1571,3,,757.41,0,0.06,802.85
3136,668,2023-10-30,512,1,,231.98,0,0.06,245.9
3137,668,2023-10-30,278,3,,1435.33,0,0.07,1535.8
3138,668,2023-10-30,873,1,,169.09,0,0.06,179.24
3139,668,2023-10-30,866,2,,267.04,0,0.0625,283.73
3140,669,2023-10-31,1696,1,,203.56,0,0.0625,216.28
3141,669,2023-10-31,486,1,,1014.87,0,0.0485,1064.09
3142,669,2023-10-31,769,3,,74.75,0,0.065,79.61
3143,669,2023-10-31,585,2,,309.65,0,0.0685,330.86
3144,669,2023-10-31,892,1,,346,0,0.04,359.84
3145,670,2023-11-01,1959,2,,156.84,0,0.0725,168.21
3146,670,2023-11-01,1404,1,,78.26,0,0.0685,83.62
3147,670,2023-11-01,1703,3,,367.9,0,0.0625,390.89
3148,670,2023-11-01,1015,3,,838.78,0,0.0445,876.11
3149,670,2023-11-01,691,2,,645.36,0,0.05125,678.43
3150,670,2023-11-01,34,2,,1880.9,0,0,1880.9
3151,670,2023-11-01,799,3,,733.05,0,0.065,780.7
3152,671,2023-11-02,989,2,,353.3,0,0.0635,375.73
3153,671,2023-11-02,1829,1,,88.36,0,0.0685,94.41
3154,671,2023-11-02,875,1,,22.65,0,0.065,24.12
3155,671,2023-11-02,1292,1,,284,0,0.0625,301.75
3156,671,2023-11-02,904,2,,153.23,0,0.06,162.42
3157,671,2023-11-02,488,3,,1287.39,0,0.0575,1361.41
3158,671,2023-11-02,197,1,,320.73,0,0.0625,340.78
3159,672,2023-11-03,864,1,,1541.43,0,0.04,1603.09
3160,672,2023-11-03,1523,1,,1016.61,0,0.0625,1080.15
3161,672,2023-11-03,1332,2,,530.36,0,0.0625,563.51
3162,672,2023-11-03,1385,2,,153.25,0,0.0625,162.83
3163,672,2023-11-03,1903,1,,191.64,0,0.0575,202.66
3164,672,2023-11-03,1136,2,,147.7,0,0.06,156.56
3165,672,2023-11-03,296,2,,824.22,0,0.0635,876.56
3166,673,2023-11-04,1550,1,,1127.92,0,0.06,1195.6
3167,673,2023-11-04,1327,1,,392.12,0,0.0685,418.98
3168,673,2023-11-04,78,3,,1502.86,0,0.0625,1596.79
3169,673,2023-11-04,444,3,,1204.06,0,0,1204.06
3170,673,2023-11-04,1866,2,,694.33,0,0.0685,741.89
3171,673,2023-11-04,105,2,,507.23,0,0.08,547.81
3172,673,2023-11-04,1644,3,,352.42,0,0.0575,372.68
3173,674,2023-11-05,1627,2,,1002.12,0,0.05125,1053.48
3174,674,2023-11-05,1508,3,,860.03,0,0.029,884.97
3175,674,2023-11-05,1251,3,,230.3,0,0.06,244.12
3176,674,2023-11-05,2,2,,450.11,0,0.06,477.12
3177,674,2023-11-05,1960,2,,892.17,0,0.0685,953.28
3178,674,2023-11-05,1283,1,,519.95,0,0.0625,552.45
3179,674,2023-11-05,1132,1,,161.21,0,0.08,174.11
3180,675,2023-11-06,181,3,,845.59,0,0.04,879.41
3181,675,2023-11-06,736,3,,771.92,0,0.0575,816.31
3182,675,2023-11-06,1815,2,,225.98,0,0,225.98
3183,675,2023-11-06,751,1,,505.22,0,0.056,533.51
3184,675,2023-11-06,239,1,,405.54,0,0.05125,426.32
3185,675,2023-11-06,552,2,,775.07,0,0.0635,824.29
3186,675,2023-11-06,540,2,,1269.95,0,0.0475,1330.27
3187,676,2023-11-07,520,1,,164.36,0,0.0685,175.62
3188,676,2023-11-07,1700,3,,524.38,0,0,524.38
3189,676,2023-11-07,1218,2,,156.23,0,0.0575,165.21
3190,676,2023-11-07,1845,1,,897.3,0,0.06,951.14
3191,676,2023-11-07,527,2,,1089.83,0,0.0575,1152.5
3192,676,2023-11-07,1821,2,,493.16,0,0.04,512.89
3193,676,2023-11-07,800,1,,202.1,0,0.0625,214.73
3194,677,2023-11-08,1885,2,,472.16,0,0,472.16
3195,677,2023-11-08,762,2,,186.54,0,0.07,199.6
3196,677,2023-11-08,512,1,,935.06,0,0.06,991.16
3197,677,2023-11-08,915,3,,106.82,0,0.06875,114.16
3198,677,2023-11-08,769,2,,128.48,0,0.065,136.83
3199,677,2023-11-08,1368,3,,884.12,0,0.0635,940.26
3200,677,2023-11-08,230,1,,1281.19,0,0.0625,1361.26
3201,678,2023-11-09,496,1,,715.02,0,0.0575,756.13
3202,678,2023-11-09,1699,2,,255.3,0,0.06,270.62
3203,678,2023-11-09,1662,1,,644.3,0,0.04,670.07
3204,678,2023-11-09,1506,1,,66.8,0,0.0625,70.97
3205,678,2023-11-09,1851,2,,510.47,0,0.0725,547.48
3206,678,2023-11-09,913,1,,82.06,0,0.0685,87.68
3207,678,2023-11-09,8,3,,421.86,0,0.045,440.84
3208,679,2023-11-10,175,1,,691.1,0,0.065,736.02
3209,679,2023-11-10,1059,1,,452.31,0,0.0485,474.25
3210,679,2023-11-10,722,1,,837.78,0,0.0575,885.95
3211,679,2023-11-10,1278,3,,309.26,0,0.08,334
3212,679,2023-11-10,1566,3,,38.68,0,0.0475,40.52
3213,679,2023-11-10,214,2,,902.41,0,0.0685,964.23
3214,679,2023-11-10,236,2,,780.32,0,0.06875,833.97
3215,680,2023-11-11,1364,1,,987.75,0,0.0625,1049.48
3216,680,2023-11-11,732,1,,252.22,0,0.029,259.53
3217,680,2023-11-11,622,3,,93.27,0,0.0725,100.03
3218,680,2023-11-11,932,1,,758.3,0,0.05125,797.16
3219,680,2023-11-11,160,2,,441.74,0,0.0475,462.72
3220,680,2023-11-11,1180,3,,297.98,0,0.05125,313.25
3221,680,2023-11-11,1421,3,,79.33,0,0.0485,83.18
3222,681,2023-11-12,1521,2,,737.55,0,0.06,781.8
3223,681,2023-11-12,192,1,,437.59,0,0.0725,469.32
3224,681,2023-11-12,1176,1,,716.3,0,0.08,773.6
3225,681,2023-11-12,756,2,,295.13,0,0.0485,309.44
3226,681,2023-11-12,570,2,,360,0,0,360
3227,681,2023-11-12,931,2,,248.83,0,0.065,265
3228,681,2023-11-12,1870,2,,15.53,0,0.0685,16.59
3229,682,2023-11-13,1068,2,,167.49,0,0.0475,175.45
3230,682,2023-11-13,1960,2,,299.71,0,0.0685,320.24
3231,682,2023-11-13,1762,1,,557.97,0,0.0685,596.19
3232,682,2023-11-13,1888,1,,1032.5,0,0.0625,1097.03
3233,682,2023-11-13,316,2,,682.22,0,0.0725,731.68
3234,682,2023-11-13,637,1,,584.16,0,0.065,622.13
3235,682,2023-11-13,716,1,,1016.77,0,0.029,1046.26
3236,683,2023-11-14,367,1,,2772.16,0,0.06875,2962.75
3237,683,2023-11-14,533,2,,561.55,0,0.06,595.24
3238,683,2023-11-14,1824,2,,170.14,0,0.08,183.75
3239,683,2023-11-14,844,3,,630.83,0,0.0485,661.43
3240,683,2023-11-14,1023,2,,388.36,0,0.08,419.43
3241,683,2023-11-14,1011,1,,80.56,0,0.0625,85.6
3242,683,2023-11-14,960,1,,733.14,0,0.0685,783.36
3243,684,2023-11-15,1926,2,,90.82,0,0.0575,96.04
3244,684,2023-11-15,1970,3,,697.76,0,0.045,729.16
3245,684,2023-11-15,1940,1,,541.58,0,0.06,574.07
3246,684,2023-11-15,1957,2,,86.08,0,0.029,88.58
3247,684,2023-11-15,599,1,,146.76,0,0.0725,157.4
3248,684,2023-11-15,879,1,,389.81,0,0.0635,414.56
3249,684,2023-11-15,1004,1,,162.74,0,0.0445,169.98
3250,685,2023-11-16,1955,1,,114.66,0,0.0575,121.25
3251,685,2023-11-16,1906,1,,434.04,0,0,434.04
3252,685,2023-11-16,1356,2,,121.08,0,0.06875,129.4
3253,685,2023-11-16,344,2,,2071.07,0,0.07,2216.04
3254,685,2023-11-16,1189,2,,254.25,0,0.0485,266.58
3255,685,2023-11-16,278,2,,337.21,0,0.07,360.81
3256,685,2023-11-16,852,1,,132.06,0,0.08,142.62
3257,686,2023-11-17,957,3,,420.3,0,0.06,445.52
3258,686,2023-11-17,54,2,,435.21,0,0.0485,456.32
3259,686,2023-11-17,1915,1,,496.04,0,0.029,510.43
3260,686,2023-11-17,1710,1,,432.59,0,0.065,460.71
3261,686,2023-11-17,553,1,,521.72,0,0.06875,557.59
3262,686,2023-11-17,1923,2,,138.3,0,0,138.3
3263,686,2023-11-17,1631,3,,262.36,0,0.045,274.17
3264,687,2023-11-18,1432,2,,838.87,0,0.07,897.59
3265,687,2023-11-18,136,2,,551.86,0,0.065,587.73
3266,687,2023-11-18,921,1,,1187.02,0,0.029,1221.44
3267,687,2023-11-18,1376,1,,671.64,0,0.0725,720.33
3268,687,2023-11-18,653,3,,373.35,0,0.045,390.15
3269,687,2023-11-18,1566,1,,128.38,0,0.0475,134.48
3270,687,2023-11-18,1285,2,,503,0,0.0625,534.44
3271,688,2023-11-19,280,1,,544.31,0,0.0575,575.61
3272,688,2023-11-19,498,1,,1035.22,0,0.07,1107.69
3273,688,2023-11-19,872,3,,90.2,0,0.0685,96.38
3274,688,2023-11-19,201,1,,819.49,0,0.0485,859.24
3275,688,2023-11-19,1733,3,,382.12,0,0,382.12
3276,688,2023-11-19,71,2,,376.41,0,0.0685,402.19
3277,688,2023-11-19,1913,1,,189.2,0,0.0485,198.38
3278,689,2023-11-20,932,2,,346.48,0,0.05125,364.24
3279,689,2023-11-20,1043,3,,188.05,0,0.0625,199.8
3280,689,2023-11-20,1150,2,,895.99,0,0.056,946.17
3281,689,2023-11-20,1960,2,,1087.23,0,0.0685,1161.71
3282,689,2023-11-20,884,1,,570.9,0,0.0625,606.58
3283,689,2023-11-20,1672,2,,34.46,0,0.06875,36.83
3284,689,2023-11-20,782,2,,49.46,0,0.0445,51.66
3285,690,2023-11-21,1011,2,,55.83,0,0.0625,59.32
3286,690,2023-11-21,869,2,,204.44,0,0.0685,218.44
3287,690,2023-11-21,696,2,,747.42,0,0.045,781.05
3288,690,2023-11-21,912,2,,395.15,0,0.0625,419.85
3289,690,2023-11-21,279,3,,693.23,0,0.0625,736.56
3290,690,2023-11-21,1708,1,,817.9,0,0.0685,873.93
3291,690,2023-11-21,841,3,,243.63,0,0.06,258.25
3292,691,2023-11-22,1006,3,,393.97,0,0.06875,421.06
3293,691,2023-11-22,1343,2,,145.62,0,0,145.62
3294,691,2023-11-22,1168,1,,22.55,0,0.0685,24.09
3295,691,2023-11-22,1074,1,,298.9,0,0.06,316.83
3296,691,2023-11-22,1883,1,,81.07,0,0.065,86.34
3297,691,2023-11-22,988,3,,387.26,0,0.0575,409.53
3298,691,2023-11-22,149,3,,1313.58,0,0.0625,1395.68
3299,692,2023-11-23,284,2,,1032.25,0,0.06,1094.18
3300,692,2023-11-23,901,1,,864.07,0,0.06,915.91
3301,692,2023-11-23,1556,3,,66.45,0,0.06875,71.02
3302,692,2023-11-23,550,1,,186.44,0,0.0625,198.09
3303,692,2023-11-23,1180,1,,232.67,0,0.05125,244.59
3304,692,2023-11-23,1064,3,,903.49,0,0.08,975.77
3305,692,2023-11-23,1565,2,,459.42,0,0.0635,488.59
3306,693,2023-11-24,1920,2,11,272.56,105.98,0.0475,285.51
3307,693,2023-11-24,411,2,11,748.82,291.2,0.0725,803.11
3308,693,2023-11-24,755,1,,193.4,0,0.06,205
3309,693,2023-11-24,811,2,,119.51,0,0.0625,126.98
3310,693,2023-11-24,1645,1,,1418.86,0,0.0625,1507.54
3311,693,2023-11-24,575,1,,531.18,0,0.06,563.05
3312,693,2023-11-24,181,1,11,121.44,47.22,0.04,126.3
3313,693,2023-11-24,1009,3,,513.67,0,0.0725,550.91
3314,694,2023-11-25,519,1,,1053.97,0,0.0725,1130.38
3315,694,2023-11-25,598,3,,80.44,0,0.0625,85.47
3316,694,2023-11-25,1950,1,,577.38,0,0.07,617.8
3317,694,2023-11-25,465,2,11,282.94,110.04,0.0725,303.45
3318,694,2023-11-25,1471,1,11,342.38,133.15,0.06875,365.92
3319,694,2023-11-25,425,1,11,864.39,336.18,0.0625,918.41
3320,694,2023-11-25,1755,2,11,80.18,31.19,0.04,83.39
3321,694,2023-11-25,1242,1,11,346.42,134.72,0.06,367.21
3322,694,2023-11-25,787,2,11,12.41,4.82,0.0625,13.19
3323,695,2023-11-26,1844,1,,138.52,0,0.045,144.75
3324,695,2023-11-26,1387,3,,849.54,0,0.05125,893.08
3325,695,2023-11-26,227,2,,264.12,0,0.06875,282.28
3326,695,2023-11-26,531,2,,709.24,0,0.07,758.89
3327,695,2023-11-26,310,3,11,241.42,93.91,0.029,248.42
3328,695,2023-11-26,1685,1,11,710.91,276.47,0.065,757.12
3329,695,2023-11-26,1990,1,,58.78,0,0.045,61.43
3330,695,2023-11-26,1184,3,11,220.68,85.82,0.045,230.61
3331,695,2023-11-26,1028,1,11,774.61,301.23,0.04,805.59
3332,696,2023-11-27,1016,1,,265.11,0,0.065,282.34
3333,696,2023-11-27,199,3,11,601.17,233.8,0,601.17
3334,696,2023-11-27,1878,2,,544.88,0,0.06875,582.34
3335,696,2023-11-27,1882,1,,216.15,0,0.065,230.2
3336,696,2023-11-27,1960,1,,380.28,0,0.0685,406.33
3337,696,2023-11-27,1429,2,,684.47,0,0.0635,727.93
3338,696,2023-11-27,1539,2,,254.54,0,0.06,269.81
3339,696,2023-11-27,545,3,11,63.99,24.88,0.065,68.15
3340,696,2023-11-27,1492,3,11,19.68,7.65,0.0625,20.91
3341,697,2023-11-28,1784,1,,168.33,0,0.0475,176.33
3342,697,2023-11-28,263,2,,837.85,0,0.06875,895.45
3343,697,2023-11-28,1997,3,,405.83,0,0.0475,425.11
3344,697,2023-11-28,726,2,,273.49,0,0.05125,287.51
3345,697,2023-11-28,1769,1,,364.25,0,0.06,386.11
3346,697,2023-11-28,1782,2,,57.66,0,0.06,61.12
3347,697,2023-11-28,479,3,,672.45,0,0.0625,714.48
3348,698,2023-11-29,1634,1,,350.87,0,0.045,366.66
3349,698,2023-11-29,356,3,,431.94,0,0.05125,454.08
3350,698,2023-11-29,647,3,,173.22,0,0.045,181.01
3351,698,2023-11-29,1314,2,,573.79,0,0.0635,610.23
3352,698,2023-11-29,1075,1,,727.94,0,0.0625,773.44
3353,698,2023-11-29,1032,3,,603.15,0,0.045,630.29
3354,698,2023-11-29,1515,2,,499.9,0,0.08,539.89
3355,699,2023-11-30,85,2,,192.67,0,0.0625,204.71
3356,699,2023-11-30,1455,1,,267.99,0,0.06,284.07
3357,699,2023-11-30,1911,2,,481.23,0,0.0625,511.31
3358,699,2023-11-30,219,2,,751.52,0,0.0575,794.73
3359,699,2023-11-30,879,2,,413.46,0,0.0635,439.71
3360,699,2023-11-30,504,1,,503.94,0,0,503.94
3361,699,2023-11-30,457,3,,1577.82,0,0.08,1704.05
3362,700,2023-12-01,853,1,,506.8,0,0.06,537.21
3363,700,2023-12-01,1339,1,,859.38,0,0,859.38
3364,700,2023-12-01,311,1,,1149.64,0,0.06,1218.62
3365,700,2023-12-01,20,1,,465.4,0,0.0625,494.49
3366,700,2023-12-01,210,1,,287.54,0,0.0635,305.8
3367,700,2023-12-01,919,3,,1009.7,0,0.0685,1078.86
3368,700,2023-12-01,1674,1,,83.39,0,0.06,88.39
3369,700,2023-12-01,1617,1,,169.02,0,0,169.02
3370,701,2023-12-02,1470,3,,139.98,0,0.0445,146.21
3371,701,2023-12-02,766,2,,262.52,0,0.0685,280.5
3372,701,2023-12-02,1592,3,,298.9,0,0.06875,319.45
3373,701,2023-12-02,1857,2,,215.29,0,0.0685,230.04
3374,701,2023-12-02,1730,1,,421.17,0,0,421.17
3375,701,2023-12-02,592,3,,216.84,0,0.0625,230.39
3376,701,2023-12-02,510,2,,645.66,0,0.06,684.4
3377,701,2023-12-02,813,1,,370.02,0,0.06,392.22
3378,701,2023-12-02,1599,1,,329.16,0,0.045,343.97
3379,702,2023-12-03,138,2,,724.9,0,0.065,772.02
3380,702,2023-12-03,1575,1,,991.02,0,0.06,1050.48
3381,702,2023-12-03,388,3,,1305.22,0,0.08,1409.64
3382,702,2023-12-03,976,1,,213.56,0,0,213.56
3383,702,2023-12-03,345,2,,784.9,0,0.06875,838.86
3384,702,2023-12-03,1968,3,,264.66,0,0.056,279.48
3385,702,2023-12-03,1184,1,,109.81,0,0.045,114.75
3386,702,2023-12-03,1229,1,,35.23,0,0.0625,37.43
3387,702,2023-12-03,763,2,,355.12,0,0.07,379.98
3388,703,2023-12-04,1425,3,,403.69,0,0.0685,431.34
3389,703,2023-12-04,975,3,,950.49,0,0,950.49
3390,703,2023-12-04,766,1,,718.41,0,0.0685,767.62
3391,703,2023-12-04,1982,3,,138.99,0,0.0625,147.68
3392,703,2023-12-04,1358,1,,683.45,0,0.06875,730.44
3393,703,2023-12-04,1650,2,,514.07,0,0,514.07
3394,703,2023-12-04,1714,2,,563.53,0,0.045,588.89
3395,703,2023-12-04,1232,3,,129.65,0,0.05125,136.29
3396,704,2023-12-05,1284,3,,365.28,0,0.08,394.5
3397,704,2023-12-05,1582,2,,446.76,0,0.0475,467.98
3398,704,2023-12-05,816,3,,76.61,0,0.08,82.74
3399,704,2023-12-05,1979,1,,441.91,0,0,441.91
3400,704,2023-12-05,628,3,,532.62,0,0.0625,565.91
3401,704,2023-12-05,1744,2,,245.33,0,0.06875,262.2
3402,704,2023-12-05,409,3,,2203.23,0,0.07,2357.46
3403,704,2023-12-05,1312,1,,45.39,0,0.065,48.34
3404,705,2023-12-06,1267,1,,23.93,0,0,23.93
3405,705,2023-12-06,1897,2,,237.09,0,0,237.09
3406,705,2023-12-06,16,3,,1234.2,0,0.0445,1289.12
3407,705,2023-12-06,398,2,,627.51,0,0.06875,670.65
3408,705,2023-12-06,1149,3,,120.47,0,0.045,125.89
3409,705,2023-12-06,1879,1,,989.73,0,0.065,1054.06
3410,705,2023-12-06,302,1,,196.54,0,0.045,205.38
3411,705,2023-12-06,482,1,,69.15,0,0.0475,72.43
3412,706,2023-12-07,881,3,,501.97,0,0.06,532.09
3413,706,2023-12-07,1592,3,,515.86,0,0.06875,551.33
3414,706,2023-12-07,1284,3,,436.43,0,0.08,471.34
3415,706,2023-12-07,51,2,,1084.87,0,0.0475,1136.4
3416,706,2023-12-07,1933,3,,224.94,0,0.065,239.56
3417,706,2023-12-07,1566,3,,343.37,0,0.0475,359.68
3418,706,2023-12-07,1750,1,,44.38,0,0.0475,46.49
3419,706,2023-12-07,288,1,,810.92,0,0.08,875.79
3420,707,2023-12-08,1605,2,,309.38,0,0.045,323.3
3421,707,2023-12-08,1237,2,,94.61,0,0.08,102.18
3422,707,2023-12-08,1808,2,,182.64,0,0.065,194.51
3423,707,2023-12-08,1777,2,,582.56,0,0.045,608.78
3424,707,2023-12-08,1250,3,,504.36,0,0.08,544.71
3425,707,2023-12-08,957,1,,213.27,0,0.06,226.07
3426,707,2023-12-08,724,1,,385.96,0,0.05125,405.74
3427,707,2023-12-08,1410,2,,43.21,0,0.06,45.8
3428,708,2023-12-09,1730,1,,320.43,0,0,320.43
3429,708,2023-12-09,1393,2,,447.46,0,0.04,465.36
3430,708,2023-12-09,1046,1,,7.88,0,0.04,8.2
3431,708,2023-12-09,1301,2,,132.06,0,0.08,142.62
3432,708,2023-12-09,974,1,,22.65,0,0.0685,24.2
3433,708,2023-12-09,1891,3,,595.88,0,0.056,629.25
3434,708,2023-12-09,1806,2,,298.92,0,0.056,315.66
3435,708,2023-12-09,658,1,,52.76,0,0.0635,56.11
3436,708,2023-12-09,575,2,,251.19,0,0.06,266.26
3437,709,2023-12-10,1388,2,,52.47,0,0.07,56.14
3438,709,2023-12-10,1897,1,,1994.2,0,0,1994.2
3439,709,2023-12-10,1415,2,,64.68,0,0.045,67.59
3440,709,2023-12-10,1674,1,,56.34,0,0.06,59.72
3441,709,2023-12-10,975,2,,433.23,0,0,433.23
3442,709,2023-12-10,1882,1,,177.41,0,0.065,188.94
3443,709,2023-12-10,627,2,,144.34,0,0.05125,151.74
3444,709,2023-12-10,849,1,,147.25,0,0.0575,155.72
3445,709,2023-12-10,128,1,,1069.41,0,0.0725,1146.94
3446,710,2023-12-11,1562,2,,302.44,0,0.0575,319.83
3447,710,2023-12-11,913,3,,380.6,0,0.0685,406.67
3448,710,2023-12-11,1406,1,,1126.19,0,0.0625,1196.58
3449,710,2023-12-11,864,1,,152.61,0,0.04,158.71
3450,710,2023-12-11,1163,1,,152.14,0,0.06875,162.6
3451,710,2023-12-11,1472,1,,373.08,0,0.07,399.2
3452,710,2023-12-11,1502,2,,516.7,0,0.065,550.29
3453,710,2023-12-11,1525,2,,1324.16,0,0.04,1377.13
3454,711,2023-12-12,1402,3,,147.59,0,0.0685,157.7
3455,711,2023-12-12,995,2,,248.71,0,0.0575,263.01
3456,711,2023-12-12,1648,1,,21.06,0,0.0485,22.08
3457,711,2023-12-12,1619,3,,765.81,0,0.0575,809.84
3458,711,2023-12-12,767,1,,22.65,0,0.08,24.46
3459,711,2023-12-12,1707,2,,358.1,0,0.0685,382.63
3460,711,2023-12-12,336,1,,1424.63,0,0.07,1524.35
3461,711,2023-12-12,1476,3,,291.28,0,0.08,314.58
3462,712,2023-12-13,402,3,,360.31,0,0,360.31
3463,712,2023-12-13,1763,2,,44.71,0,0.0575,47.28
3464,712,2023-12-13,1735,1,,637.1,0,0.0725,683.29
3465,712,2023-12-13,285,1,,910.07,0,0.07,973.77
3466,712,2023-12-13,730,1,,366.84,0,0.0635,390.13
3467,712,2023-12-13,1132,1,,272.72,0,0.08,294.54
3468,712,2023-12-13,557,1,,643.38,0,0.08,694.85
3469,712,2023-12-13,133,2,,544.69,0,0,544.69
3470,713,2023-12-14,1650,1,,1124.41,0,0,1124.41
3471,713,2023-12-14,121,3,,121.5,0,0.065,129.4
3472,713,2023-12-14,1843,1,,322.5,0,0.045,337.01
3473,713,2023-12-14,1796,3,,173.84,0,0.065,185.14
3474,713,2023-12-14,53,3,,1695.46,0,0.06,1797.19
3475,713,2023-12-14,969,1,12,189.94,53.58,0.065,202.29
3476,713,2023-12-14,256,1,,1069.85,0,0.06875,1143.4
3477,713,2023-12-14,1924,1,,491.35,0,0.0625,522.06
3478,713,2023-12-14,456,1,,707.96,0,0.0725,759.29
3479,714,2023-12-15,114,2,12,1146.74,323.46,0.05125,1205.51
3480,714,2023-12-15,1105,1,12,508.35,143.38,0.029,523.09
3481,714,2023-12-15,490,3,,153.08,0,0.0575,161.88
3482,714,2023-12-15,407,3,12,1328.82,374.77,0.0625,1411.87
3483,714,2023-12-15,1006,1,,1103.14,0,0.06875,1178.98
3484,714,2023-12-15,1138,2,,567.23,0,0.07,606.94
3485,714,2023-12-15,1897,2,,174.89,0,0,174.89
3486,714,2023-12-15,18,3,12,289.44,81.66,0.0685,309.27
3487,714,2023-12-15,750,1,,649.49,0,0.0445,678.39
3488,715,2023-12-16,1258,3,,216.84,0,0.0635,230.61
3489,715,2023-12-16,1879,1,12,251.23,70.87,0.065,267.56
3490,715,2023-12-16,279,1,,214.47,0,0.0625,227.87
3491,715,2023-12-16,793,1,,55.83,0,0.0625,59.32
3492,715,2023-12-16,592,1,,372.82,0,0.0625,396.12
3493,715,2023-12-16,499,2,,390.88,0,0.0725,419.22
3494,715,2023-12-16,565,2,,1217.35,0,0.045,1272.13
3495,715,2023-12-16,1989,3,,245.76,0,0.0625,261.12
3496,715,2023-12-16,481,1,,756.85,0,0.0445,790.53
3497,715,2023-12-16,872,1,,85.71,0,0.0685,91.58
3498,716,2023-12-17,1598,1,12,270.72,76.34,0.04,281.55
3499,716,2023-12-17,1983,1,12,435.78,122.91,0.0625,463.02
3500,716,2023-12-17,432,2,12,1085.94,306.32,0.0575,1148.38
3501,716,2023-12-17,423,1,,1087.58,0,0.0635,1156.64
3502,716,2023-12-17,1207,2,,156.23,0,0.0625,165.99
3503,716,2023-12-17,959,3,,238.42,0,0.0625,253.32
3504,716,2023-12-17,1671,1,,891.95,0,0.08,963.31
3505,716,2023-12-17,1616,1,12,15.54,4.38,0,15.54
3506,716,2023-12-17,757,1,12,1121.17,316.23,0.08,1210.86
3507,716,2023-12-17,334,1,12,379.2,106.98,0.0575,401
3508,717,2023-12-18,1083,3,12,115.51,32.59,0.06,122.44
3509,717,2023-12-18,1498,2,,18.93,0,0.0685,20.23
3510,717,2023-12-18,1852,2,12,135.81,38.3,0.065,144.64
3511,717,2023-12-18,1742,2,12,39.28,11.08,0.045,41.05
3512,717,2023-12-18,51,3,12,465.86,131.4,0.0475,487.99
3513,717,2023-12-18,214,1,,1478.95,0,0.0685,1580.26
3514,717,2023-12-18,420,3,,1574.02,0,0,1574.02
3515,717,2023-12-18,482,3,,699.39,0,0.0475,732.61
3516,717,2023-12-18,1943,3,12,160.27,45.19,0.06875,171.29
3517,717,2023-12-18,819,2,,198.67,0,0.0725,213.07
3518,718,2023-12-19,1103,3,12,29.73,8.38,0.06,31.51
3519,718,2023-12-19,23,2,,1483.89,0,0.06,1572.92
3520,718,2023-12-19,1414,2,,137.56,0,0.0485,144.23
3521,718,2023-12-19,660,1,,184.88,0,0.0725,198.28
3522,718,2023-12-19,731,2,12,204.48,57.68,0.06,216.75
3523,718,2023-12-19,468,3,12,134.8,38.04,0.0445,140.8
3524,718,2023-12-19,1696,2,,370.39,0,0.0625,393.54
3525,718,2023-12-19,1066,1,,138.97,0,0.08,150.09
3526,718,2023-12-19,1979,3,,1081.4,0,0,1081.4
3527,719,2023-12-20,184,3,12,87.17,24.59,0.0575,92.18
3528,719,2023-12-20,1401,1,,261.86,0,0.08,282.81
3529,719,2023-12-20,1726,2,12,557.67,157.32,0.0685,595.87
3530,719,2023-12-20,410,3,,453.95,0,0.0635,482.78
3531,719,2023-12-20,1940,1,,1229.18,0,0.06,1302.93
3532,719,2023-12-20,50,1,12,238.26,67.2,0.07,254.94
3533,719,2023-12-20,235,3,,1644.82,0,0.045,1718.84
3534,719,2023-12-20,1359,1,,1043.91,0,0.05125,1097.41
3535,719,2023-12-20,506,2,12,48.23,13.6,0.0575,51
3536,720,2023-12-21,761,1,,61.08,0,0.08,65.97
3537,720,2023-12-21,1783,2,,164.11,0,0.065,174.78
3538,720,2023-12-21,1225,1,,438.53,0,0.065,467.03
3539,720,2023-12-21,232,2,,842.09,0,0.0725,903.14
3540,720,2023-12-21,176,3,12,942.18,265.77,0.045,984.58
3541,720,2023-12-21,938,1,12,229.16,64.64,0.05125,240.9
3542,720,2023-12-21,1837,2,,223.52,0,0.0475,234.14
3543,720,2023-12-21,1979,1,,210.27,0,0,210.27
3544,720,2023-12-21,813,2,,192.48,0,0.06,204.03
3545,720,2023-12-21,762,2,12,68.96,19.45,0.07,73.79
3546,721,2023-12-22,1651,2,12,118.26,33.35,0.065,125.95
3547,721,2023-12-22,296,1,12,164.04,46.28,0.0635,174.46
3548,721,2023-12-22,144,3,12,22.97,6.48,0.06875,24.55
3549,721,2023-12-22,714,3,,259.67,0,0.0475,272
3550,721,2023-12-22,1663,1,,902.1,0,0.0625,958.48
3551,721,2023-12-22,442,2,,211.36,0,0,211.36
3552,721,2023-12-22,869,1,,147.25,0,0.0685,157.34
3553,721,2023-12-22,222,2,,387.7,0,0.0625,411.93
3554,721,2023-12-22,1027,1,,349.05,0,0.07,373.48
3555,721,2023-12-22,1906,1,,1401.01,0,0,1401.01
3556,722,2023-12-23,631,2,,766.48,0,0.045,800.97
3557,722,2023-12-23,1234,3,,252.58,0,0.07,270.26
3558,722,2023-12-23,628,1,,183.95,0,0.0625,195.45
3559,722,2023-12-23,924,1,,430.84,0,0.0575,455.61
3560,722,2023-12-23,1505,1,,461.57,0,0.045,482.34
3561,722,2023-12-23,674,2,,81.92,0,0.065,87.24
3562,722,2023-12-23,582,3,,20.68,0,0.07,22.13
3563,722,2023-12-23,1757,1,,604.07,0,0.08,652.4
3564,722,2023-12-23,1622,1,,310.79,0,0.0725,333.32
3565,722,2023-12-23,1581,3,,51.06,0,0.065,54.38
3566,722,2023-12-23,865,1,12,320.29,90.34,0,320.29
3567,723,2023-12-24,744,1,,1183.99,0,0.0635,1259.17
3568,723,2023-12-24,115,1,,771.67,0,0.065,821.83
3569,723,2023-12-24,966,3,12,62.74,17.69,0.06,66.5
3570,723,2023-12-24,1518,3,,803.85,0,0.0625,854.09
3571,723,2023-12-24,288,1,,861.29,0,0.08,930.19
3572,723,2023-12-24,1153,2,,1128.12,0,0.06,1195.81
3573,723,2023-12-24,1331,2,,163.97,0,0.05125,172.37
3574,723,2023-12-24,544,2,,118.71,0,0.045,124.05
3575,723,2023-12-24,777,2,12,203.4,57.36,0.06,215.6
3576,723,2023-12-24,1288,1,12,542.37,152.97,0.04,564.06
3577,724,2023-12-25,701,1,12,137.51,38.79,0.0625,146.1
3578,724,2023-12-25,1555,2,,818.62,0,0.065,871.83
3579,724,2023-12-25,608,1,12,65.07,18.35,0.0625,69.14
3580,724,2023-12-25,107,1,,1078.92,0,0,1078.92
3581,724,2023-12-25,1098,2,12,217.01,61.2,0.056,229.16
3582,724,2023-12-25,444,1,12,198.57,56.05,0,198.57
3583,724,2023-12-25,788,2,,40.62,0,0.065,43.26
3584,724,2023-12-25,604,1,,157.29,0,0.0635,167.28
3585,724,2023-12-25,132,3,,1211.31,0,0.0625,1287.02
3586,724,2023-12-25,174,1,12,297.33,83.85,0.0485,311.75
3587,725,2023-12-26,1617,3,,78.38,0,0,78.38
3588,725,2023-12-26,318,1,12,672.62,189.68,0.0445,702.55
3589,725,2023-12-26,477,2,,1199.91,0,0.029,1234.71
3590,725,2023-12-26,1077,2,12,219.4,61.88,0.08,236.95
3591,725,2023-12-26,1419,3,12,341.49,96.29,0.0625,362.83
3592,725,2023-12-26,143,2,12,699.52,197.3,0.0625,743.24
3593,725,2023-12-26,1559,3,12,241.82,68.21,0.0485,253.55
3594,725,2023-12-26,463,2,12,1031.35,290.91,0.065,1098.39
3595,725,2023-12-26,1798,1,,525.41,0,0.08,567.44
3596,726,2023-12-27,1559,3,,518.71,0,0.0485,543.87
3597,726,2023-12-27,805,3,,81.32,0,0.07,87.01
3598,726,2023-12-27,626,1,,56.83,0,0,56.83
3599,726,2023-12-27,936,1,,281.34,0,0.0475,294.7
3600,726,2023-12-27,1841,2,,436.83,0,0,436.83
3601,726,2023-12-27,161,1,,480.29,0,0.06,509.11
3602,726,2023-12-27,766,1,,1669.21,0,0.0685,1783.55
3603,726,2023-12-27,1051,3,,481.13,0,0.0725,516.01
3604,727,2023-12-28,260,1,,543.99,0,0.065,579.35
3605,727,2023-12-28,678,1,,647.09,0,0.065,689.15
3606,727,2023-12-28,900,3,,548.67,0,0.07,587.08
3607,727,2023-12-28,1545,1,,51.6,0,0.065,54.95
3608,727,2023-12-28,1570,1,,482.65,0,0.065,514.02
3609,727,2023-12-28,1282,3,,387.05,0,0.029,398.27
3610,727,2023-12-28,477,2,,67.95,0,0.029,69.92
3611,727,2023-12-28,1106,1,,940.6,0,0.0685,1005.03
3612,728,2023-12-29,807,1,,198.78,0,0.0685,212.4
3613,728,2023-12-29,1551,1,,54.66,0,0.08,59.03
3614,728,2023-12-29,442,2,,1392.09,0,0,1392.09
3615,728,2023-12-29,1177,2,,333.72,0,0.0625,354.58
3616,728,2023-12-29,963,1,,163.84,0,0.07,175.31
3617,728,2023-12-29,578,3,,577.43,0,0.0625,613.52
3618,728,2023-12-29,1626,2,,224.1,0,0.0445,234.07
3619,728,2023-12-29,162,3,,1307.16,0,0.0445,1365.33
3620,729,2023-12-30,39,1,,1604.83,0,0.08,1733.22
3621,729,2023-12-30,941,1,,222.45,0,0.0625,236.35
3622,729,2023-12-30,592,1,,1037.53,0,0.0625,1102.38
3623,729,2023-12-30,1025,2,,221.01,0,0.0625,234.82
3624,729,2023-12-30,1954,2,,142.7,0,0.0485,149.62
3625,729,2023-12-30,1030,2,,597.36,0,0.0575,631.71
3626,729,2023-12-30,285,1,,927.9,0,0.07,992.85
3627,729,2023-12-30,1442,3,,223.88,0,0.0685,239.22
3628,729,2023-12-30,1182,1,,335.61,0,0,335.61
3629,730,2023-12-31,476,3,,1251.05,0,0.0635,1330.49
3630,730,2023-12-31,874,1,,426.42,0,0.08,460.53
3631,730,2023-12-31,568,2,,404.85,0,0.0445,422.87
3632,730,2023-12-31,831,1,,802.85,0,0.06875,858.05
3633,730,2023-12-31,468,3,,1908.4,0,0.0445,1993.32
3634,730,2023-12-31,332,3,,401.43,0,0.0575,424.51
3635,730,2023-12-31,652,1,,656.79,0,0.0625,697.84
3636,730,2023-12-31,1846,1,,17.23,0,0.0685,18.41
3637,730,2023-12-31,791,2,,407.42,0,0.0625,432.88
3638,731,2024-01-01,1902,2,,434.58,0,0.0685,464.35
3639,731,2024-01-01,967,1,,145.03,0,0.06875,155
3640,731,2024-01-01,1987,1,,1045.89,0,0.06875,1117.79
3641,731,2024-01-01,831,2,,92.44,0,0.06875,98.8
3642,732,2024-01-02,1773,2,13,867.03,96.32,0.065,923.39
3643,732,2024-01-02,1637,1,,360.77,0,0.0625,383.32
3644,732,2024-01-02,52,2,,1031.24,0,0.06,1093.11
3645,732,2024-01-02,1720,2,,1171,0,0.06,1241.26
3646,732,2024-01-02,1644,3,,351.56,0,0.0575,371.77
3647,733,2024-01-03,1308,1,,72.17,0,0.06,76.5
3648,733,2024-01-03,38,2,,1306.49,0,0.0625,1388.15
3649,733,2024-01-03,88,1,13,978.95,108.78,0.0725,1049.92
3650,733,2024-01-03,1410,2,13,322.14,35.79,0.06,341.47
3651,733,2024-01-03,1149,3,13,132.83,14.76,0.045,138.81
3652,734,2024-01-04,549,2,,408.73,0,0.08,441.43
3653,734,2024-01-04,1364,1,,72.82,0,0.0625,77.37
3654,734,2024-01-04,731,1,13,456.25,50.7,0.06,483.63
3655,734,2024-01-04,1027,2,,602.46,0,0.07,644.63
3656,734,2024-01-04,1820,1,,141.2,0,0.0725,151.44
3657,735,2024-01-05,977,3,,259.34,0,0.0685,277.1
3658,735,2024-01-05,282,1,,321.56,0,0.065,342.46
3659,735,2024-01-05,852,2,,107.11,0,0.08,115.68
3660,735,2024-01-05,1644,3,,344.04,0,0.0575,363.82
3661,735,2024-01-05,1207,2,,138.88,0,0.0625,147.56
3662,736,2024-01-06,1220,2,,80.43,0,0.0625,85.46
3663,736,2024-01-06,1863,1,13,395.08,43.9,0.06,418.78
3664,736,2024-01-06,1185,3,,162.97,0,0.065,173.56
3665,736,2024-01-06,1713,1,13,306.38,34.04,0.0475,320.93
3666,736,2024-01-06,993,3,13,581.67,64.63,0.0485,609.88
3667,737,2024-01-07,283,3,,691.59,0,0.06,733.09
3668,737,2024-01-07,1896,3,,609.01,0,0.08,657.73
3669,737,2024-01-07,1432,3,,1502.29,0,0.07,1607.45
3670,737,2024-01-07,214,2,,2351.18,0,0.0685,2512.24
3671,737,2024-01-07,1988,3,,353.53,0,0.0635,375.98
3672,738,2024-01-08,1962,1,,1048.29,0,0.065,1116.43
3673,738,2024-01-08,338,3,,239.64,0,0.07,256.41
3674,738,2024-01-08,1477,1,13,465.87,51.78,0.05125,489.75
3675,738,2024-01-08,1005,3,,385.31,0,0.08,416.13
3676,739,2024-01-09,927,2,13,247.04,27.45,0.029,254.2
3677,739,2024-01-09,157,2,,1908.97,0,0.06,2023.51
3678,739,2024-01-09,1994,1,,421.86,0,0.0485,442.32
3679,739,2024-01-09,433,2,13,1109.48,123.27,0.0575,1173.28
3680,740,2024-01-10,213,1,13,1154,128.2,0.06,1223.24
3681,740,2024-01-10,1879,1,13,561.41,62.38,0.065,597.9
3682,740,2024-01-10,708,2,,93.27,0,0.04,97
3683,740,2024-01-10,189,1,,805.94,0,0.07,862.36
3684,740,2024-01-10,1922,2,13,185.16,20.57,0.07,198.12
3685,741,2024-01-11,769,2,13,50.12,5.56,0.065,53.38
3686,741,2024-01-11,1998,1,,89.03,0,0.0625,94.59
3687,741,2024-01-11,343,2,13,1678.96,186.5,0.0625,1783.9
3688,741,2024-01-11,1258,1,,410.71,0,0.0635,436.79
3689,742,2024-01-12,295,2,13,445.81,49.52,0.0725,478.13
3690,742,2024-01-12,1664,1,13,138.93,15.44,0.045,145.18
3691,742,2024-01-12,1824,2,,316.68,0,0.08,342.01
3692,742,2024-01-12,283,3,,819.64,0,0.06,868.82
3693,742,2024-01-12,1189,3,,385.54,0,0.0485,404.24
3694,743,2024-01-13,1459,3,13,218.8,24.31,0.06,231.93
3695,743,2024-01-13,1191,1,,173.82,0,0.0625,184.68
3696,743,2024-01-13,1922,1,,647.52,0,0.07,692.85
3697,743,2024-01-13,1215,2,,544.77,0,0.0625,578.82
3698,743,2024-01-13,1682,1,,333.72,0,0.065,355.41
3699,744,2024-01-14,680,1,,359.03,0,0.0625,381.47
3700,744,2024-01-14,537,1,13,364.63,40.5,0.0625,387.42
3701,744,2024-01-14,1878,2,,507.28,0,0.06875,542.16
3702,744,2024-01-14,1648,3,,505.73,0,0.0485,530.26
3703,745,2024-01-15,859,1,,99,0,0.0635,105.29
3704,745,2024-01-15,626,2,,523.02,0,0,523.02
3705,745,2024-01-15,1340,1,,542.54,0,0.045,566.95
3706,745,2024-01-15,679,2,,62.14,0,0.05125,65.32
3707,746,2024-01-16,1389,1,,133.52,0,0.0575,141.2
3708,746,2024-01-16,334,1,,374.12,0,0.0575,395.63
3709,746,2024-01-16,493,2,,153.07,0,0.0685,163.56
3710,746,2024-01-16,1782,1,,190.3,0,0.06,201.72
3711,747,2024-01-17,933,1,,323.69,0,0.07,346.35
3712,747,2024-01-17,368,1,,623.27,0,0.056,658.17
3713,747,2024-01-17,1746,1,,690.31,0,0.045,721.37
3714,747,2024-01-17,394,1,,1147.2,0,0.0725,1230.37
3715,748,2024-01-18,703,1,,153.23,0,0.065,163.19
3716,748,2024-01-18,1425,3,,622.48,0,0.0685,665.12
3717,748,2024-01-18,1161,2,,520.8,0,0.0575,550.75
3718,748,2024-01-18,825,2,,218.58,0,0.0635,232.46
3719,749,2024-01-19,1933,3,,383.72,0,0.065,408.66
3720,749,2024-01-19,1312,2,,161.27,0,0.065,171.75
3721,749,2024-01-19,772,2,,213.82,0,0,213.82
3722,749,2024-01-19,880,2,,83.39,0,0.06,88.39
3723,750,2024-01-20,8,2,,509.25,0,0.045,532.17
3724,750,2024-01-20,1159,2,,1693.2,0,0.0625,1799.03
3725,750,2024-01-20,1863,1,,18.93,0,0.06,20.07
3726,750,2024-01-20,1546,3,,585.47,0,0.0625,622.06
3727,751,2024-01-21,920,1,,403.81,0,0.06,428.04
3728,751,2024-01-21,1109,1,,880.62,0,0.0635,936.54
3729,751,2024-01-21,1310,1,,173.84,0,0.06,184.27
3730,751,2024-01-21,917,2,,252.12,0,0.0635,268.13
3731,752,2024-01-22,88,3,,715.14,0,0.0725,766.99
3732,752,2024-01-22,265,1,,223.52,0,0.0575,236.37
3733,752,2024-01-22,926,3,,18.2,0,0.056,19.22
3734,752,2024-01-22,1744,1,,395.76,0,0.06875,422.97
3735,753,2024-01-23,935,3,,74.05,0,0.06875,79.14
3736,753,2024-01-23,233,1,,357.91,0,0.0625,380.28
3737,753,2024-01-23,208,1,,472.58,0,0.04,491.48
3738,753,2024-01-23,1740,1,,356.8,0,0.0685,381.24
3739,754,2024-01-24,483,1,,1438.02,0,0.0635,1529.33
3740,754,2024-01-24,586,2,,164.54,0,0.045,171.94
3741,754,2024-01-24,1586,2,,166.86,0,0.0685,178.29
3742,754,2024-01-24,846,2,,279.81,0,0.065,298
3743,755,2024-01-25,1479,2,,547.8,0,0.08,591.62
3744,755,2024-01-25,910,1,,384.28,0,0.0625,408.3
3745,755,2024-01-25,1915,1,,277.94,0,0.029,286
3746,755,2024-01-25,163,1,,652.89,0,0.06,692.06
3747,756,2024-01-26,1840,3,,196.48,0,0.0625,208.76
3748,756,2024-01-26,1022,2,,142.41,0,0.06,150.95
3749,756,2024-01-26,1504,1,,453.78,0,0,453.78
3750,756,2024-01-26,1676,2,,439.39,0,0.0625,466.85
3751,757,2024-01-27,494,2,,1030.33,0,0.07,1102.45
3752,757,2024-01-27,424,2,,727.6,0,0.065,774.89
3753,757,2024-01-27,1835,3,,464.19,0,0.045,485.08
3754,757,2024-01-27,846,1,,548.78,0,0.065,584.45
3755,758,2024-01-28,1394,2,,188.05,0,0.08,203.09
3756,758,2024-01-28,388,3,,268.8,0,0.08,290.3
3757,758,2024-01-28,785,3,,192.67,0,0.06875,205.92
3758,758,2024-01-28,1727,2,,590.22,0,0.08,637.44
3759,759,2024-01-29,1298,1,,289.9,0,0.0635,308.31
3760,759,2024-01-29,197,2,,1939.61,0,0.0625,2060.84
3761,759,2024-01-29,1903,3,,64.46,0,0.0575,68.17
3762,759,2024-01-29,416,2,,702.59,0,0.029,722.97
3763,760,2024-01-30,323,3,,903.44,0,0.07,966.68
3764,760,2024-01-30,990,1,,303.55,0,0.0485,318.27
3765,760,2024-01-30,552,2,,444.15,0,0.0635,472.35
3766,760,2024-01-30,844,2,,89.03,0,0.0485,93.35
3767,761,2024-01-31,682,3,,625.28,0,0.0445,653.1
3768,761,2024-01-31,1399,3,,516.22,0,0.045,539.45
3769,761,2024-01-31,1409,2,,654.75,0,0.0625,695.67
3770,761,2024-01-31,1751,3,,271.6,0,0,271.6
3771,762,2024-02-01,1666,1,,89.34,0,0.065,95.15
3772,762,2024-02-01,1464,2,,100.2,0,0.08,108.22
3773,762,2024-02-01,881,3,,452.9,0,0.06,480.07
3774,763,2024-02-02,1578,2,,223.52,0,0.0725,239.73
3775,763,2024-02-02,694,1,,193.95,0,0.08,209.47
3776,763,2024-02-02,1398,1,,420.24,0,0.0445,438.94
3777,764,2024-02-03,1663,1,,575.61,0,0.0625,611.59
3778,764,2024-02-03,437,1,,960.7,0,0.0445,1003.45
3779,764,2024-02-03,1096,2,,151.22,0,0.065,161.05
3780,764,2024-02-03,182,3,,1041.55,0,0,1041.55
3781,765,2024-02-04,65,1,,1172.03,0,0.06,1242.35
3782,765,2024-02-04,1922,2,,113.06,0,0.07,120.97
3783,765,2024-02-04,1631,2,,468.92,0,0.045,490.02
3784,765,2024-02-04,420,1,,1267.48,0,0,1267.48
3785,766,2024-02-05,771,1,,377.08,0,0.07,403.48
3786,766,2024-02-05,1737,1,,66.17,0,0.06875,70.72
3787,766,2024-02-05,143,1,,622.34,0,0.0625,661.24
3788,767,2024-02-06,1148,2,,698.97,0,0.045,730.42
3789,767,2024-02-06,1471,3,,1131.53,0,0.06875,1209.32
3790,767,2024-02-06,324,2,,950.2,0,0,950.2
3791,768,2024-02-07,1214,2,,292.6,0,0.0625,310.89
3792,768,2024-02-07,1821,1,,64.98,0,0.04,67.58
3793,768,2024-02-07,912,1,,12.67,0,0.0625,13.46
3794,769,2024-02-08,522,2,14,193.02,42.36,0.0625,205.08
3795,769,2024-02-08,419,2,,1700.63,0,0.0635,1808.62
3796,769,2024-02-08,1204,3,,297.94,0,0,297.94
3797,770,2024-02-09,1058,1,14,219.93,48.29,0.0625,233.68
3798,770,2024-02-09,1109,1,,223.74,0,0.0635,237.95
3799,770,2024-02-09,1957,2,,51.06,0,0.029,52.54
3800,771,2024-02-10,1750,1,,610.23,0,0.0475,639.22
3801,771,2024-02-10,478,1,,351.35,0,0.065,374.19
3802,771,2024-02-10,1880,2,,122.11,0,0.0625,129.74
3803,771,2024-02-10,163,2,14,214.96,47.2,0.06,227.86
3804,771,2024-02-10,1604,1,,738.55,0,0.065,786.56
3805,772,2024-02-11,307,1,,268.79,0,0.07,287.61
3806,772,2024-02-11,213,3,,226.12,0,0.06,239.69
3807,772,2024-02-11,573,3,14,235.03,51.6,0.065,250.31
3808,772,2024-02-11,1679,3,,768.56,0,0.0625,816.59
3809,772,2024-02-11,1373,2,14,73.32,16.1,0.06875,78.36
3810,773,2024-02-12,277,1,14,571.46,125.44,0.06875,610.75
3811,773,2024-02-12,164,2,14,765.64,168.06,0.0485,802.77
3812,773,2024-02-12,233,3,14,937.03,205.7,0.0625,995.59
3813,774,2024-02-13,657,1,,840.9,0,0.065,895.56
3814,774,2024-02-13,1460,2,14,27.78,6.1,0.0445,29.02
3815,774,2024-02-13,489,1,,433.04,0,0.045,452.53
3816,775,2024-02-14,1481,1,14,128.66,28.24,0.05125,135.25
3817,775,2024-02-14,277,1,,300.21,0,0.06875,320.85
3818,775,2024-02-14,570,1,14,552.97,121.39,0,552.97
3819,776,2024-02-15,307,1,,681.76,0,0.07,729.48
3820,776,2024-02-15,1690,1,,1965.25,0,0.0725,2107.73
3821,776,2024-02-15,395,3,,169.02,0,0.029,173.92
3822,777,2024-02-16,355,2,,1194.91,0,0.056,1261.82
3823,777,2024-02-16,368,2,,1360.78,0,0.056,1436.98
3824,777,2024-02-16,633,3,,755.32,0,0.06875,807.25
3825,778,2024-02-17,1919,1,,310.7,0,0.029,319.71
3826,778,2024-02-17,159,2,,499.24,0,0.0625,530.44
3827,778,2024-02-17,660,1,,1292.06,0,0.0725,1385.73
3828,778,2024-02-17,1310,2,,147.6,0,0.06,156.46
3829,779,2024-02-18,925,2,,1869.54,0,0.06,1981.71
3830,779,2024-02-18,1981,3,,215.23,0,0.0445,224.81
3831,779,2024-02-18,1746,1,,698.75,0,0.045,730.19
3832,779,2024-02-18,1633,3,,501.74,0,0.07,536.86
3833,780,2024-02-19,840,2,,126.29,0,0.0625,134.18
3834,780,2024-02-19,682,3,,634.37,0,0.0445,662.6
3835,780,2024-02-19,132,3,,25.1,0,0.0625,26.67
3836,781,2024-02-20,1748,2,,192.14,0,0.0445,200.69
3837,781,2024-02-20,178,3,,1149.01,0,0.065,1223.7
3838,781,2024-02-20,1627,1,,297.22,0,0.05125,312.45
3839,782,2024-02-21,748,2,,216.51,0,0.0685,231.34
3840,782,2024-02-21,676,3,,430.66,0,0.0625,457.58
3841,782,2024-02-21,74,3,,250.36,0,0.0635,266.26
3842,783,2024-02-22,779,3,,541.12,0,0.0575,572.23
3843,783,2024-02-22,888,3,,136.29,0,0.06875,145.66
3844,783,2024-02-22,1587,2,,104.43,0,0,104.43
3845,784,2024-02-23,1667,3,,549.09,0,0.0625,583.41
3846,784,2024-02-23,545,3,,47.45,0,0.065,50.53
3847,784,2024-02-23,327,3,,629.9,0,0.0475,659.82
3848,785,2024-02-24,1446,3,,304.94,0,0.06,323.24
3849,785,2024-02-24,153,2,,1287.44,0,0.0485,1349.88
3850,785,2024-02-24,1071,3,,15.53,0,0.0685,16.59
3851,785,2024-02-24,32,1,,291.93,0,0.045,305.07
3852,786,2024-02-25,1150,3,,473.18,0,0.056,499.68
3853,786,2024-02-25,1992,1,,1156.87,0,0.04,1203.14
3854,786,2024-02-25,351,2,,930.01,0,0.06,985.81
3855,786,2024-02-25,319,1,,337.5,0,0,337.5
3856,787,2024-02-26,411,2,,641.7,0,0.0725,688.22
3857,787,2024-02-26,1092,2,,528.63,0,0.065,562.99
3858,787,2024-02-26,1266,1,,153.76,0,0.04,159.91
3859,788,2024-02-27,1468,1,,249.44,0,0.06,264.41
3860,788,2024-02-27,282,1,,844.41,0,0.065,899.3
3861,788,2024-02-27,1334,3,,645.49,0,0.06,684.22
3862,789,2024-02-28,701,1,,233.51,0,0.0625,248.1
3863,789,2024-02-28,1825,1,,203.43,0,0.06,215.64
3864,789,2024-02-28,1153,1,,468.65,0,0.06,496.77
3865,790,2024-02-29,1075,2,,158.25,0,0.0625,168.14
3866,790,2024-02-29,192,1,,1754.61,0,0.0725,1881.82
3867,790,2024-02-29,516,3,,897.2,0,0.05125,943.18
3868,791,2024-03-01,897,3,,215.54,0,0,215.54
3869,791,2024-03-01,863,3,,225.97,0,0.045,236.14
3870,791,2024-03-01,1153,2,,1078.63,0,0.06,1143.35
3871,791,2024-03-01,1970,2,,1578.86,0,0.045,1649.91
3872,792,2024-03-02,886,3,,274.4,0,0.045,286.75
3873,792,2024-03-02,1259,1,,1095.37,0,0.06,1161.09
3874,792,2024-03-02,1150,2,,98.27,0,0.056,103.77
3875,792,2024-03-02,107,1,,944.75,0,0,944.75
3876,792,2024-03-02,609,1,,297.27,0,0.065,316.59
3877,793,2024-03-03,1662,1,,555.18,0,0.04,577.39
3878,793,2024-03-03,1489,2,,433.23,0,0.0625,460.31
3879,793,2024-03-03,1044,1,,648.88,0,0.06,687.81
3880,793,2024-03-03,1383,3,,47.47,0,0.06,50.32
3881,793,2024-03-03,370,3,,2750.43,0,0.08,2970.46
3882,794,2024-03-04,101,3,,593.93,0,0.06,629.57
3883,794,2024-03-04,1262,1,,427.36,0,0.065,455.14
3884,794,2024-03-04,1335,3,,112.19,0,0.06,118.92
3885,794,2024-03-04,1165,1,,557.1,0,0.0575,589.13
3886,795,2024-03-05,726,3,,37.86,0,0.05125,39.8
3887,795,2024-03-05,1789,3,,86.21,0,0.0625,91.6
3888,795,2024-03-05,513,1,,535.19,0,0.06,567.3
3889,795,2024-03-05,1780,1,,1287.2,0,0.06,1364.43
3890,796,2024-03-06,975,1,,22.66,0,0,22.66
3891,796,2024-03-06,1241,1,,59.85,0,0,59.85
3892,796,2024-03-06,203,1,,1418.39,0,0.0725,1521.22
3893,796,2024-03-06,1425,2,,885.7,0,0.0685,946.37
3894,797,2024-03-07,662,1,,229.8,0,0.065,244.74
3895,797,2024-03-07,1197,1,,51.6,0,0.06,54.7
3896,797,2024-03-07,1505,1,,1636.55,0,0.045,1710.19
3897,797,2024-03-07,1812,2,,382.41,0,0.08,413
3898,798,2024-03-08,78,1,,946,0,0.0625,1005.12
3899,798,2024-03-08,1662,3,,555.78,0,0.04,578.01
3900,798,2024-03-08,1081,1,,56.06,0,0.0635,59.62
3901,798,2024-03-08,923,1,,361.71,0,0.06875,386.58
3902,799,2024-03-09,663,1,,548.54,0,0,548.54
3903,799,2024-03-09,180,1,,24.87,0,0,24.87
3904,799,2024-03-09,1315,2,,340.67,0,0.029,350.55
3905,799,2024-03-09,503,2,,664.94,0,0.065,708.16
3906,799,2024-03-09,844,3,,331.97,0,0.0485,348.07
3907,800,2024-03-10,1979,1,,394.4,0,0,394.4
3908,800,2024-03-10,258,2,,685.2,0,0.0635,728.71
3909,800,2024-03-10,867,3,,161.34,0,0,161.34
3910,800,2024-03-10,1445,2,,687.12,0,0,687.12
3911,800,2024-03-10,772,2,,526.57,0,0,526.57
3912,801,2024-03-11,1207,1,,184.88,0,0.0625,196.43
3913,801,2024-03-11,474,2,,586.77,0,0.0625,623.44
3914,801,2024-03-11,871,1,,247.42,0,0.0685,264.37
3915,801,2024-03-11,1267,3,,975.14,0,0,975.14
3916,802,2024-03-12,704,3,,1166.12,0,0.065,1241.92
3917,802,2024-03-12,289,2,,1189.17,0,0.0685,1270.63
3918,802,2024-03-12,443,1,,892.71,0,0.0685,953.86
3919,802,2024-03-12,564,1,,181.84,0,0.0625,193.21
3920,803,2024-03-13,1921,3,,402.18,0,0.065,428.32
3921,803,2024-03-13,1857,3,,330.55,0,0.0685,353.19
3922,803,2024-03-13,1920,2,,1372.59,0,0.0475,1437.79
3923,803,2024-03-13,836,1,,151.6,0,0.065,161.45
3924,804,2024-03-14,27,3,,202.71,0,0.065,215.89
3925,804,2024-03-14,1344,1,,365.74,0,0.029,376.35
3926,804,2024-03-14,203,3,,510.64,0,0.0725,547.66
3927,804,2024-03-14,1811,3,,48.88,0,0.0685,52.23
3928,805,2024-03-15,617,1,,713.44,0,0.0625,758.03
3929,805,2024-03-15,1066,1,,1240.21,0,0.08,1339.43
3930,805,2024-03-15,1321,3,,352.42,0,0.029,362.64
3931,805,2024-03-15,1183,1,,357.77,0,0,357.77
3932,806,2024-03-16,742,3,,236.5,0,0.06,250.69
3933,806,2024-03-16,962,2,,668.88,0,0.08,722.39
3934,806,2024-03-16,1305,1,,236.5,0,0.04,245.96
3935,806,2024-03-16,549,1,,343.31,0,0.08,370.77
3936,806,2024-03-16,703,1,,630.76,0,0.065,671.76
3937,807,2024-03-17,324,2,,814,0,0,814
3938,807,2024-03-17,915,1,,409.48,0,0.06875,437.63
3939,807,2024-03-17,1026,1,,985.72,0,0.0625,1047.33
3940,807,2024-03-17,387,2,,1282.89,0,0.07,1372.69
3941,807,2024-03-17,1847,2,,124.94,0,0.0445,130.5
3942,808,2024-03-18,1083,1,,520.18,0,0.06,551.39
3943,808,2024-03-18,108,2,,29.45,0,0.0445,30.76
3944,808,2024-03-18,392,1,,479.33,0,0.0625,509.29
3945,808,2024-03-18,361,2,,1197.3,0,0.065,1275.12
3946,809,2024-03-19,868,1,,761.26,0,0.0625,808.84
3947,809,2024-03-19,1977,3,,230.89,0,0.0625,245.32
3948,809,2024-03-19,1972,1,,66.53,0,0.0725,71.35
3949,809,2024-03-19,1953,2,,144.8,0,0.06875,154.76
3950,810,2024-03-20,1985,1,,1367.91,0,0.0685,1461.61
3951,810,2024-03-20,937,2,,160.86,0,0,160.86
3952,810,2024-03-20,1314,3,,742.96,0,0.0635,790.14
3953,810,2024-03-20,1234,3,,482.57,0,0.07,516.35
3954,811,2024-03-21,1503,1,,111.21,0,0.0575,117.6
3955,811,2024-03-21,1472,3,,1136.51,0,0.07,1216.07
3956,811,2024-03-21,466,2,,683.39,0,0.0635,726.79
3957,811,2024-03-21,958,1,,169.21,0,0.029,174.12
3958,812,2024-03-22,1923,1,,693.58,0,0,693.58
3959,812,2024-03-22,1346,2,,1384.65,0,0.06,1467.73
3960,812,2024-03-22,1444,3,,1068.06,0,0.06,1132.14
3961,812,2024-03-22,1860,1,,767.85,0,0.0725,823.52
3962,813,2024-03-23,1947,1,,150.16,0,0.04,156.17
3963,813,2024-03-23,1515,1,,248.49,0,0.08,268.37
3964,813,2024-03-23,890,1,,785.13,0,0.0625,834.2
3965,813,2024-03-23,242,1,,618.52,0,0.065,658.72
3966,813,2024-03-23,1090,1,,44.71,0,0.08,48.29
3967,814,2024-03-24,1167,2,,142.9,0,0.056,150.9
3968,814,2024-03-24,156,2,,198.09,0,0.0625,210.47
3969,814,2024-03-24,1382,2,,1395.88,0,0.08,1507.55
3970,814,2024-03-24,1340,2,,124.75,0,0.045,130.36
3971,814,2024-03-24,1324,1,,647.13,0,0.0725,694.05
3972,815,2024-03-25,656,2,,1283.27,0,0,1283.27
3973,815,2024-03-25,834,2,,119.95,0,0.0445,125.29
3974,815,2024-03-25,742,1,,1036.37,0,0.06,1098.55
3975,815,2024-03-25,1971,2,15,1614.62,220,0.0725,1731.68
3976,816,2024-03-26,241,3,,664.7,0,0.065,707.91
3977,816,2024-03-26,1724,1,,1403.05,0,0.0685,1499.16
3978,816,2024-03-26,170,1,,37.56,0,0.045,39.25
3979,816,2024-03-26,1208,2,,75.94,0,0.07,81.26
3980,816,2024-03-26,15,1,,1508.89,0,0.0625,1603.2
3981,817,2024-03-27,1262,2,,1134.47,0,0.065,1208.21
3982,817,2024-03-27,1633,3,15,326.17,60,0.07,349
3983,817,2024-03-27,847,2,15,1157.27,199.58,0.08,1249.85
3984,817,2024-03-27,1275,2,,129.33,0,0.06,137.09
3985,818,2024-03-28,1797,2,15,196.08,115.78,0.05125,206.13
3986,818,2024-03-28,1229,3,,663.83,0,0.0625,705.32
3987,818,2024-03-28,455,2,,684.09,0,0.07,731.98
3988,818,2024-03-28,270,1,,550.01,0,0.07,588.51
3989,819,2024-03-29,1983,1,15,298.61,60,0.0625,317.27
3990,819,2024-03-29,1625,3,,99.33,0,0.0625,105.54
3991,819,2024-03-29,1129,2,,273.7,0,0.06,290.12
3992,819,2024-03-29,963,3,,1095.65,0,0.07,1172.35
3993,819,2024-03-29,1574,2,,571.64,0,0.0445,597.08
3994,820,2024-03-30,755,3,15,45.54,20,0.06,48.27
3995,820,2024-03-30,430,3,,2182.81,0,0.0635,2321.42
3996,820,2024-03-30,743,1,,242.78,0,0.0575,256.74
3997,820,2024-03-30,1727,2,15,345.3,60,0.08,372.92
3998,820,2024-03-30,921,2,,475.03,0,0.029,488.81
3999,821,2024-03-31,428,3,,1763.25,0,0.0685,1884.03
4000,821,2024-03-31,1091,1,,377.85,0,0.0625,401.47
4001,821,2024-03-31,372,2,,738.25,0,0.065,786.24
4002,821,2024-03-31,1979,3,,749,0,0,749
4003,821,2024-03-31,886,1,,261.23,0,0.045,272.99
4004,822,2024-04-01,414,2,15,450.99,105.86,0.0725,483.69
4005,822,2024-04-01,1512,2,,291.33,0,0.0725,312.45
4006,822,2024-04-01,1969,2,,132.59,0,0.0725,142.2
4007,822,2024-04-01,648,3,15,400.19,56.19,0.05125,420.7
4008,822,2024-04-01,1044,3,,450.75,0,0.06,477.79
4009,822,2024-04-01,1048,2,,641.5,0,0,641.5
4010,823,2024-04-02,502,2,,1913.03,0,0.056,2020.16
4011,823,2024-04-02,955,1,,550.09,0,0.0685,587.77
4012,823,2024-04-02,402,1,,830.34,0,0,830.34
4013,823,2024-04-02,1947,1,,516.22,0,0.04,536.87
4014,823,2024-04-02,1852,2,,615.38,0,0.065,655.38
4015,823,2024-04-02,166,2,15,842.17,217.89,0.065,896.91
4016,824,2024-04-03,1259,3,,167.49,0,0.06,177.54
4017,824,2024-04-03,1921,2,15,1012.19,203.28,0.065,1077.98
4018,824,2024-04-03,693,1,15,694.07,109.1,0.0635,738.14
4019,824,2024-04-03,1582,3,15,67.37,45.54,0.0475,70.57
4020,824,2024-04-03,1771,2,15,385.39,80,0.0485,404.08
4021,824,2024-04-03,585,1,,673.05,0,0.0685,719.15
4022,825,2024-04-04,208,1,15,375.52,201.96,0.04,390.54
4023,825,2024-04-04,1442,2,,602.96,0,0.0685,644.26
4024,825,2024-04-04,1550,3,15,337.22,120,0.06,357.45
4025,825,2024-04-04,698,2,,192.14,0,0.0725,206.07
4026,825,2024-04-04,1821,3,,362.23,0,0.04,376.72
4027,825,2024-04-04,1801,3,,394.91,0,0.07,422.55
4028,826,2024-04-05,448,1,,1232.33,0,0.0445,1287.17
4029,826,2024-04-05,721,2,,561.56,0,0.0625,596.66
4030,826,2024-04-05,218,1,15,1232.23,300,0.065,1312.32
4031,826,2024-04-05,1808,1,15,5.14,5.13,0.065,5.47
4032,826,2024-04-05,507,3,15,85.53,60,0.0445,89.34
4033,826,2024-04-05,863,1,,1174.71,0,0.045,1227.57
4034,827,2024-04-06,116,1,15,1093.67,180,0.06875,1168.86
4035,827,2024-04-06,1613,3,,485.55,0,0.06,514.68
4036,827,2024-04-06,1136,2,,152.74,0,0.06,161.9
4037,827,2024-04-06,142,1,15,968.75,262.31,0.07,1036.56
4038,827,2024-04-06,1348,1,,995.88,0,0.0625,1058.12
4039,828,2024-04-07,326,1,15,119.55,60,0.0635,127.14
4040,828,2024-04-07,305,1,,321.34,0,0.06,340.62
4041,828,2024-04-07,756,2,,565.47,0,0.0485,592.9
4042,828,2024-04-07,1990,2,,502.49,0,0.045,525.1
4043,828,2024-04-07,646,3,,795.12,0,0.06,842.83
4044,828,2024-04-07,1554,2,15,13.19,13.19,0.0625,14.01
4045,829,2024-04-08,1579,1,,376.17,0,0.0575,397.8
4046,829,2024-04-08,763,1,,177.26,0,0.07,189.67
4047,829,2024-04-08,54,2,,736.25,0,0.0485,771.96
4048,829,2024-04-08,179,2,,1230.05,0,0.0575,1300.78
4049,829,2024-04-08,697,2,,525.01,0,0.065,559.14
4050,830,2024-04-09,1329,2,,381.73,0,0.06875,407.97
4051,830,2024-04-09,1363,3,,248.06,0,0.0475,259.84
4052,830,2024-04-09,241,3,,208.96,0,0.065,222.54
4053,830,2024-04-09,1306,3,,123.13,0,0.0625,130.83
4054,830,2024-04-09,1617,2,,44.71,0,0,44.71
4055,831,2024-04-10,685,1,,1925.88,0,0.06,2041.43
4056,831,2024-04-10,273,2,,927.31,0,0.08,1001.49
4057,831,2024-04-10,212,2,,675.02,0,0.06,715.52
4058,831,2024-04-10,1353,1,,1138.09,0,0.06,1206.38
4059,831,2024-04-10,467,1,,491.35,0,0.045,513.46
4060,832,2024-04-11,305,1,,423.88,0,0.06,449.31
4061,832,2024-04-11,1153,2,,288.68,0,0.06,306
4062,832,2024-04-11,1488,1,,179.08,0,0.04,186.24
4063,832,2024-04-11,961,2,,323.13,0,0.0485,338.8
4064,832,2024-04-11,1715,1,,481.05,0,0.0725,515.93
4065,833,2024-04-12,1920,2,,22.65,0,0.0475,23.73
4066,833,2024-04-12,343,3,,90.62,0,0.0625,96.28
4067,833,2024-04-12,18,2,,2373.13,0,0.0685,2535.69
4068,833,2024-04-12,1703,2,,231.15,0,0.0625,245.6
4069,833,2024-04-12,1988,2,,72.28,0,0.0635,76.87
4070,834,2024-04-13,21,1,,1044.01,0,0.065,1111.87
4071,834,2024-04-13,1926,1,,153.78,0,0.0575,162.62
4072,834,2024-04-13,1312,3,,474.75,0,0.065,505.61
4073,834,2024-04-13,1072,1,,83.05,0,0.065,88.45
4074,834,2024-04-13,1064,3,,85.71,0,0.08,92.57
4075,835,2024-04-14,1886,1,,434.14,0,0.065,462.36
4076,835,2024-04-14,479,1,,400.28,0,0.0625,425.3
4077,835,2024-04-14,591,2,,780.76,0,0.0475,817.85
4078,835,2024-04-14,1342,2,,1071.13,0,0.0725,1148.79
4079,835,2024-04-14,800,3,,1022.81,0,0.0625,1086.74
4080,836,2024-04-15,654,1,,145.64,0,0.08,157.29
4081,836,2024-04-15,533,1,,702.19,0,0.06,744.32
4082,836,2024-04-15,1576,1,,403.94,0,0.029,415.65
4083,836,2024-04-15,1393,3,,61.83,0,0.04,64.3
4084,836,2024-04-15,1079,1,,923.3,0,0.0725,990.24
4085,837,2024-04-16,248,1,,1654.13,0,0.0635,1759.17
4086,837,2024-04-16,1239,2,,660.56,0,0.045,690.29
4087,837,2024-04-16,486,2,,700.68,0,0.0485,734.66
4088,837,2024-04-16,693,1,,420.3,0,0.0635,446.99
4089,837,2024-04-16,74,1,,322.17,0,0.0635,342.63
4090,838,2024-04-17,465,3,,854.39,0,0.0725,916.33
4091,838,2024-04-17,600,2,,458.4,0,0.0445,478.8
4092,838,2024-04-17,1884,1,,126.76,0,0.0625,134.68
4093,838,2024-04-17,1396,2,,104.94,0,0.07,112.29
4094,838,2024-04-17,91,1,,824.84,0,0.08,890.83
4095,839,2024-04-18,766,1,,170.49,0,0.0685,182.17
4096,839,2024-04-18,1545,2,,609.96,0,0.065,649.61
4097,839,2024-04-18,170,2,,429.36,0,0.045,448.68
4098,839,2024-04-18,1920,2,,1263.25,0,0.0475,1323.25
4099,839,2024-04-18,884,2,,727.51,0,0.0625,772.98
4100,840,2024-04-19,1444,1,,1017.96,0,0.06,1079.04
4101,840,2024-04-19,1696,2,,113.06,0,0.0625,120.13
4102,840,2024-04-19,1647,2,,331.53,0,0.029,341.14
4103,840,2024-04-19,364,2,,684.34,0,0.0635,727.8
4104,840,2024-04-19,1545,2,,617.03,0,0.065,657.14
4105,841,2024-04-20,1927,2,,621.98,0,0.045,649.97
4106,841,2024-04-20,1296,2,,154.45,0,0.0685,165.03
4107,841,2024-04-20,1697,3,,316.94,0,0.065,337.54
4108,841,2024-04-20,1714,3,,47.32,0,0.045,49.45
4109,841,2024-04-20,1451,1,,315.07,0,0.06,333.97
4110,842,2024-04-21,1875,2,,1005.75,0,0.0625,1068.61
4111,842,2024-04-21,879,1,,25.1,0,0.0635,26.69
4112,842,2024-04-21,1207,1,,67.4,0,0.0625,71.61
4113,842,2024-04-21,1667,1,,103.84,0,0.0625,110.33
4114,842,2024-04-21,1240,1,,244.4,0,0.0475,256.01
4115,843,2024-04-22,578,1,,384.28,0,0.0625,408.3
4116,843,2024-04-22,1299,1,,1039.91,0,0.07,1112.7
4117,843,2024-04-22,1435,2,,523.81,0,0.0635,557.07
4118,843,2024-04-22,1910,1,,322.42,0,0.07,344.99
4119,843,2024-04-22,1275,3,,962.61,0,0.06,1020.37
4120,844,2024-04-23,935,2,,361.67,0,0.06875,386.53
4121,844,2024-04-23,1432,3,,37.92,0,0.07,40.57
4122,844,2024-04-23,309,3,,598.8,0,0,598.8
4123,844,2024-04-23,799,3,,85.71,0,0.065,91.28
4124,844,2024-04-23,130,2,,595.88,0,0.06875,636.85
4125,845,2024-04-24,698,1,,383.01,0,0.0725,410.78
4126,845,2024-04-24,1692,1,,80.44,0,0.0475,84.26
4127,845,2024-04-24,1386,3,,206.3,0,0.0725,221.26
4128,845,2024-04-24,482,2,,133.02,0,0.0475,139.34
4129,845,2024-04-24,325,3,,321.72,0,0.0575,340.22
4130,846,2024-04-25,1399,2,,97.33,0,0.045,101.71
4131,846,2024-04-25,1723,3,,672.2,0,0.06,712.53
4132,846,2024-04-25,377,1,,771.8,0,0.07,825.83
4133,846,2024-04-25,772,1,,307.84,0,0,307.84
4134,846,2024-04-25,530,2,,120.61,0,0.0685,128.87
4135,847,2024-04-26,1196,1,,279.75,0,0.0625,297.23
4136,847,2024-04-26,786,2,,367.89,0,0.06,389.96
4137,847,2024-04-26,1827,3,,370.14,0,0.065,394.2
4138,847,2024-04-26,238,2,,247.7,0,0.07,265.04
4139,847,2024-04-26,1428,1,,61.21,0,0.045,63.96
4140,848,2024-04-27,974,3,,88.76,0,0.0685,94.84
4141,848,2024-04-27,1962,2,,914.41,0,0.065,973.85
4142,848,2024-04-27,1812,1,,929.31,0,0.08,1003.65
4143,848,2024-04-27,1134,3,,835.28,0,0.0445,872.45
4144,848,2024-04-27,978,3,,148.97,0,0.06,157.91
4145,849,2024-04-28,858,2,,249.92,0,0.0685,267.04
4146,849,2024-04-28,907,2,,163.55,0,0.0685,174.75
4147,849,2024-04-28,1768,1,,157.95,0,0,157.95
4148,849,2024-04-28,943,1,,1175.51,0,0.0725,1260.73
4149,849,2024-04-28,1759,2,,72.4,0,0.0635,77
4150,850,2024-04-29,1904,3,,118.27,0,0.08,127.73
4151,850,2024-04-29,358,1,,1428.88,0,0.06,1514.61
4152,850,2024-04-29,1244,1,,196.44,0,0.06,208.23
4153,850,2024-04-29,1478,1,,524.89,0,0.06,556.38
4154,850,2024-04-29,332,3,,1409.84,0,0.0575,1490.91
4155,851,2024-04-30,251,1,,229.7,0,0.06,243.48
4156,851,2024-04-30,1246,3,,335.13,0,0.0625,356.08
4157,851,2024-04-30,86,2,,1624.36,0,0.0685,1735.63
4158,851,2024-04-30,1047,1,,252.6,0,0.065,269.02
4159,851,2024-04-30,241,1,,1261.9,0,0.065,1343.92
4160,852,2024-05-01,1538,1,,344.2,0,0.06,364.85
4161,852,2024-05-01,65,2,,1675.36,0,0.06,1775.88
4162,852,2024-05-01,1945,2,,145.62,0,0.07,155.81
4163,852,2024-05-01,45,3,,1568.27,0,0.0625,1666.29
4164,852,2024-05-01,566,1,,325.71,0,0.0445,340.2
4165,853,2024-05-02,803,3,,364.7,0,0.0685,389.68
4166,853,2024-05-02,113,1,,1018.56,0,0.0725,1092.41
4167,853,2024-05-02,242,1,,1271.83,0,0.065,1354.5
4168,853,2024-05-02,1693,2,,63.12,0,0.06875,67.46
4169,853,2024-05-02,667,2,,112.12,0,0.0725,120.25
4170,854,2024-05-03,367,3,,412.33,0,0.06875,440.68
4171,854,2024-05-03,1483,3,,131.07,0,0,131.07
4172,854,2024-05-03,1309,3,,235.26,0,0.0725,252.32
4173,854,2024-05-03,1781,3,,238.1,0,0.065,253.58
4174,854,2024-05-03,342,1,,1187.8,0,0.045,1241.25
4175,855,2024-05-04,1908,2,,508.38,0,0.06,538.88
4176,855,2024-05-04,283,2,,2284.81,0,0.06,2421.9
4177,855,2024-05-04,383,3,,1305.79,0,0.0475,1367.82
4178,855,2024-05-04,1071,3,,487.38,0,0.0685,520.77
4179,855,2024-05-04,641,1,,400.49,0,0.06875,428.02
4180,856,2024-05-05,833,3,,277.4,0,0.0575,293.35
4181,856,2024-05-05,493,2,,389.5,0,0.0685,416.18
4182,856,2024-05-05,1791,1,,68.4,0,0.0625,72.68
4183,856,2024-05-05,317,3,,397.32,0,0.065,423.15
4184,856,2024-05-05,1313,3,,186.86,0,0.056,197.32
4185,857,2024-05-06,1594,1,,131.18,0,0.0635,139.51
4186,857,2024-05-06,947,2,,721.62,0,0.06875,771.23
4187,857,2024-05-06,1612,2,,141.17,0,0.0485,148.02
4188,857,2024-05-06,45,1,,551.85,0,0.0625,586.34
4189,857,2024-05-06,940,3,,306.05,0,0.0635,325.48
4190,858,2024-05-07,1598,2,,167.41,0,0.04,174.11
4191,858,2024-05-07,406,1,,70.66,0,0.0625,75.08
4192,858,2024-05-07,1473,3,,492.14,0,0.06,521.67
4193,858,2024-05-07,1248,2,,303.73,0,0.0635,323.02
4194,858,2024-05-07,765,3,,63.27,0,0.0575,66.91
4195,859,2024-05-08,491,2,,147.76,0,0.0625,156.99
4196,859,2024-05-08,729,2,,308.74,0,0.0575,326.49
4197,859,2024-05-08,666,1,,1046.99,0,0.065,1115.04
4198,859,2024-05-08,988,1,,966,0,0.0575,1021.55
4199,859,2024-05-08,930,2,,62.56,0,0.065,66.63
4200,860,2024-05-09,995,2,,380.28,0,0.0575,402.15
4201,860,2024-05-09,384,3,,1233.15,0,0.0575,1304.06
4202,860,2024-05-09,943,3,,89.33,0,0.0725,95.81
4203,860,2024-05-09,1424,2,,144.73,0,0,144.73
4204,860,2024-05-09,1518,3,,244.22,0,0.0625,259.48
4205,861,2024-05-10,1103,2,,416.31,0,0.06,441.29
4206,861,2024-05-10,1756,1,,229.04,0,0.0625,243.35
4207,861,2024-05-10,1195,2,,594.14,0,0.0685,634.84
4208,861,2024-05-10,1981,3,,378.87,0,0.0445,395.73
4209,861,2024-05-10,796,3,,558.23,0,0.0625,593.12
4210,862,2024-05-11,1367,1,,184.83,0,0.0475,193.61
4211,862,2024-05-11,1585,1,,200,0,0.0575,211.5
4212,862,2024-05-11,850,2,,77.05,0,0.045,80.52
4213,862,2024-05-11,443,1,,1145.55,0,0.0685,1224.02
4214,862,2024-05-11,732,1,,394.82,0,0.029,406.27
4215,863,2024-05-12,1031,2,,690.35,0,0.04,717.96
4216,863,2024-05-12,104,1,,1418.91,0,0.029,1460.06
4217,863,2024-05-12,1960,2,,430.73,0,0.0685,460.24
4218,863,2024-05-12,1559,3,,200.96,0,0.0485,210.71
4219,863,2024-05-12,1095,2,,281.24,0,0.0445,293.76
4220,864,2024-05-13,1894,2,,178.19,0,0.0475,186.65
4221,864,2024-05-13,553,1,,613.17,0,0.06875,655.33
4222,864,2024-05-13,1973,3,,151.26,0,0.056,159.73
4223,864,2024-05-13,1167,3,,317.32,0,0.056,335.09
4224,864,2024-05-13,1304,2,,224.22,0,0.07,239.92
4225,865,2024-05-14,1175,1,,142.94,0,0,142.94
4226,865,2024-05-14,117,1,,786.88,0,0.06,834.09
4227,865,2024-05-14,602,1,,47.45,0,0.0625,50.42
4228,865,2024-05-14,94,1,,256.52,0,0.06,271.91
4229,865,2024-05-14,91,1,,1212.29,0,0.08,1309.27
4230,866,2024-05-15,384,1,,2101.59,0,0.0575,2222.43
4231,866,2024-05-15,1778,1,,151.96,0,0.07,162.6
4232,866,2024-05-15,1682,1,,133.02,0,0.065,141.67
4233,866,2024-05-15,1013,3,,278.21,0,0.029,286.28
4234,866,2024-05-15,1280,3,,782.68,0,0.0445,817.51
4235,867,2024-05-16,1201,1,,241.82,0,0.06,256.33
4236,867,2024-05-16,665,3,,845.35,0,0.0625,898.18
4237,867,2024-05-16,322,3,,1955.22,0,0.07,2092.09
4238,867,2024-05-16,784,2,,525.06,0,0.045,548.69
4239,867,2024-05-16,1992,2,,306.01,0,0.04,318.25
4240,868,2024-05-17,863,3,,101.63,0,0.045,106.2
4241,868,2024-05-17,1900,3,,888.15,0,0.0725,952.54
4242,868,2024-05-17,811,2,,882.25,0,0.0625,937.39
4243,868,2024-05-17,1309,2,,148.76,0,0.0725,159.55
4244,868,2024-05-17,1165,2,,54.66,0,0.0575,57.8
4245,869,2024-05-18,403,1,,1316.52,0,0.0485,1380.37
4246,869,2024-05-18,649,1,,424.85,0,0.06,450.34
4247,869,2024-05-18,1810,3,,510.59,0,0.045,533.57
4248,869,2024-05-18,800,1,,344.74,0,0.0625,366.29
4249,869,2024-05-18,34,2,,721.79,0,0,721.79
4250,870,2024-05-19,1327,2,,397.24,0,0.0685,424.45
4251,870,2024-05-19,979,2,,356.26,0,0.065,379.42
4252,870,2024-05-19,141,2,,1265.77,0,0.0725,1357.54
4253,870,2024-05-19,1421,2,,66.85,0,0.0485,70.09
4254,870,2024-05-19,117,3,,492.14,0,0.06,521.67
4255,871,2024-05-20,1193,1,,65.59,0,0.0725,70.35
4256,871,2024-05-20,467,2,,548.17,0,0.045,572.84
4257,871,2024-05-20,1264,1,,557.5,0,0,557.5
4258,871,2024-05-20,337,1,,1324.84,0,0.065,1410.95
4259,871,2024-05-20,36,2,,725.65,0,0.065,772.82
4260,872,2024-05-21,1493,2,,190.3,0,0.065,202.67
4261,872,2024-05-21,526,1,,146.64,0,0.06875,156.72
4262,872,2024-05-21,878,2,,176.47,0,0.06,187.06
4263,872,2024-05-21,1986,2,,895.6,0,0.045,935.9
4264,872,2024-05-21,1170,1,,698.75,0,0.0685,746.61
4265,873,2024-05-22,1429,2,,915.96,0,0.0635,974.12
4266,873,2024-05-22,210,3,,802.1,0,0.0635,853.03
4267,873,2024-05-22,1778,3,,558.24,0,0.07,597.32
4268,873,2024-05-22,33,2,,1014.91,0,0.0625,1078.34
4269,873,2024-05-22,385,3,,1834.84,0,0.0445,1916.49
4270,874,2024-05-23,729,2,,524.29,0,0.0575,554.44
4271,874,2024-05-23,1491,2,,288.38,0,0.056,304.53
4272,874,2024-05-23,1051,3,,7.55,0,0.0725,8.1
4273,874,2024-05-23,1829,2,,612.92,0,0.0685,654.91
4274,874,2024-05-23,1706,2,,1010.38,0,0.05125,1062.16
4275,875,2024-05-24,1417,2,,665.77,0,0.08,719.03
4276,875,2024-05-24,238,1,,1345.38,0,0.07,1439.56
4277,875,2024-05-24,309,3,,1022.71,0,0,1022.71
4278,875,2024-05-24,1593,2,,56.06,0,0.06,59.42
4279,875,2024-05-24,1345,1,,158.25,0,0.0685,169.09
4280,876,2024-05-25,559,1,,510.95,0,0.0475,535.22
4281,876,2024-05-25,87,1,,88.41,0,0.0625,93.94
4282,876,2024-05-25,369,1,,1219.1,0,0.0625,1295.29
4283,876,2024-05-25,441,1,,479.85,0,0.065,511.04
4284,876,2024-05-25,1744,1,,232.58,0,0.06875,248.57
4285,877,2024-05-26,457,2,,856.72,0,0.08,925.26
4286,877,2024-05-26,889,2,,525.18,0,0.056,554.59
4287,877,2024-05-26,815,2,,1138.08,0,0.0685,1216.04
4288,877,2024-05-26,1375,1,,212.13,0,0.06,224.86
4289,877,2024-05-26,612,2,,1170.97,0,0.0625,1244.16
4290,878,2024-05-27,1159,2,,62.75,0,0.0625,66.67
4291,878,2024-05-27,1014,2,,827.01,0,0.0625,878.7
4292,878,2024-05-27,1368,2,,438.57,0,0.0635,466.42
4293,878,2024-05-27,983,1,,154.37,0,0.0725,165.56
4294,878,2024-05-27,1712,2,,510.92,0,0.0445,533.66
4295,879,2024-05-28,576,1,,200.8,0,0.045,209.84
4296,879,2024-05-28,468,3,,1704.7,0,0.0445,1780.56
4297,879,2024-05-28,1721,1,,135.48,0,0.0485,142.05
4298,879,2024-05-28,1536,3,,648.15,0,0.065,690.28
4299,879,2024-05-28,1803,3,,40.66,0,0.0725,43.61
4300,880,2024-05-29,1070,2,,96.21,0,0.07,102.94
4301,880,2024-05-29,522,2,,181.27,0,0.0625,192.6
4302,880,2024-05-29,960,3,,72.17,0,0.0685,77.11
4303,880,2024-05-29,705,2,,255.76,0,0.065,272.38
4304,880,2024-05-29,1637,1,,210.63,0,0.0625,223.79
4305,881,2024-05-30,1479,1,,478.58,0,0.08,516.87
4306,881,2024-05-30,604,2,,378.71,0,0.0635,402.76
4307,881,2024-05-30,460,1,,696.49,0,0.065,741.76
4308,881,2024-05-30,1291,1,,140.44,0,0.0445,146.69
4309,881,2024-05-30,786,3,,12.67,0,0.06,13.43
4310,882,2024-05-31,1146,2,,62.75,0,0.0625,66.67
4311,882,2024-05-31,44,3,,868.39,0,0.0485,910.51
4312,882,2024-05-31,1479,2,,52.47,0,0.08,56.67
4313,882,2024-05-31,407,3,,29.64,0,0.0625,31.49
4314,882,2024-05-31,1925,2,,95.65,0,0.0725,102.58
4315,883,2024-06-01,1317,1,,427.06,0,0.04,444.14
4316,883,2024-06-01,1099,3,,922.55,0,0.04,959.45
4317,883,2024-06-01,451,1,,244.7,0,0.0725,262.44
4318,883,2024-06-01,212,1,,1054.54,0,0.06,1117.81
4319,883,2024-06-01,1854,3,,454.89,0,0.06875,486.16
4320,883,2024-06-01,80,1,,83.42,0,0,83.42
4321,884,2024-06-02,13,1,,2151.64,0,0.056,2272.13
4322,884,2024-06-02,1601,2,,640.04,0,0.07,684.84
4323,884,2024-06-02,926,1,,633.24,0,0.056,668.7
4324,884,2024-06-02,68,1,,26.56,0,0.0625,28.22
4325,884,2024-06-02,1843,1,,571.69,0,0.045,597.42
4326,884,2024-06-02,1223,2,,235.16,0,0.0445,245.62
4327,885,2024-06-03,605,1,,683.95,0,0.0635,727.38
4328,885,2024-06-03,1317,2,,150.25,0,0.04,156.26
4329,885,2024-06-03,414,3,,781.75,0,0.0725,838.43
4330,885,2024-06-03,1641,3,,100.25,0,0.0635,106.62
4331,885,2024-06-03,946,2,,348.22,0,0.05125,366.07
4332,886,2024-06-04,875,1,,651.45,0,0.065,693.79
4333,886,2024-06-04,1828,2,,241.03,0,0.0625,256.09
4334,886,2024-06-04,1756,1,,171.2,0,0.0625,181.9
4335,886,2024-06-04,82,2,,1064.19,0,0.029,1095.05
4336,886,2024-06-04,756,2,,1258.32,0,0.0485,1319.35
4337,887,2024-06-05,1268,3,,41.69,0,0,41.69
4338,887,2024-06-05,84,3,,78.42,0,0.0635,83.4
4339,887,2024-06-05,1754,2,,374.35,0,0.0625,397.75
4340,887,2024-06-05,1780,1,,66.03,0,0.06,69.99
4341,887,2024-06-05,63,3,,283.57,0,0.06,300.58
4342,888,2024-06-06,1625,2,,56.83,0,0.0625,60.38
4343,888,2024-06-06,695,3,,153.25,0,0.0445,160.07
4344,888,2024-06-06,1242,2,,195.18,0,0.06,206.89
4345,888,2024-06-06,1583,2,,485.09,0,0.065,516.62
4346,888,2024-06-06,1033,1,,58.28,0,0.0485,61.11
4347,889,2024-06-07,1528,2,,142.39,0,0.07,152.36
4348,889,2024-06-07,1977,1,,762.65,0,0.0625,810.32
4349,889,2024-06-07,358,3,,874.58,0,0.06,927.05
4350,889,2024-06-07,1272,3,,103.2,0,0.0625,109.65
4351,889,2024-06-07,1960,3,,369.35,0,0.0685,394.65
4352,890,2024-06-08,811,2,,90.78,0,0.0625,96.45
4353,890,2024-06-08,214,2,,528.9,0,0.0685,565.13
4354,890,2024-06-08,483,2,,1020.71,0,0.0635,1085.53
4355,890,2024-06-08,1318,1,,338.28,0,0.0575,357.73
4356,890,2024-06-08,1901,1,,398.24,0,0.08,430.1
4357,890,2024-06-08,1379,1,,483.43,0,0.0635,514.13
4358,891,2024-06-09,1366,1,,45.4,0,0,45.4
4359,891,2024-06-09,1227,2,,612.89,0,0.05125,644.3
4360,891,2024-06-09,713,3,,285.82,0,0.0625,303.68
4361,891,2024-06-09,333,2,,815.5,0,0.0635,867.28
4362,891,2024-06-09,395,1,,1178.22,0,0.029,1212.39
4363,891,2024-06-09,17,2,,1215.18,0,0.0685,1298.42
4364,892,2024-06-10,265,1,,1208.17,0,0.0575,1277.64
4365,892,2024-06-10,223,1,,604.9,0,0.0475,633.63
4366,892,2024-06-10,696,2,,377.87,0,0.045,394.87
4367,892,2024-06-10,1245,3,,386.72,0,0.065,411.86
4368,892,2024-06-10,400,1,,182.92,0,0.065,194.81
4369,893,2024-06-11,908,1,,15.78,0,0.06,16.73
4370,893,2024-06-11,1286,2,,243.2,0,0.0685,259.86
4371,893,2024-06-11,171,3,,65.54,0,0.0685,70.03
4372,893,2024-06-11,336,3,,105.19,0,0.07,112.55
4373,893,2024-06-11,1920,3,,174.56,0,0.0475,182.85
4374,894,2024-06-12,1604,2,,248.98,0,0.065,265.16
4375,894,2024-06-12,778,1,,414.87,0,0.065,441.84
4376,894,2024-06-12,430,1,,430,0,0.0635,457.3
4377,894,2024-06-12,366,3,,925.87,0,0.0485,970.77
4378,894,2024-06-12,163,2,,802.51,0,0.06,850.66
4379,895,2024-06-13,1954,1,,131.18,0,0.0485,137.54
4380,895,2024-06-13,1294,1,,387.9,0,0.0635,412.53
4381,895,2024-06-13,358,3,,490.79,0,0.06,520.24
4382,895,2024-06-13,785,2,,425.73,0,0.06875,455
4383,895,2024-06-13,228,2,,1524.94,0,0.065,1624.06
4384,896,2024-06-14,792,1,,369.76,0,0.0625,392.87
4385,896,2024-06-14,1259,3,,590.01,0,0.06,625.41
4386,896,2024-06-14,781,1,,98.27,0,0.0625,104.41
4387,896,2024-06-14,1033,2,,122.76,0,0.0485,128.71
4388,896,2024-06-14,1682,1,,896.75,0,0.065,955.04
4389,897,2024-06-15,1635,2,,439.55,0,0.065,468.12
4390,897,2024-06-15,169,2,,2052.38,0,0.0685,2192.97
4391,897,2024-06-15,1577,1,,703.47,0,0.08,759.75
4392,897,2024-06-15,1035,3,,243.33,0,0.06,257.93
4393,897,2024-06-15,914,3,,20.68,0,0.0625,21.97
4394,897,2024-06-15,840,1,,546.89,0,0.0625,581.07
4395,898,2024-06-16,603,3,,378.05,0,0.06,400.73
4396,898,2024-06-16,1401,1,,156.23,0,0.08,168.73
4397,898,2024-06-16,936,1,,156.53,0,0.0475,163.97
4398,898,2024-06-16,1907,1,,1177.89,0,0.0625,1251.51
4399,898,2024-06-16,1139,1,,514.22,0,0,514.22
4400,898,2024-06-16,31,2,,2058.03,0,0.0625,2186.66
4401,899,2024-06-17,1694,3,,1443.87,0,0.0485,1513.9
4402,899,2024-06-17,1802,3,,58.78,0,0.06,62.31
4403,899,2024-06-17,474,2,,632.31,0,0.0625,671.83
4404,899,2024-06-17,728,2,,155.18,0,0.06,164.49
4405,899,2024-06-17,1125,2,,373.95,0,0.06875,399.66
4406,900,2024-06-18,1855,3,,343.62,0,0.0725,368.53
4407,900,2024-06-18,308,1,,808.68,0,0,808.68
4408,900,2024-06-18,571,1,,1480.16,0,0.0685,1581.55
4409,900,2024-06-18,174,1,,1751.11,0,0.0485,1836.04
4410,900,2024-06-18,1344,1,,459.75,0,0.029,473.08
4411,901,2024-06-19,1669,1,,189.24,0,0.06,200.59
4412,901,2024-06-19,593,1,,190.3,0,0.04,197.91
4413,901,2024-06-19,1487,1,,100.16,0,0.0635,106.52
4414,901,2024-06-19,1477,1,,733.79,0,0.05125,771.4
4415,901,2024-06-19,847,1,,501.55,0,0.08,541.67
4416,902,2024-06-20,943,2,,33.4,0,0.0725,35.82
4417,902,2024-06-20,287,1,,408.34,0,0.0445,426.51
4418,902,2024-06-20,833,1,,255.18,0,0.0575,269.85
4419,902,2024-06-20,699,3,,80.56,0,0.0445,84.14
4420,902,2024-06-20,955,2,,562.75,0,0.0685,601.3
4421,903,2024-06-21,1956,1,,486.08,0,0.065,517.68
4422,903,2024-06-21,1192,3,,709.5,0,0.06,752.07
4423,903,2024-06-21,1690,2,,86.54,0,0.0725,92.81
4424,903,2024-06-21,155,3,,1223.05,0,0,1223.05
4425,903,2024-06-21,1803,2,,502.86,0,0.0725,539.32
4426,904,2024-06-22,1497,2,,263.08,0,0.06,278.86
4427,904,2024-06-22,1686,3,,614.15,0,0.0625,652.53
4428,904,2024-06-22,1067,2,,498.2,0,0.029,512.65
4429,904,2024-06-22,1756,2,,823.54,0,0.0625,875.01
4430,904,2024-06-22,1009,1,,679.14,0,0.0725,728.38
4431,904,2024-06-22,1558,3,,159.88,0,0.06,169.47
4432,905,2024-06-23,1490,1,,399.89,0,0.065,425.88
4433,905,2024-06-23,685,3,,36.69,0,0.06,38.89
4434,905,2024-06-23,807,3,,176.83,0,0.0685,188.94
4435,905,2024-06-23,1335,3,,91.62,0,0.06,97.12
4436,905,2024-06-23,1992,2,,333.67,0,0.04,347.02
4437,905,2024-06-23,1799,2,,172.53,0,0.05125,181.37
4438,906,2024-06-24,509,2,,363.27,0,0.0625,385.97
4439,906,2024-06-24,556,3,,807.29,0,0.0445,843.21
4440,906,2024-06-24,512,2,,139.7,0,0.06,148.08
4441,906,2024-06-24,1112,1,,268.19,0,0.0575,283.61
4442,906,2024-06-24,1983,1,,56.83,0,0.0625,60.38
4443,907,2024-06-25,480,3,,1120.53,0,0.06875,1197.57
4444,907,2024-06-25,413,3,,2292.31,0,0.0725,2458.5
4445,907,2024-06-25,1322,2,,291.24,0,0.04,302.89
4446,907,2024-06-25,1870,2,,262.6,0,0.0685,280.59
4447,907,2024-06-25,1166,1,,414.28,0,0.08,447.42
4448,908,2024-06-26,1599,3,,1834.03,0,0.045,1916.56
4449,908,2024-06-26,1330,3,,124.94,0,0.045,130.56
4450,908,2024-06-26,609,3,,17.23,0,0.065,18.35
4451,908,2024-06-26,72,3,,802.88,0,0.0625,853.06
4452,908,2024-06-26,1700,1,,726.07,0,0,726.07
4453,909,2024-06-27,443,1,,497.54,0,0.0685,531.62
4454,909,2024-06-27,1884,3,,680.09,0,0.0625,722.6
4455,909,2024-06-27,1484,2,,1071.59,0,0.06,1135.89
4456,909,2024-06-27,567,2,,745.08,0,0.0575,787.92
4457,909,2024-06-27,1339,3,,40.28,0,0,40.28
4458,910,2024-06-28,293,2,,1881.78,0,0.07,2013.5
4459,910,2024-06-28,314,2,,417.05,0,0.06875,445.72
4460,910,2024-06-28,1229,2,,1053.09,0,0.0625,1118.91
4461,910,2024-06-28,1788,1,,280.2,0,0.0725,300.51
4462,910,2024-06-28,680,1,,560.76,0,0.0625,595.81
4463,911,2024-06-29,664,2,,712.75,0,0.0625,757.3
4464,911,2024-06-29,1006,1,,722.2,0,0.06875,771.85
4465,911,2024-06-29,1899,1,,75.61,0,0.0445,78.97
4466,911,2024-06-29,1370,1,,421.52,0,0.045,440.49
4467,911,2024-06-29,545,1,,408.01,0,0.065,434.53
4468,911,2024-06-29,986,3,,423.41,0,0.0725,454.11
4469,912,2024-06-30,681,1,,252.58,0,0.0725,270.89
4470,912,2024-06-30,38,3,,327.99,0,0.0625,348.49
4471,912,2024-06-30,817,3,,471.29,0,0.06,499.57
4472,912,2024-06-30,936,3,,373.77,0,0.0475,391.52
4473,912,2024-06-30,1021,2,,744.06,0,0.0725,798
4474,912,2024-06-30,891,1,,56.53,0,0.065,60.2
4475,913,2024-07-01,1638,1,,140.62,0,0.06875,150.29
4476,913,2024-07-01,639,1,,314.98,0,0.065,335.45
4477,913,2024-07-01,835,3,,1325.88,0,0.045,1385.54
4478,913,2024-07-01,751,2,,132.59,0,0.056,140.02
4479,913,2024-07-01,380,3,,389.16,0,0.0625,413.48
4480,914,2024-07-02,476,3,,617.63,0,0.0635,656.85
4481,914,2024-07-02,41,2,,993.42,0,0.065,1057.99
4482,914,2024-07-02,779,1,,79.33,0,0.0575,83.89
4483,914,2024-07-02,982,3,,294.16,0,0.0635,312.84
4484,914,2024-07-02,1773,2,,1132.46,0,0.065,1206.07
4485,915,2024-07-03,283,1,,675.56,0,0.06,716.09
4486,915,2024-07-03,1482,3,,397.92,0,0.065,423.78
4487,915,2024-07-03,358,2,,771.11,0,0.06,817.38
4488,915,2024-07-03,309,2,,686,0,0,686
4489,915,2024-07-03,1686,2,,33.88,0,0.0625,36
4490,916,2024-07-04,192,1,,239.36,0,0.0725,256.71
4491,916,2024-07-04,1703,2,,190.48,0,0.0625,202.38
4492,916,2024-07-04,1677,2,,235.69,0,0.06875,251.89
4493,916,2024-07-04,378,1,,527.2,0,0.06875,563.45
4494,916,2024-07-04,207,3,,772.55,0,0.0635,821.61
4495,917,2024-07-05,1758,1,,383.81,0,0.06,406.84
4496,917,2024-07-05,393,1,,303.22,0,0.065,322.93
4497,917,2024-07-05,1729,2,,1212.02,0,0.0635,1288.98
4498,917,2024-07-05,847,3,,653.74,0,0.08,706.04
4499,917,2024-07-05,125,2,,62.56,0,0,62.56
4500,918,2024-07-06,1258,1,,802.57,0,0.0635,853.53
4501,918,2024-07-06,394,3,,31.59,0,0.0725,33.88
4502,918,2024-07-06,435,2,,20.54,0,0.06,21.77
4503,918,2024-07-06,7,3,,467.61,0,0.0635,497.3
4504,918,2024-07-06,91,3,,1441.68,0,0.08,1557.01
4505,919,2024-07-07,959,2,,13.69,0,0.0625,14.55
4506,919,2024-07-07,444,2,,91.2,0,0,91.2
4507,919,2024-07-07,1154,1,,450.65,0,0.0575,476.56
4508,919,2024-07-07,359,1,,569.62,0,0.06,603.8
4509,919,2024-07-07,1943,1,,44.34,0,0.06875,47.39
4510,920,2024-07-08,1346,1,,2497.7,0,0.06,2647.56
4511,920,2024-07-08,1568,2,,1042.61,0,0.06875,1114.29
4512,920,2024-07-08,1148,2,,742.1,0,0.045,775.49
4513,920,2024-07-08,1708,3,,426.65,0,0.0685,455.88
4514,920,2024-07-08,1378,3,,93.84,0,0.06,99.47
4515,921,2024-07-09,1003,1,,147.59,0,0.0685,157.7
4516,921,2024-07-09,1250,1,,178.66,0,0.08,192.95
4517,921,2024-07-09,1653,1,,327.37,0,0.056,345.7
4518,921,2024-07-09,718,3,,346.42,0,0.0625,368.07
4519,921,2024-07-09,1686,3,,333.68,0,0.0625,354.54
4520,922,2024-07-10,1148,2,,672.34,0,0.045,702.6
4521,922,2024-07-10,890,3,,521.62,0,0.0625,554.22
4522,922,2024-07-10,1738,1,,755.6,0,0.0725,810.38
4523,922,2024-07-10,877,2,,109.08,0,0.056,115.19
4524,922,2024-07-10,1235,1,,429.59,0,0.056,453.65
4525,923,2024-07-11,1453,2,,552.87,0,0.0685,590.74
4526,923,2024-07-11,1960,2,,506.44,0,0.0685,541.13
4527,923,2024-07-11,747,1,,107.88,0,0.0575,114.08
4528,923,2024-07-11,39,1,,1901.13,0,0.08,2053.22
4529,923,2024-07-11,1147,3,,545.79,0,0.0725,585.36
4530,924,2024-07-12,1819,3,,799.33,0,0,799.33
4531,924,2024-07-12,1527,3,,679.17,0,0.04,706.34
4532,924,2024-07-12,1342,1,,501.24,0,0.0725,537.58
4533,924,2024-07-12,828,2,,426.1,0,0.06,451.67
4534,924,2024-07-12,192,3,,781.53,0,0.0725,838.19
4535,925,2024-07-13,1762,1,,83.43,0,0.0685,89.14
4536,925,2024-07-13,730,2,,76.71,0,0.0635,81.58
4537,925,2024-07-13,752,1,,52.65,0,0.045,55.02
4538,925,2024-07-13,764,1,,318.3,0,0.06,337.4
4539,925,2024-07-13,845,1,,81.92,0,0.0685,87.53
4540,926,2024-07-14,1257,1,,183.95,0,0.06,194.99
4541,926,2024-07-14,1369,1,,260.07,0,0.0625,276.32
4542,926,2024-07-14,398,2,,245.76,0,0.06875,262.66
4543,926,2024-07-14,147,1,,863.1,0,0.029,888.13
4544,926,2024-07-14,1571,1,,616.3,0,0.06,653.28
4545,927,2024-07-15,1155,2,,166.82,0,0.0575,176.41
4546,927,2024-07-15,1937,3,,222.9,0,0.06,236.27
4547,927,2024-07-15,589,1,,317.32,0,0.065,337.95
4548,927,2024-07-15,635,2,,269.46,0,0.0725,289
4549,927,2024-07-15,94,1,,1287.49,0,0.06,1364.74
4550,928,2024-07-16,946,3,,45.3,0,0.05125,47.62
4551,928,2024-07-16,373,2,,631.92,0,0.06,669.84
4552,928,2024-07-16,1852,1,,532.55,0,0.065,567.17
4553,928,2024-07-16,855,1,,672.69,0,0.06,713.05
4554,928,2024-07-16,18,1,,930.18,0,0.0685,993.9
4555,929,2024-07-17,208,2,,2268.16,0,0.04,2358.89
4556,929,2024-07-17,587,2,,555.89,0,0.065,592.02
4557,929,2024-07-17,175,2,,541.98,0,0.065,577.21
4558,929,2024-07-17,128,1,,1247.25,0,0.0725,1337.68
4559,929,2024-07-17,562,3,,713.61,0,0.06,756.43
4560,930,2024-07-18,622,2,,90.06,0,0.0725,96.59
4561,930,2024-07-18,379,2,,868.61,0,0.06875,928.33
4562,930,2024-07-18,20,1,,425.7,0,0.0625,452.31
4563,930,2024-07-18,1374,3,,238.26,0,0.0575,251.96
4564,930,2024-07-18,1333,1,,150.25,0,0.06875,160.58
4565,931,2024-07-19,1219,1,,657.16,0,0.0625,698.23
4566,931,2024-07-19,1921,1,,15.76,0,0.065,16.78
4567,931,2024-07-19,1526,2,,615.22,0,0.0625,653.67
4568,931,2024-07-19,198,2,,91,0,0.06875,97.26
4569,931,2024-07-19,892,1,,58.28,0,0.04,60.61
4570,932,2024-07-20,1133,1,,116.04,0,0.06,123
4571,932,2024-07-20,1859,3,,925.43,0,0.0475,969.39
4572,932,2024-07-20,1246,3,,510.97,0,0.0625,542.91
4573,932,2024-07-20,233,1,,602.96,0,0.0625,640.65
4574,932,2024-07-20,345,1,,2039.86,0,0.06875,2180.1
4575,933,2024-07-21,1526,3,,390.36,0,0.0625,414.76
4576,933,2024-07-21,338,3,,667.44,0,0.07,714.16
4577,933,2024-07-21,1223,1,,424,0,0.0445,442.87
4578,933,2024-07-21,620,3,,483,0,0.06,511.98
4579,933,2024-07-21,1675,2,,384.84,0,0.0625,408.89
4580,934,2024-07-22,1440,1,,43.21,0,0,43.21
4581,934,2024-07-22,752,1,,212.49,0,0.045,222.05
4582,934,2024-07-22,1578,2,,239.66,0,0.0725,257.04
4583,934,2024-07-22,1507,1,,193.05,0,0.0575,204.15
4584,934,2024-07-22,912,1,,375.38,0,0.0625,398.84
4585,935,2024-07-23,372,2,,1059.83,0,0.065,1128.72
4586,935,2024-07-23,258,3,,245.07,0,0.0635,260.63
4587,935,2024-07-23,171,2,,309.51,0,0.0685,330.71
4588,935,2024-07-23,804,3,,313.75,0,0.0575,331.79
4589,935,2024-07-23,759,3,,509.66,0,0.08,550.43
4590,936,2024-07-24,374,2,,1003.37,0,0.0725,1076.11
4591,936,2024-07-24,1825,3,,517.41,0,0.06,548.45
4592,936,2024-07-24,413,2,,214.05,0,0.0725,229.57
4593,936,2024-07-24,26,1,,599.75,0,0.06,635.73
4594,936,2024-07-24,1314,3,,543.02,0,0.0635,577.5
4595,937,2024-07-25,1680,2,,473,0,0.065,503.75
4596,937,2024-07-25,157,2,,842.38,0,0.06,892.92
4597,937,2024-07-25,1256,1,,155.62,0,0.0635,165.5
4598,937,2024-07-25,1520,2,,843.89,0,0.08,911.4
4599,937,2024-07-25,677,1,,93.86,0,0.0635,99.82
4600,938,2024-07-26,235,2,,962.91,0,0.045,1006.24
4601,938,2024-07-26,1362,1,,408.13,0,0.0635,434.05
4602,938,2024-07-26,1806,1,,489.84,0,0.056,517.27
4603,938,2024-07-26,1412,2,,617.79,0,0.0625,656.4
4604,938,2024-07-26,207,1,,754.54,0,0.0635,802.45
4605,939,2024-07-27,642,1,,131.08,0,0.06875,140.09
4606,939,2024-07-27,1695,1,,230.42,0,0.045,240.79
4607,939,2024-07-27,405,3,,1029.47,0,0.0625,1093.81
4608,939,2024-07-27,1669,2,,599.08,0,0.06,635.02
4609,939,2024-07-27,335,2,,614.3,0,0.06,651.16
4610,940,2024-07-28,70,1,,520.9,0,0.065,554.76
4611,940,2024-07-28,534,1,,738.48,0,0.045,771.71
4612,940,2024-07-28,1850,1,,1249.79,0,0.0685,1335.4
4613,940,2024-07-28,333,2,,1297.98,0,0.0635,1380.4
4614,940,2024-07-28,1818,1,,132.33,0,0.065,140.93
4615,941,2024-07-29,1260,2,,604.3,0,0.0635,642.67
4616,941,2024-07-29,418,2,,910.03,0,0.0445,950.53
4617,941,2024-07-29,545,2,,489.08,0,0.065,520.87
4618,941,2024-07-29,139,1,,253.52,0,0.0625,269.37
4619,941,2024-07-29,999,3,,92.44,0,0.0475,96.83
4620,942,2024-07-30,1765,1,,243.11,0,0.0625,258.3
4621,942,2024-07-30,687,2,,18.93,0,0.08,20.44
4622,942,2024-07-30,1008,3,,336.9,0,0.07,360.48
4623,942,2024-07-30,118,2,,1315.83,0,0.06,1394.78
4624,942,2024-07-30,1262,1,,202.27,0,0.065,215.42
4625,943,2024-07-31,1265,2,,767.54,0,0.0635,816.28
4626,943,2024-07-31,34,1,,1346.05,0,0,1346.05
4627,943,2024-07-31,501,1,,76.74,0,0.0635,81.61
4628,943,2024-07-31,1154,2,,311.01,0,0.0575,328.89
4629,943,2024-07-31,1857,1,,781,0,0.0685,834.5
4630,944,2024-08-01,1403,1,,351.53,0,0.0625,373.5
4631,944,2024-08-01,1900,1,,292.16,0,0.0725,313.34
4632,944,2024-08-01,566,1,,89.34,0,0.0445,93.32
4633,944,2024-08-01,1692,3,16,178.6,31.52,0.0475,187.08
4634,944,2024-08-01,226,1,,435.36,0,0.065,463.66
4635,944,2024-08-01,220,2,,1169.31,0,0.045,1221.93
4636,944,2024-08-01,99,1,,945.2,0,0.06875,1010.18
4637,945,2024-08-02,1002,3,,245.82,0,0.05125,258.42
4638,945,2024-08-02,682,1,16,134.51,23.74,0.0445,140.5
4639,945,2024-08-02,997,2,16,107.35,18.94,0.0575,113.52
4640,945,2024-08-02,1313,2,,346.49,0,0.056,365.89
4641,945,2024-08-02,530,3,16,98.4,17.36,0.0685,105.14
4642,945,2024-08-02,1287,1,,409.09,0,0.0625,434.66
4643,945,2024-08-02,519,1,,473,0,0.0725,507.29
4644,946,2024-08-03,118,1,,2010.54,0,0.06,2131.17
4645,946,2024-08-03,1918,2,16,898.32,158.53,0.07,961.2
4646,946,2024-08-03,1948,2,,455.25,0,0.056,480.74
4647,946,2024-08-03,1606,3,,375.11,0,0.06,397.62
4648,946,2024-08-03,1526,3,16,277.84,49.03,0.0625,295.2
4649,946,2024-08-03,368,3,,329.84,0,0.056,348.31
4650,946,2024-08-03,1208,1,,1232.5,0,0.07,1318.78
4651,946,2024-08-03,500,3,16,547.63,96.65,0.0485,574.19
4652,947,2024-08-04,1494,3,16,912.16,160.97,0.08,985.13
4653,947,2024-08-04,71,3,16,400.46,70.68,0.0685,427.89
4654,947,2024-08-04,1034,1,,442.72,0,0.056,467.51
4655,947,2024-08-04,1293,1,,205.16,0,0.065,218.5
4656,947,2024-08-04,1246,1,,443.08,0,0.0625,470.77
4657,947,2024-08-04,582,1,,18.2,0,0.07,19.47
4658,947,2024-08-04,70,1,,322.43,0,0.065,343.39
4659,947,2024-08-04,159,1,16,639.27,112.83,0.0625,679.22
4660,947,2024-08-04,118,1,16,1249.32,220.45,0.06,1324.28
4661,948,2024-08-05,461,3,16,2114.12,373.08,0.07,2262.11
4662,948,2024-08-05,986,2,,12.67,0,0.0725,13.59
4663,948,2024-08-05,95,2,,1110.11,0,0.029,1142.3
4664,948,2024-08-05,128,2,,2114.24,0,0.0725,2267.52
4665,948,2024-08-05,1236,3,16,250.87,44.27,0.0625,266.55
4666,948,2024-08-05,33,3,,1082.27,0,0.0625,1149.91
4667,949,2024-08-06,1442,1,,136.29,0,0.0685,145.63
4668,949,2024-08-06,108,2,,1597.43,0,0.0445,1668.52
4669,949,2024-08-06,1287,1,16,61.34,10.83,0.0625,65.17
4670,949,2024-08-06,863,2,,994.8,0,0.045,1039.57
4671,949,2024-08-06,842,1,16,279.46,49.31,0.065,297.62
4672,949,2024-08-06,1570,2,,128.1,0,0.065,136.43
4673,949,2024-08-06,1890,1,,822.36,0,0.0635,874.58
4674,950,2024-08-07,1677,2,,532.55,0,0.06875,569.16
4675,950,2024-08-07,511,1,,371.47,0,0.0485,389.49
4676,950,2024-08-07,201,1,,1045.65,0,0.0485,1096.36
4677,950,2024-08-07,353,2,,223.52,0,0,223.52
4678,950,2024-08-07,1559,3,,598.98,0,0.0485,628.03
4679,950,2024-08-07,762,1,,134.13,0,0.07,143.52
4680,950,2024-08-07,1008,2,,248.36,0,0.07,265.75
4681,951,2024-08-08,658,1,,431.83,0,0.0635,459.25
4682,951,2024-08-08,180,2,16,264.03,46.6,0,264.03
4683,951,2024-08-08,1733,2,,756.2,0,0,756.2
4684,951,2024-08-08,1630,3,,655.44,0,0.0575,693.13
4685,951,2024-08-08,739,3,16,868.83,153.31,0.045,907.93
4686,951,2024-08-08,733,1,16,99.92,17.64,0.065,106.41
4687,951,2024-08-08,1606,2,,114.33,0,0.06,121.19
4688,952,2024-08-09,399,3,,1335.84,0,0,1335.84
4689,952,2024-08-09,1284,3,,180.91,0,0.08,195.38
4690,952,2024-08-09,1708,2,16,226.61,39.99,0.0685,242.13
4691,952,2024-08-09,725,3,,1058.52,0,0.04,1100.86
4692,952,2024-08-09,1131,3,,249.46,0,0.0635,265.3
4693,952,2024-08-09,140,2,,1932.33,0,0.07,2067.59
4694,952,2024-08-09,1198,1,16,444.36,78.41,0.045,464.36
4695,953,2024-08-10,868,2,,206.72,0,0.0625,219.64
4696,953,2024-08-10,999,1,,198.27,0,0.0475,207.69
4697,953,2024-08-10,1887,3,,1478.46,0,0.065,1574.56
4698,953,2024-08-10,1010,3,16,149.85,26.45,0.0625,159.22
4699,953,2024-08-10,1858,3,,241.11,0,0.06,255.58
4700,953,2024-08-10,1009,3,,25.34,0,0.0725,27.18
4701,953,2024-08-10,1233,3,,801.48,0,0.0625,851.57
4702,953,2024-08-10,193,3,,239.28,0,0.029,246.22
4703,953,2024-08-10,1816,1,16,282.36,49.84,0.0625,300.01
4704,954,2024-08-11,1809,2,,78.42,0,0.07,83.91
4705,954,2024-08-11,463,2,16,629.73,111.15,0.065,670.66
4706,954,2024-08-11,189,1,16,1050.78,185.42,0.07,1124.33
4707,954,2024-08-11,318,1,,1355.11,0,0.0445,1415.41
4708,954,2024-08-11,156,1,16,970.79,171.32,0.0625,1031.46
4709,954,2024-08-11,852,1,,89.34,0,0.08,96.49
4710,954,2024-08-11,1826,3,,148.97,0,0.06,157.91
4711,954,2024-08-11,887,1,,249.88,0,0,249.88
4712,955,2024-08-12,1829,2,,137.48,0,0.0685,146.9
4713,955,2024-08-12,1438,3,,306.27,0,0.0635,325.72
4714,955,2024-08-12,1545,3,16,273.45,48.26,0.065,291.22
4715,955,2024-08-12,1147,1,,114.36,0,0.0725,122.65
4716,955,2024-08-12,1230,2,,744.45,0,0.0625,790.98
4717,955,2024-08-12,1028,1,,880.95,0,0.04,916.19
4718,955,2024-08-12,465,2,,394.42,0,0.0725,423.02
4719,956,2024-08-13,1697,1,,276.18,0,0.065,294.13
4720,956,2024-08-13,1377,2,,173.84,0,0.0625,184.71
4721,956,2024-08-13,1047,1,16,321.66,56.76,0.065,342.57
4722,956,2024-08-13,374,3,,677.68,0,0.0725,726.81
4723,956,2024-08-13,131,1,,933.23,0,0.0625,991.56
4724,956,2024-08-13,701,1,,378.54,0,0.0625,402.2
4725,956,2024-08-13,684,1,,505.33,0,0.06,535.65
4726,957,2024-08-14,1793,1,16,276.12,48.72,0.04,287.16
4727,957,2024-08-14,665,3,,219.94,0,0.0625,233.69
4728,957,2024-08-14,782,1,,560.03,0,0.0445,584.95
4729,957,2024-08-14,275,1,16,777.46,137.16,0.0625,826.05
4730,957,2024-08-14,1435,3,16,308.16,54.38,0.0635,327.73
4731,957,2024-08-14,95,2,,1082.06,0,0.029,1113.44
4732,957,2024-08-14,962,3,16,340.47,60.09,0.08,367.71
4733,958,2024-08-15,1434,2,,96.21,0,0.06,101.98
4734,958,2024-08-15,988,2,,749,0,0.0575,792.07
4735,958,2024-08-15,1168,2,16,404.32,71.35,0.0685,432.02
4736,958,2024-08-15,490,3,,129.33,0,0.0575,136.77
4737,958,2024-08-15,1026,2,,546.24,0,0.0625,580.38
4738,958,2024-08-15,1027,2,,26.56,0,0.07,28.42
4739,958,2024-08-15,1564,2,,137.13,0,0,137.13
4740,959,2024-08-16,503,2,,279.81,0,0.065,298
4741,959,2024-08-16,1309,2,,341.28,0,0.0725,366.02
4742,959,2024-08-16,119,3,,926.4,0,0.045,968.09
4743,959,2024-08-16,1418,1,,649.91,0,0.0475,680.78
4744,959,2024-08-16,1836,3,,1232.48,0,0.06,1306.43
4745,959,2024-08-16,1604,2,,350.74,0,0.065,373.54
4746,959,2024-08-16,366,2,16,782.8,138.14,0.0485,820.77
4747,960,2024-08-17,1783,2,16,150.18,26.49,0.065,159.94
4748,960,2024-08-17,1518,1,,660.13,0,0.0625,701.39
4749,960,2024-08-17,394,1,16,770.49,135.97,0.0725,826.35
4750,960,2024-08-17,1375,3,,444.54,0,0.06,471.21
4751,960,2024-08-17,1420,2,16,430.77,76.03,0.056,454.89
4752,960,2024-08-17,277,1,,682.12,0,0.06875,729.02
4753,960,2024-08-17,1246,2,,378.87,0,0.0625,402.55
4754,960,2024-08-17,1565,1,,22.55,0,0.0635,23.98
4755,960,2024-08-17,381,3,16,793.24,139.95,0.07,848.77
4756,961,2024-08-18,1595,1,,80.56,0,0.04,83.78
4757,961,2024-08-18,486,2,,2505.04,0,0.0485,2626.53
4758,961,2024-08-18,577,1,,167.15,0,0.0685,178.6
4759,961,2024-08-18,49,1,16,701.1,123.73,0.0685,749.13
4760,961,2024-08-18,356,1,,863.81,0,0.05125,908.08
4761,961,2024-08-18,1382,3,,1422.34,0,0.08,1536.13
4762,961,2024-08-18,1969,3,,452.93,0,0.0725,485.77
4763,961,2024-08-18,1575,2,,462.37,0,0.06,490.11
4764,962,2024-08-19,1248,1,16,163.56,28.86,0.0635,173.95
4765,962,2024-08-19,1246,1,,840.71,0,0.0625,893.25
4766,962,2024-08-19,1169,1,16,47.89,8.45,0.0725,51.36
4767,962,2024-08-19,52,1,16,217.4,38.37,0.06,230.44
4768,962,2024-08-19,1895,2,16,191.53,33.81,0.0635,203.69
4769,962,2024-08-19,1159,2,16,380.65,67.16,0.0625,404.44
4770,962,2024-08-19,1415,2,,9.88,0,0.045,10.32
4771,963,2024-08-20,1466,2,16,831.58,146.73,0.0685,888.54
4772,963,2024-08-20,338,2,16,1305.65,230.42,0.07,1397.05
4773,963,2024-08-20,273,1,,1502.05,0,0.08,1622.21
4774,963,2024-08-20,1130,1,16,481.37,84.96,0.0725,516.27
4775,963,2024-08-20,933,3,,18.78,0,0.07,20.09
4776,963,2024-08-20,222,3,,1080.76,0,0.0625,1148.31
4777,963,2024-08-20,859,2,,197.59,0,0.0635,210.14
4778,963,2024-08-20,1534,3,,17.23,0,0.06,18.26
4779,964,2024-08-21,58,3,,1683.66,0,0.08,1818.35
4780,964,2024-08-21,364,2,,1195.1,0,0.0635,1270.99
4781,964,2024-08-21,1572,2,,609.31,0,0.065,648.92
4782,964,2024-08-21,1930,2,16,584.71,103.17,0.045,611.02
4783,964,2024-08-21,1415,1,,121.22,0,0.045,126.67
4784,964,2024-08-21,851,2,,204.42,0,0.07,218.73
4785,964,2024-08-21,1765,3,,38.68,0,0.0625,41.1
4786,965,2024-08-22,75,1,,498.4,0,0.06,528.3
4787,965,2024-08-22,1648,1,,64.15,0,0.0485,67.26
4788,965,2024-08-22,684,2,16,582.73,102.83,0.06,617.69
4789,965,2024-08-22,79,2,16,581.88,102.72,0.08,628.43
4790,965,2024-08-22,1807,2,16,440.68,77.76,0.06,467.12
4791,965,2024-08-22,548,2,16,254.77,44.97,0.0575,269.42
4792,965,2024-08-22,2000,3,,1149.42,0,0.0445,1200.57
4793,966,2024-08-23,1217,1,,96.21,0,0.0725,103.19
4794,966,2024-08-23,262,2,,891.2,0,0.0485,934.42
4795,966,2024-08-23,1686,1,,158.25,0,0.0625,168.14
4796,966,2024-08-23,1820,1,,242.77,0,0.0725,260.37
4797,966,2024-08-23,1063,2,,487.95,0,0.08,526.99
4798,966,2024-08-23,339,2,,1370.26,0,0.0575,1449.05
4799,966,2024-08-23,1509,2,16,110.19,19.44,0.0445,115.09
4800,967,2024-08-24,1166,3,,643.77,0,0.08,695.27
4801,967,2024-08-24,1723,1,,212.25,0,0.06,224.98
4802,967,2024-08-24,1280,1,16,78.12,13.79,0.0445,81.6
4803,967,2024-08-24,1600,2,16,110.46,19.49,0.0625,117.36
4804,967,2024-08-24,1176,2,,843.3,0,0.08,910.76
4805,967,2024-08-24,1957,3,16,355.73,62.77,0.029,366.05
4806,967,2024-08-24,1056,1,16,86.8,15.32,0.0625,92.22
4807,967,2024-08-24,1993,2,16,492.27,86.88,0.05125,517.5
4808,967,2024-08-24,1666,2,,36.69,0,0.065,39.07
4809,968,2024-08-25,1737,1,,183.85,0,0.06875,196.49
4810,968,2024-08-25,473,3,,392.49,0,0.06,416.04
4811,968,2024-08-25,214,3,16,1707.2,301.32,0.0685,1824.14
4812,968,2024-08-25,331,3,,615.46,0,0.0625,653.93
4813,968,2024-08-25,222,2,,208.6,0,0.0625,221.64
4814,968,2024-08-25,175,2,,497.01,0,0.065,529.32
4815,968,2024-08-25,540,1,16,368.64,65.07,0.0475,386.15
4816,968,2024-08-25,1255,1,,104.94,0,0.0635,111.6
4817,969,2024-08-26,1076,3,,612.92,0,0.0625,651.23
4818,969,2024-08-26,352,2,,1261.43,0,0.06875,1348.15
4819,969,2024-08-26,235,2,16,777.62,137.19,0.045,812.61
4820,969,2024-08-26,251,3,16,1093.68,192.99,0.06,1159.3
4821,969,2024-08-26,788,1,,545.27,0,0.065,580.71
4822,969,2024-08-26,761,3,,151.68,0,0.08,163.81
4823,969,2024-08-26,92,2,,1753.58,0,0.0625,1863.18
4824,970,2024-08-27,296,2,,1549.95,0,0.0635,1648.37
4825,970,2024-08-27,1977,1,,97.34,0,0.0625,103.42
4826,970,2024-08-27,1636,2,,438.45,0,0.07,469.14
4827,970,2024-08-27,966,2,,398.73,0,0.06,422.65
4828,970,2024-08-27,694,2,16,178.53,31.5,0.08,192.81
4829,970,2024-08-27,759,1,16,330.96,58.4,0.08,357.44
4830,970,2024-08-27,1077,1,,431.74,0,0.08,466.28
4831,971,2024-08-28,1552,1,16,10.67,1.88,0.0475,11.18
4832,971,2024-08-28,963,2,,169.46,0,0.07,181.32
4833,971,2024-08-28,1758,2,,620.25,0,0.06,657.46
4834,971,2024-08-28,295,2,16,805.54,142.16,0.0725,863.94
4835,971,2024-08-28,1260,1,,868.74,0,0.0635,923.9
4836,971,2024-08-28,81,3,,1477.58,0,0.04,1536.68
4837,971,2024-08-28,1182,3,16,454.02,80.12,0,454.02
4838,972,2024-08-29,771,1,,770.98,0,0.07,824.95
4839,972,2024-08-29,695,3,,398.2,0,0.0445,415.92
4840,972,2024-08-29,1445,1,,280.73,0,0,280.73
4841,972,2024-08-29,1480,2,16,204.61,36.11,0.0635,217.6
4842,972,2024-08-29,1656,3,16,75.66,13.35,0.0725,81.15
4843,972,2024-08-29,114,1,16,274.06,48.36,0.05125,288.11
4844,972,2024-08-29,533,1,,312.35,0,0.06,331.09
4845,973,2024-08-30,1620,1,,380.26,0,0.0725,407.83
4846,973,2024-08-30,1464,2,,75.81,0,0.08,81.87
4847,973,2024-08-30,1330,3,,585.83,0,0.045,612.19
4848,973,2024-08-30,311,2,,967.02,0,0.06,1025.04
4849,973,2024-08-30,552,2,,135.71,0,0.0635,144.33
4850,973,2024-08-30,1334,1,,190.3,0,0.06,201.72
4851,974,2024-08-31,1564,1,,232.4,0,0,232.4
4852,974,2024-08-31,706,1,,702.24,0,0.0625,746.13
4853,974,2024-08-31,1579,1,,284.26,0,0.0575,300.6
4854,974,2024-08-31,781,3,16,1059.83,187.03,0.0625,1126.07
4855,974,2024-08-31,149,2,16,541.41,95.57,0.0625,575.25
4856,974,2024-08-31,1852,1,16,82.73,14.6,0.065,88.11
4857,974,2024-08-31,1566,2,,56.06,0,0.0475,58.72
4858,974,2024-08-31,906,3,,1024.84,0,0.07,1096.58
4859,975,2024-09-01,2,2,,767.3,0,0.06,813.34
4860,975,2024-09-01,262,1,,824.85,0,0.0485,864.86
4861,975,2024-09-01,1650,3,16,408.9,72.15,0,408.9
4862,975,2024-09-01,1686,1,,280.05,0,0.0625,297.55
4863,975,2024-09-01,526,3,16,448.76,79.19,0.06875,479.61
4864,975,2024-09-01,1270,3,16,87.54,15.45,0.0625,93.01
4865,975,2024-09-01,1681,1,,929.77,0,0.0725,997.18
4866,975,2024-09-01,1477,3,,40.66,0,0.05125,42.74
4867,976,2024-09-02,1952,2,,305.98,0,0.07,327.4
4868,976,2024-09-02,385,2,16,309.83,54.67,0.0445,323.62
4869,976,2024-09-02,920,1,,416.84,0,0.06,441.85
4870,976,2024-09-02,303,1,16,870.36,153.6,0.0725,933.46
4871,976,2024-09-02,949,3,,89.46,0,0.0625,95.05
4872,976,2024-09-02,1687,1,,66.03,0,0.06,69.99
4873,976,2024-09-02,571,1,,794.68,0,0.0685,849.12
4874,976,2024-09-02,1321,2,,722.72,0,0.029,743.68
4875,977,2024-09-03,1556,1,,1070.19,0,0.06875,1143.77
4876,977,2024-09-03,936,3,,798.16,0,0.0475,836.07
4877,977,2024-09-03,405,1,,558.16,0,0.0625,593.04
4878,977,2024-09-03,1059,1,,636.56,0,0.0485,667.43
4879,977,2024-09-03,185,2,16,1421.98,250.98,0.06,1507.3
4880,977,2024-09-03,1742,2,,1647.32,0,0.045,1721.45
4881,978,2024-09-04,1109,1,,80.43,0,0.0635,85.54
4882,978,2024-09-04,1795,3,,202.22,0,0.0725,216.88
4883,978,2024-09-04,488,1,16,882.18,155.67,0.0575,932.91
4884,978,2024-09-04,1281,2,,153.25,0,0.07,163.98
4885,978,2024-09-04,1927,1,16,124.59,21.99,0.045,130.2
4886,978,2024-09-04,1217,3,,825.22,0,0.0725,885.05
4887,978,2024-09-04,1398,1,,1062.23,0,0.0445,1109.5
4888,979,2024-09-05,258,1,,560.96,0,0.0635,596.58
4889,979,2024-09-05,1628,1,,70.08,0,0.0575,74.11
4890,979,2024-09-05,839,3,,637.27,0,0.04,662.76
4891,979,2024-09-05,433,2,,656.09,0,0.0575,693.82
4892,979,2024-09-05,507,2,,158.66,0,0.0445,165.72
4893,979,2024-09-05,1822,2,,258.11,0,0.065,274.89
4894,980,2024-09-06,11,3,,1089.58,0,0.08,1176.75
4895,980,2024-09-06,1073,1,,186.3,0,0.06,197.48
4896,980,2024-09-06,1695,3,,262.72,0,0.045,274.54
4897,980,2024-09-06,1095,3,16,196.85,34.75,0.0445,205.61
4898,980,2024-09-06,273,3,,685.34,0,0.08,740.17
4899,980,2024-09-06,28,2,,580.63,0,0.08,627.08
4900,980,2024-09-06,334,2,,1353.17,0,0.0575,1430.98
4901,981,2024-09-07,1121,3,,682.76,0,0.08,737.38
4902,981,2024-09-07,1592,2,,376.1,0,0.06875,401.96
4903,981,2024-09-07,1939,3,16,125.45,22.14,0.0685,134.04
4904,981,2024-09-07,313,1,16,380.08,67.09,0.0725,407.64
4905,981,2024-09-07,750,1,,128.73,0,0.0445,134.46
4906,981,2024-09-07,535,1,,73.74,0,0.0685,78.79
4907,981,2024-09-07,1879,1,16,351.09,61.95,0.065,373.91
4908,981,2024-09-07,1042,3,16,199.2,35.16,0.065,212.15
4909,982,2024-09-08,854,1,16,141.8,25.02,0.06,150.31
4910,982,2024-09-08,1756,1,,102.22,0,0.0625,108.61
4911,982,2024-09-08,1956,3,16,1005.03,177.33,0.065,1070.36
4912,982,2024-09-08,1497,2,,848.01,0,0.06,898.89
4913,982,2024-09-08,354,2,16,437.98,77.3,0.06,464.26
4914,982,2024-09-08,922,2,,154.88,0,0.0725,166.11
4915,982,2024-09-08,1432,1,,158.06,0,0.07,169.12
4916,982,2024-09-08,1514,1,,512.05,0,0.0575,541.49
4917,983,2024-09-09,18,2,,1320.27,0,0.0685,1410.71
4918,983,2024-09-09,615,3,,803.42,0,0.0625,853.63
4919,983,2024-09-09,1035,1,,312.5,0,0.06,331.25
4920,983,2024-09-09,582,2,,65.54,0,0.07,70.13
4921,983,2024-09-09,1743,2,,38.68,0,0.0445,40.4
4922,983,2024-09-09,790,2,,487.96,0,0.06,517.24
4923,984,2024-09-10,1374,3,,1334.26,0,0.0575,1410.98
4924,984,2024-09-10,1011,1,,99.33,0,0.0625,105.54
4925,984,2024-09-10,682,1,,1053.64,0,0.0445,1100.53
4926,984,2024-09-10,991,2,,192.2,0,0.0625,204.21
4927,984,2024-09-10,772,3,,472.87,0,0,472.87
4928,984,2024-09-10,394,2,,1371.8,0,0.0725,1471.26
4929,985,2024-09-11,1550,1,,367.9,0,0.06,389.97
4930,985,2024-09-11,1806,2,,513.4,0,0.056,542.15
4931,985,2024-09-11,1168,3,,111.76,0,0.0685,119.42
4932,985,2024-09-11,1728,2,,188.25,0,0.045,196.72
4933,985,2024-09-11,584,2,,967.22,0,0.08,1044.6
4934,985,2024-09-11,27,1,,645.31,0,0.065,687.26
4935,986,2024-09-12,38,3,,1375.56,0,0.0625,1461.53
4936,986,2024-09-12,577,1,,352.42,0,0.0685,376.56
4937,986,2024-09-12,630,1,,581.07,0,0.04,604.31
4938,986,2024-09-12,336,2,,1484.32,0,0.07,1588.22
4939,986,2024-09-12,474,1,,1325.36,0,0.0625,1408.19
4940,986,2024-09-12,1056,1,,344.08,0,0.0625,365.58
4941,987,2024-09-13,1166,1,,155.83,0,0.08,168.3
4942,987,2024-09-13,1186,2,,275.29,0,0.0725,295.25
4943,987,2024-09-13,282,1,,473.13,0,0.065,503.88
4944,987,2024-09-13,1317,2,,333.72,0,0.04,347.07
4945,987,2024-09-13,1759,1,,1642.38,0,0.0635,1746.67
4946,987,2024-09-13,1191,1,,181.33,0,0.0625,192.66
4947,988,2024-09-14,1541,1,,1905.78,0,0.0485,1998.21
4948,988,2024-09-14,592,2,,632.94,0,0.0625,672.5
4949,988,2024-09-14,362,3,,689.04,0,0.08,744.16
4950,988,2024-09-14,1381,1,,855.1,0,0.0475,895.72
4951,988,2024-09-14,1346,1,,18.78,0,0.06,19.91
4952,988,2024-09-14,916,1,,384.28,0,0.045,401.57
4953,988,2024-09-14,1963,1,,129.33,0,0.0485,135.6
4954,989,2024-09-15,19,2,,730.04,0,0.0725,782.97
4955,989,2024-09-15,809,2,,65.54,0,0.04,68.16
4956,989,2024-09-15,229,2,,36.69,0,0.0445,38.32
4957,989,2024-09-15,119,3,,990.4,0,0.045,1034.97
4958,989,2024-09-15,1005,1,,400.6,0,0.08,432.65
4959,989,2024-09-15,460,1,,1166.57,0,0.065,1242.4
4960,989,2024-09-15,44,2,,1865,0,0.0485,1955.45
4961,990,2024-09-16,396,1,,989.07,0,0.0575,1045.94
4962,990,2024-09-16,1385,2,,158.25,0,0.0625,168.14
4963,990,2024-09-16,1922,1,,1291.73,0,0.07,1382.15
4964,990,2024-09-16,1561,1,,158.25,0,0.065,168.54
4965,990,2024-09-16,1552,2,,174.11,0,0.0475,182.38
4966,990,2024-09-16,1279,1,,1219.34,0,0.045,1274.21
4967,991,2024-09-17,1513,3,,781.89,0,0.0485,819.81
4968,991,2024-09-17,1754,2,,369.82,0,0.0625,392.93
4969,991,2024-09-17,1956,1,,39.52,0,0.065,42.09
4970,991,2024-09-17,1012,3,,630.35,0,0.06,668.17
4971,991,2024-09-17,903,1,,592.82,0,0.08,640.25
4972,991,2024-09-17,1533,1,,324.68,0,0.029,334.1
4973,992,2024-09-18,72,3,,1682.16,0,0.0625,1787.3
4974,992,2024-09-18,640,3,,337.48,0,0.05125,354.78
4975,992,2024-09-18,1811,1,,196.83,0,0.0685,210.31
4976,992,2024-09-18,1857,1,,504.51,0,0.0685,539.07
4977,992,2024-09-18,1348,3,,126.29,0,0.0625,134.18
4978,992,2024-09-18,1285,1,,81.21,0,0.0625,86.29
4979,993,2024-09-19,1221,1,,43.56,0,0.0635,46.33
4980,993,2024-09-19,1770,1,,303.22,0,0.0635,322.47
4981,993,2024-09-19,881,3,,194.66,0,0.06,206.34
4982,993,2024-09-19,308,3,,1317.85,0,0,1317.85
4983,993,2024-09-19,1709,1,,444.78,0,0.06,471.47
4984,993,2024-09-19,1920,3,,90.78,0,0.0475,95.09
4985,994,2024-09-20,182,1,,1377,0,0,1377
4986,994,2024-09-20,1350,2,,526,0,0.0685,562.03
4987,994,2024-09-20,1108,3,,65.54,0,0.07,70.13
4988,994,2024-09-20,1945,3,,146.76,0,0.07,157.03
4989,994,2024-09-20,290,1,,2693.37,0,0.04,2801.1
4990,994,2024-09-20,760,3,,291.45,0,0.07,311.85
4991,995,2024-09-21,273,2,,560.4,0,0.08,605.23
4992,995,2024-09-21,1957,3,,1066.29,0,0.029,1097.21
4993,995,2024-09-21,102,1,,275.93,0,0.06,292.49
4994,995,2024-09-21,119,1,,375.2,0,0.045,392.08
4995,995,2024-09-21,700,2,,584.31,0,0.08,631.05
4996,995,2024-09-21,731,3,,275.59,0,0.06,292.13
4997,995,2024-09-21,717,1,,164.11,0,0.06,173.96
4998,996,2024-09-22,184,3,,490.76,0,0.0575,518.98
4999,996,2024-09-22,225,2,,1876.54,0,0.0475,1965.68
5000,996,2024-09-22,192,1,,958.81,0,0.0725,1028.32
5001,996,2024-09-22,903,3,,403.24,0,0.08,435.5
5002,996,2024-09-22,1534,3,,125.32,0,0.06,132.84
5003,996,2024-09-22,709,1,,928.8,0,0,928.8
5004,996,2024-09-22,1873,2,,26.56,0,0.065,28.29
5005,997,2024-09-23,634,3,,72.82,0,0.08,78.65
5006,997,2024-09-23,1806,2,,326.55,0,0.056,344.84
5007,997,2024-09-23,1022,3,,94.9,0,0.06,100.59
5008,997,2024-09-23,1711,2,,113.76,0,0.0475,119.16
5009,997,2024-09-23,531,1,,86.92,0,0.07,93
5010,997,2024-09-23,403,1,,492.87,0,0.0485,516.77
5011,998,2024-09-24,1850,1,,562.14,0,0.0685,600.65
5012,998,2024-09-24,1178,3,,898.73,0,0.0625,954.9
5013,998,2024-09-24,1533,3,,22.8,0,0.029,23.46
5014,998,2024-09-24,575,1,,714.27,0,0.06,757.13
5015,998,2024-09-24,1400,1,,1287.21,0,0.08,1390.19
5016,998,2024-09-24,1414,1,,205.61,0,0.0485,215.58
5017,999,2024-09-25,1689,1,,884.55,0,0.0625,939.83
5018,999,2024-09-25,122,2,,1035.65,0,0.04,1077.08
5019,999,2024-09-25,288,2,,2747,0,0.08,2966.76
5020,999,2024-09-25,993,2,,639.62,0,0.0485,670.64
5021,999,2024-09-25,1681,2,,338.24,0,0.0725,362.76
5022,999,2024-09-25,1488,2,,52.76,0,0.04,54.87
5023,1000,2024-09-26,1863,3,,210.11,0,0.06,222.72
5024,1000,2024-09-26,397,1,,302.74,0,0.045,316.36
5025,1000,2024-09-26,626,1,,771.62,0,0,771.62
5026,1000,2024-09-26,704,2,,70.22,0,0.065,74.78
5027,1000,2024-09-26,1183,2,,511.18,0,0,511.18
5028,1000,2024-09-26,1362,1,,603.46,0,0.0635,641.78
5029,1001,2024-09-27,1609,1,,252.58,0,0.065,269
5030,1001,2024-09-27,34,3,,255.44,0,0,255.44
5031,1001,2024-09-27,426,1,,886.83,0,0.0625,942.26
5032,1001,2024-09-27,350,1,,630.01,0,0.0625,669.39
5033,1001,2024-09-27,422,2,,241.52,0,0.0725,259.03
5034,1001,2024-09-27,1601,1,,281.27,0,0.07,300.96
5035,1002,2024-09-28,1997,3,,58.9,0,0.0475,61.7
5036,1002,2024-09-28,843,1,,624.4,0,0.04,649.38
5037,1002,2024-09-28,846,3,,270.84,0,0.065,288.44
5038,1002,2024-09-28,137,3,,844.58,0,0.0725,905.81
5039,1002,2024-09-28,1811,2,,426.16,0,0.0685,455.35
5040,1002,2024-09-28,166,3,,2117.79,0,0.065,2255.45
5041,1002,2024-09-28,343,3,,1056.8,0,0.0625,1122.85
5042,1003,2024-09-29,1238,3,,831.74,0,0.0685,888.71
5043,1003,2024-09-29,183,1,,488.92,0,0.0485,512.63
5044,1003,2024-09-29,1056,1,,994.88,0,0.0625,1057.06
5045,1003,2024-09-29,619,3,,47.47,0,0.0635,50.48
5046,1003,2024-09-29,1098,1,,458.88,0,0.056,484.58
5047,1003,2024-09-29,519,3,,856.25,0,0.0725,918.33
5048,1003,2024-09-29,1161,2,,31.28,0,0.0575,33.08
5049,1004,2024-09-30,1309,2,,204.91,0,0.0725,219.77
5050,1004,2024-09-30,242,1,,1855.12,0,0.065,1975.7
5051,1004,2024-09-30,243,1,,308.03,0,0.065,328.05
5052,1004,2024-09-30,1569,1,,96.21,0,0.08,103.91
5053,1004,2024-09-30,1354,1,,96.94,0,0.0725,103.97
5054,1004,2024-09-30,449,1,,1206.45,0,0.04,1254.71
5055,1005,2024-10-01,1179,3,,543.13,0,0.06,575.72
5056,1005,2024-10-01,1201,2,,515.01,0,0.06,545.91
5057,1005,2024-10-01,20,2,,648.5,0,0.0625,689.03
5058,1005,2024-10-01,1235,3,,97.33,0,0.056,102.78
5059,1005,2024-10-01,167,2,,533.82,0,0.0445,557.57
5060,1006,2024-10-02,1287,1,,165.75,0,0.0625,176.11
5061,1006,2024-10-02,1857,3,,458.41,0,0.0685,489.81
5062,1006,2024-10-02,1303,3,,258.66,0,0.056,273.14
5063,1006,2024-10-02,159,2,,615.04,0,0.0625,653.48
5064,1006,2024-10-02,1257,2,,538.89,0,0.06,571.22
5065,1007,2024-10-03,953,1,,575.72,0,0.065,613.14
5066,1007,2024-10-03,1520,1,,245.89,0,0.08,265.56
5067,1007,2024-10-03,1720,1,,859.43,0,0.06,911
5068,1007,2024-10-03,321,1,,864.96,0,0.04,899.56
5069,1007,2024-10-03,141,2,,612.27,0,0.0725,656.66
5070,1008,2024-10-04,477,2,,1513.93,0,0.029,1557.83
5071,1008,2024-10-04,732,1,,38.88,0,0.029,40.01
5072,1008,2024-10-04,487,2,,754.36,0,0.065,803.39
5073,1008,2024-10-04,1881,3,,235.08,0,0.0575,248.6
5074,1008,2024-10-04,1396,2,,480.1,0,0.07,513.71
5075,1009,2024-10-05,1951,2,,132.59,0,0.0485,139.02
5076,1009,2024-10-05,1322,1,,447.2,0,0.04,465.09
5077,1009,2024-10-05,311,3,,2345.66,0,0.06,2486.4
5078,1009,2024-10-05,110,1,,1434.13,0,0.06875,1532.73
5079,1009,2024-10-05,1855,1,,193.05,0,0.0725,207.05
5080,1009,2024-10-05,1101,2,,219.08,0,0.06875,234.14
5081,1010,2024-10-06,1043,2,,128.49,0,0.0625,136.52
5082,1010,2024-10-06,534,3,,40.62,0,0.045,42.45
5083,1010,2024-10-06,976,2,,1157.32,0,0,1157.32
5084,1010,2024-10-06,1890,2,,250.31,0,0.0635,266.2
5085,1010,2024-10-06,231,1,,2386.29,0,0.08,2577.19
5086,1010,2024-10-06,1082,1,,299.31,0,0.0635,318.32
5087,1011,2024-10-07,1276,1,,608.72,0,0,608.72
5088,1011,2024-10-07,1193,1,,263,0,0.0725,282.07
5089,1011,2024-10-07,72,3,,291.02,0,0.0625,309.21
5090,1011,2024-10-07,1402,2,,1620.06,0,0.0685,1731.03
5091,1011,2024-10-07,353,3,,863.76,0,0,863.76
5092,1012,2024-10-08,537,2,,162.42,0,0.0625,172.57
5093,1012,2024-10-08,796,2,,826.14,0,0.0625,877.77
5094,1012,2024-10-08,1089,2,,541.57,0,0.06,574.06
5095,1012,2024-10-08,1186,2,,933.77,0,0.0725,1001.47
5096,1012,2024-10-08,840,1,,1177.2,0,0.0625,1250.78
5097,1013,2024-10-09,2000,3,,175.14,0,0.0445,182.93
5098,1013,2024-10-09,73,1,,587.48,0,0.0685,627.72
5099,1013,2024-10-09,1251,1,,848,0,0.06,898.88
5100,1013,2024-10-09,1266,1,,369.4,0,0.04,384.18
5101,1013,2024-10-09,1302,2,,59.85,0,0.0725,64.19
5102,1014,2024-10-10,321,2,,392.38,0,0.04,408.08
5103,1014,2024-10-10,481,2,,1321.21,0,0.0445,1380
5104,1014,2024-10-10,1478,1,,159.89,0,0.06,169.48
5105,1014,2024-10-10,1874,1,,458.38,0,0.0625,487.03
5106,1014,2024-10-10,1766,3,,544.78,0,0.0575,576.1
5107,1015,2024-10-11,1314,2,,83.39,0,0.0635,88.69
5108,1015,2024-10-11,1192,3,,81.21,0,0.06,86.08
5109,1015,2024-10-11,1709,3,,244.95,0,0.06,259.65
5110,1015,2024-10-11,115,3,,783.94,0,0.065,834.9
5111,1015,2024-10-11,1477,3,,696.61,0,0.05125,732.31
5112,1016,2024-10-12,1872,1,,121.18,0,0.06875,129.51
5113,1016,2024-10-12,1443,1,,943.43,0,0.0575,997.68
5114,1016,2024-10-12,187,1,,1982.23,0,0.056,2093.23
5115,1016,2024-10-12,1580,2,,831.52,0,0.06875,888.69
5116,1016,2024-10-12,1825,1,,26.38,0,0.06,27.96
5117,1016,2024-10-12,1063,1,,709.5,0,0.08,766.26
5118,1017,2024-10-13,159,3,,809.58,0,0.0625,860.18
5119,1017,2024-10-13,1120,1,,362.44,0,0,362.44
5120,1017,2024-10-13,1489,1,,252.7,0,0.0625,268.49
5121,1017,2024-10-13,166,3,,497.7,0,0.065,530.05
5122,1017,2024-10-13,241,2,,264,0,0.065,281.16
5123,1017,2024-10-13,1947,3,,396.47,0,0.04,412.33
5124,1018,2024-10-14,717,2,,650.75,0,0.06,689.8
5125,1018,2024-10-14,172,2,,237.35,0,0.06875,253.67
5126,1018,2024-10-14,1064,1,,134.13,0,0.08,144.86
5127,1018,2024-10-14,482,3,,612.28,0,0.0475,641.36
5128,1018,2024-10-14,1391,2,,81.21,0,0.0725,87.1
5129,1019,2024-10-15,1579,1,,795.55,0,0.0575,841.29
5130,1019,2024-10-15,1481,1,,140.62,0,0.05125,147.83
5131,1019,2024-10-15,1924,1,,358.62,0,0.0625,381.03
5132,1019,2024-10-15,1600,3,,90.78,0,0.0625,96.45
5133,1019,2024-10-15,1495,1,,901.56,0,0.05125,947.76
5134,1020,2024-10-16,178,1,,1072.71,0,0.065,1142.44
5135,1020,2024-10-16,1671,1,,162.25,0,0.08,175.23
5136,1020,2024-10-16,704,1,,586.33,0,0.065,624.44
5137,1020,2024-10-16,1993,2,,564.68,0,0.05125,593.62
5138,1020,2024-10-16,1983,2,,212,0,0.0625,225.25
5139,1021,2024-10-17,234,1,,2572.24,0,0.056,2716.29
5140,1021,2024-10-17,1625,1,,132.59,0,0.0625,140.88
5141,1021,2024-10-17,235,2,,694.38,0,0.045,725.63
5142,1021,2024-10-17,1342,1,,613.68,0,0.0725,658.17
5143,1021,2024-10-17,1507,2,,66.03,0,0.0575,69.83
5144,1022,2024-10-18,411,1,,205.49,0,0.0725,220.39
5145,1022,2024-10-18,1711,2,,751.28,0,0.0475,786.97
5146,1022,2024-10-18,1525,3,,187.41,0,0.04,194.91
5147,1022,2024-10-18,1325,1,,1089.16,0,0.07,1165.4
5148,1022,2024-10-18,1813,2,,79.1,0,0.0445,82.62
5149,1023,2024-10-19,1172,2,,930.7,0,0.0625,988.87
5150,1023,2024-10-19,747,1,,961.21,0,0.0575,1016.48
5151,1023,2024-10-19,1359,1,,160.7,0,0.05125,168.94
5152,1023,2024-10-19,1485,2,,409.6,0,0.06,434.18
5153,1023,2024-10-19,864,3,,158.68,0,0.04,165.03
5154,1023,2024-10-19,825,3,,36.28,0,0.0635,38.58
5155,1024,2024-10-20,118,1,,866.09,0,0.06,918.06
5156,1024,2024-10-20,1734,1,,1046.25,0,0.0635,1112.69
5157,1024,2024-10-20,474,3,,638.84,0,0.0625,678.77
5158,1024,2024-10-20,1699,2,,44.67,0,0.06,47.35
5159,1024,2024-10-20,226,2,,1160.79,0,0.065,1236.24
5160,1024,2024-10-20,576,1,,256.73,0,0.045,268.28
5161,1025,2024-10-21,926,2,,40.66,0,0.056,42.94
5162,1025,2024-10-21,1372,3,,129.67,0,0.0725,139.07
5163,1025,2024-10-21,1239,1,,279.87,0,0.045,292.46
5164,1025,2024-10-21,1153,1,,1499.54,0,0.06,1589.51
5165,1025,2024-10-21,1848,3,,78.85,0,0.08,85.16
5166,1026,2024-10-22,949,2,,599.92,0,0.0625,637.41
5167,1026,2024-10-22,1551,3,,124.23,0,0.08,134.17
5168,1026,2024-10-22,258,1,,714.11,0,0.0635,759.46
5169,1026,2024-10-22,1501,3,,110.05,0,0.04,114.45
5170,1026,2024-10-22,744,1,,37.65,0,0.0635,40.04
5171,1027,2024-10-23,758,1,,332.36,0,0,332.36
5172,1027,2024-10-23,1947,1,,591.65,0,0.04,615.32
5173,1027,2024-10-23,1481,1,,295.85,0,0.05125,311.01
5174,1027,2024-10-23,1327,1,,238.35,0,0.0685,254.68
5175,1027,2024-10-23,1498,3,,433.46,0,0.0685,463.15
5176,1028,2024-10-24,1784,1,,277.56,0,0.0475,290.74
5177,1028,2024-10-24,1518,1,,838.13,0,0.0625,890.51
5178,1028,2024-10-24,907,3,,706.97,0,0.0685,755.4
5179,1028,2024-10-24,1336,2,,559.43,0,0.07,598.59
5180,1028,2024-10-24,1770,2,,117.54,0,0.0635,125
5181,1029,2024-10-25,370,2,,417.81,0,0.08,451.23
5182,1029,2024-10-25,981,2,,955.74,0,0.04,993.97
5183,1029,2024-10-25,203,2,,466.98,0,0.0725,500.84
5184,1029,2024-10-25,1511,2,,270.69,0,0.056,285.85
5185,1029,2024-10-25,1643,2,,489.6,0,0.065,521.42
5186,1030,2024-10-26,704,3,,255.3,0,0.065,271.89
5187,1030,2024-10-26,139,1,,389.13,0,0.0625,413.45
5188,1030,2024-10-26,1941,1,,278.61,0,0,278.61
5189,1030,2024-10-26,580,1,,283.43,0,0.0625,301.14
5190,1030,2024-10-26,942,3,,376.1,0,0.05125,395.38
5191,1030,2024-10-26,418,2,,683.85,0,0.0445,714.28
5192,1031,2024-10-27,915,2,,375.59,0,0.06875,401.41
5193,1031,2024-10-27,56,3,,595.88,0,0.0685,636.7
5194,1031,2024-10-27,1905,1,,7.55,0,0.06875,8.07
5195,1031,2024-10-27,8,1,,848.81,0,0.045,887.01
5196,1031,2024-10-27,1566,2,,153.59,0,0.0475,160.89
5197,1031,2024-10-27,1139,3,,208.75,0,0,208.75
5198,1032,2024-10-28,133,2,,419.02,0,0,419.02
5199,1032,2024-10-28,759,2,,428.8,0,0.08,463.1
5200,1032,2024-10-28,1201,2,,1116.7,0,0.06,1183.7
5201,1032,2024-10-28,1728,2,,1366.55,0,0.045,1428.04
5202,1032,2024-10-28,455,2,,1467.29,0,0.07,1570
5203,1033,2024-10-29,1567,3,,762.34,0,0.08,823.33
5204,1033,2024-10-29,772,2,,174.11,0,0,174.11
5205,1033,2024-10-29,944,3,,31.28,0,0.0635,33.27
5206,1033,2024-10-29,674,3,,67.95,0,0.065,72.37
5207,1033,2024-10-29,1070,3,,411.71,0,0.07,440.53
5208,1034,2024-10-30,1033,1,,454.99,0,0.0485,477.06
5209,1034,2024-10-30,905,1,,447.1,0,0.045,467.22
5210,1034,2024-10-30,1061,2,,540.04,0,0.06,572.44
5211,1034,2024-10-30,434,1,,621.34,0,0.0445,648.99
5212,1034,2024-10-30,219,2,,2522.29,0,0.0575,2667.32
5213,1035,2024-10-31,113,1,,1333.57,0,0.0725,1430.25
5214,1035,2024-10-31,744,1,,144.56,0,0.0635,153.74
5215,1035,2024-10-31,483,1,,827.54,0,0.0635,880.09
5216,1035,2024-10-31,1522,2,,700.02,0,0.05125,735.9
5217,1035,2024-10-31,1192,1,,540.74,0,0.06,573.18
5218,1036,2024-11-01,259,1,,147.95,0,0.0635,157.34
5219,1036,2024-11-01,1807,1,,205.22,0,0.06,217.53
5220,1036,2024-11-01,1230,2,,416.12,0,0.0625,442.13
5221,1036,2024-11-01,1227,2,,367.98,0,0.05125,386.84
5222,1036,2024-11-01,253,2,,1021.74,0,0.0625,1085.6
5223,1036,2024-11-01,1709,3,,252.64,0,0.06,267.8
5224,1036,2024-11-01,711,1,,188.41,0,0.0635,200.37
5225,1037,2024-11-02,1579,2,,158.25,0,0.0575,167.35
5226,1037,2024-11-02,1134,3,,1167.43,0,0.0445,1219.38
5227,1037,2024-11-02,1338,2,,584.22,0,0.029,601.16
5228,1037,2024-11-02,75,2,,181,0,0.06,191.86
5229,1037,2024-11-02,1479,1,,1061.99,0,0.08,1146.95
5230,1037,2024-11-02,759,1,,151.11,0,0.08,163.2
5231,1037,2024-11-02,1056,1,,75.81,0,0.0625,80.55
5232,1037,2024-11-02,1556,1,,683.65,0,0.06875,730.65
5233,1038,2024-11-03,1524,2,,494.93,0,0,494.93
5234,1038,2024-11-03,203,1,,2006.13,0,0.0725,2151.57
5235,1038,2024-11-03,270,1,,192.5,0,0.07,205.98
5236,1038,2024-11-03,717,2,,265.77,0,0.06,281.72
5237,1038,2024-11-03,576,3,,573.15,0,0.045,598.94
5238,1038,2024-11-03,370,3,,703.82,0,0.08,760.13
5239,1038,2024-11-03,595,2,,316.5,0,0.04,329.16
5240,1038,2024-11-03,1105,1,,779.66,0,0.029,802.27
5241,1039,2024-11-04,1897,1,,846.91,0,0,846.91
5242,1039,2024-11-04,739,1,,215.17,0,0.045,224.85
5243,1039,2024-11-04,503,1,,460.83,0,0.065,490.78
5244,1039,2024-11-04,1415,1,,190.3,0,0.045,198.86
5245,1039,2024-11-04,316,1,,478.02,0,0.0725,512.68
5246,1039,2024-11-04,1470,3,,217.85,0,0.0445,227.54
5247,1039,2024-11-04,100,1,,2341.21,0,0.06,2481.68
5248,1040,2024-11-05,1786,1,,129.33,0,0.0475,135.47
5249,1040,2024-11-05,1430,2,,633,0,0,633
5250,1040,2024-11-05,1402,3,,267.32,0,0.0685,285.63
5251,1040,2024-11-05,213,2,,345.28,0,0.06,366
5252,1040,2024-11-05,42,3,,1386.68,0,0.06875,1482.01
5253,1040,2024-11-05,1036,1,,198.66,0,0.08,214.55
5254,1040,2024-11-05,194,3,,2819.72,0,0.06875,3013.58
5255,1041,2024-11-06,746,2,,49.51,0,0.0635,52.65
5256,1041,2024-11-06,602,2,,627.8,0,0.0625,667.04
5257,1041,2024-11-06,1433,1,,126.76,0,0.06,134.37
5258,1041,2024-11-06,1728,2,,969.27,0,0.045,1012.89
5259,1041,2024-11-06,138,2,,976.25,0,0.065,1039.71
5260,1041,2024-11-06,881,1,,40.28,0,0.06,42.7
5261,1041,2024-11-06,244,1,,568.41,0,0.0625,603.94
5262,1042,2024-11-07,1887,1,,1518,0,0.065,1616.67
5263,1042,2024-11-07,1152,2,,614.4,0,0.04,638.98
5264,1042,2024-11-07,224,1,,1222.36,0,0.0485,1281.64
5265,1042,2024-11-07,455,3,,62.04,0,0.07,66.38
5266,1042,2024-11-07,222,3,,2377.6,0,0.0625,2526.2
5267,1042,2024-11-07,1152,3,,573.84,0,0.04,596.79
5268,1042,2024-11-07,585,3,,109.49,0,0.0685,116.99
5269,1043,2024-11-08,1638,3,,164.11,0,0.06875,175.39
5270,1043,2024-11-08,1982,3,,951.51,0,0.0625,1010.98
5271,1043,2024-11-08,513,1,,496.46,0,0.06,526.25
5272,1043,2024-11-08,776,1,,359.23,0,0.08,387.97
5273,1043,2024-11-08,96,1,,518.26,0,0.07,554.54
5274,1043,2024-11-08,1803,2,,45.81,0,0.0725,49.13
5275,1043,2024-11-08,1048,1,,564.15,0,0,564.15
5276,1044,2024-11-09,1830,1,,322.42,0,0.056,340.48
5277,1044,2024-11-09,1438,2,,539.23,0,0.0635,573.47
5278,1044,2024-11-09,1681,1,,661.48,0,0.0725,709.44
5279,1044,2024-11-09,1131,2,,421.26,0,0.0635,448.01
5280,1044,2024-11-09,1182,2,,43.21,0,0,43.21
5281,1044,2024-11-09,1463,3,,186.72,0,0.07,199.79
5282,1044,2024-11-09,752,1,,188.05,0,0.045,196.51
5283,1044,2024-11-09,242,3,,2566.48,0,0.065,2733.3
5284,1045,2024-11-10,237,2,,1407.22,0,0.056,1486.02
5285,1045,2024-11-10,791,2,,150.1,0,0.0625,159.48
5286,1045,2024-11-10,202,1,,1293.6,0,0,1293.6
5287,1045,2024-11-10,589,1,,156.15,0,0.065,166.3
5288,1045,2024-11-10,1894,1,,766.31,0,0.0475,802.71
5289,1045,2024-11-10,123,2,,545.49,0,0.04,567.31
5290,1045,2024-11-10,1803,3,,320.95,0,0.0725,344.22
5291,1045,2024-11-10,1761,2,,122.16,0,0.0625,129.79
5292,1046,2024-11-11,531,1,,61.83,0,0.07,66.16
5293,1046,2024-11-11,686,3,,126.7,0,0.0625,134.62
5294,1046,2024-11-11,1143,1,,389.54,0,0.0625,413.89
5295,1046,2024-11-11,276,3,,630.11,0,0.0575,666.34
5296,1046,2024-11-11,537,2,,97.21,0,0.0625,103.29
5297,1046,2024-11-11,936,3,,635.47,0,0.0475,665.65
5298,1046,2024-11-11,618,2,,98.27,0,0.0625,104.41
5299,1047,2024-11-12,1084,3,,341.38,0,0.06,361.86
5300,1047,2024-11-12,1133,1,,229.27,0,0.06,243.03
5301,1047,2024-11-12,54,1,,1406.65,0,0.0485,1474.87
5302,1047,2024-11-12,1795,1,,575.86,0,0.0725,617.61
5303,1047,2024-11-12,1963,2,,254.22,0,0.0485,266.55
5304,1047,2024-11-12,1301,2,,367.9,0,0.08,397.33
5305,1047,2024-11-12,1040,2,,18.2,0,0.0485,19.08
5306,1048,2024-11-13,941,1,,716.73,0,0.0625,761.53
5307,1048,2024-11-13,1864,1,,528.91,0,0.0625,561.97
5308,1048,2024-11-13,896,3,,124.12,0,0.0685,132.62
5309,1048,2024-11-13,591,2,,280.88,0,0.0475,294.22
5310,1048,2024-11-13,228,2,,877.04,0,0.065,934.05
5311,1048,2024-11-13,289,3,,370.63,0,0.0685,396.02
5312,1048,2024-11-13,804,2,,226.44,0,0.0575,239.46
5313,1049,2024-11-14,878,2,,297.94,0,0.06,315.82
5314,1049,2024-11-14,1422,2,,658.37,0,0.0725,706.1
5315,1049,2024-11-14,939,1,,43.21,0,0.0725,46.34
5316,1049,2024-11-14,1394,3,,158.25,0,0.08,170.91
5317,1049,2024-11-14,987,1,,676.01,0,0.04,703.05
5318,1049,2024-11-14,650,3,,687.22,0,0.0625,730.17
5319,1049,2024-11-14,241,1,,978.48,0,0.065,1042.08
5320,1050,2024-11-15,1999,2,,65.61,0,0.029,67.51
5321,1050,2024-11-15,1929,2,,1808.57,0,0.0625,1921.61
5322,1050,2024-11-15,281,1,,1529.28,0,0.06,1621.04
5323,1050,2024-11-15,1962,2,,258.11,0,0.065,274.89
5324,1050,2024-11-15,374,1,,75.21,0,0.0725,80.66
5325,1050,2024-11-15,211,3,,1264.87,0,0.06875,1351.83
5326,1050,2024-11-15,1915,3,,437.52,0,0.029,450.21
5327,1051,2024-11-16,157,1,,1087.74,0,0.06,1153
5328,1051,2024-11-16,649,2,,65.61,0,0.06,69.55
5329,1051,2024-11-16,97,1,,501.08,0,0,501.08
5330,1051,2024-11-16,1275,2,,305.48,0,0.06,323.81
5331,1051,2024-11-16,1972,2,,353.08,0,0.0725,378.68
5332,1051,2024-11-16,86,2,,1634.59,0,0.0685,1746.56
5333,1051,2024-11-16,1758,2,,386.07,0,0.06,409.23
5334,1051,2024-11-16,1248,1,,56.34,0,0.0635,59.92
5335,1052,2024-11-17,304,3,,320.02,0,0.045,334.42
5336,1052,2024-11-17,535,1,,378.87,0,0.0685,404.82
5337,1052,2024-11-17,1578,2,,113.06,0,0.0725,121.26
5338,1052,2024-11-17,1243,2,,588.62,0,0.0485,617.17
5339,1052,2024-11-17,1477,2,,341.73,0,0.05125,359.24
5340,1052,2024-11-17,845,3,,434.65,0,0.0685,464.42
5341,1052,2024-11-17,1037,1,,1669.06,0,0.065,1777.55
5342,1052,2024-11-17,1411,3,,1128.3,0,0.04,1173.43
5343,1053,2024-11-18,1959,1,,384.39,0,0.0725,412.26
5344,1053,2024-11-18,1772,3,,207.52,0,0.0475,217.38
5345,1053,2024-11-18,769,3,,321.99,0,0.065,342.92
5346,1053,2024-11-18,65,3,,1041.5,0,0.06,1103.99
5347,1053,2024-11-18,563,2,,43.21,0,0,43.21
5348,1053,2024-11-18,1884,1,,182.85,0,0.0625,194.28
5349,1053,2024-11-18,1837,2,,614.81,0,0.0475,644.01
5350,1054,2024-11-19,665,2,,530.49,0,0.0625,563.65
5351,1054,2024-11-19,469,2,,384.28,0,0.0685,410.6
5352,1054,2024-11-19,1340,2,,908.17,0,0.045,949.04
5353,1054,2024-11-19,1454,3,,685.2,0,0.0635,728.71
5354,1054,2024-11-19,1316,1,,1379.42,0,0.06875,1474.26
5355,1054,2024-11-19,1584,1,,363.33,0,0.08,392.4
5356,1054,2024-11-19,1182,2,,374.6,0,0,374.6
5357,1055,2024-11-20,678,2,,486.22,0,0.065,517.82
5358,1055,2024-11-20,311,1,,624.6,0,0.06,662.08
5359,1055,2024-11-20,684,1,,332.05,0,0.06,351.97
5360,1055,2024-11-20,249,2,,773.7,0,0.0445,808.13
5361,1055,2024-11-20,1508,2,,292.77,0,0.029,301.26
5362,1055,2024-11-20,1641,2,,51.6,0,0.0635,54.88
5363,1055,2024-11-20,218,1,,401.57,0,0.065,427.67
5364,1056,2024-11-21,1246,2,,227.32,0,0.0625,241.53
5365,1056,2024-11-21,398,2,,772.97,0,0.06875,826.11
5366,1056,2024-11-21,627,1,,44.34,0,0.05125,46.61
5367,1056,2024-11-21,996,1,,254.22,0,0.0685,271.63
5368,1056,2024-11-21,1468,3,,892.76,0,0.06,946.33
5369,1056,2024-11-21,1356,1,,227.42,0,0.06875,243.06
5370,1056,2024-11-21,1839,1,,409.26,0,0,409.26
5371,1057,2024-11-22,1264,2,,425.58,0,0,425.58
5372,1057,2024-11-22,886,1,,543.52,0,0.045,567.98
5373,1057,2024-11-22,927,1,,1044.44,0,0.029,1074.73
5374,1057,2024-11-22,1781,1,,80.44,0,0.065,85.67
5375,1057,2024-11-22,767,2,,309.9,0,0.08,334.69
5376,1057,2024-11-22,205,3,,1099.12,0,0.0625,1167.81
5377,1057,2024-11-22,57,1,,2090.91,0,0.0725,2242.5
5378,1058,2024-11-23,1418,1,,41.69,0,0.0475,43.67
5379,1058,2024-11-23,80,1,,1046.5,0,0,1046.5
5380,1058,2024-11-23,1865,3,,153.25,0,0.065,163.21
5381,1058,2024-11-23,1214,2,,270.63,0,0.0625,287.54
5382,1058,2024-11-23,1310,1,,1036.09,0,0.06,1098.26
5383,1058,2024-11-23,728,3,,237.06,0,0.06,251.28
5384,1058,2024-11-23,1210,1,,136.76,0,0.07,146.33
5385,1058,2024-11-23,436,2,,458.81,0,0.0445,479.23
5386,1059,2024-11-24,625,2,,260,0,0.04,270.4
5387,1059,2024-11-24,1299,3,,195.77,0,0.07,209.47
5388,1059,2024-11-24,1351,3,,111.66,0,0.06,118.36
5389,1059,2024-11-24,1595,3,,1047.37,0,0.04,1089.26
5390,1059,2024-11-24,567,1,,1776.71,0,0.0575,1878.87
5391,1059,2024-11-24,210,1,,229.16,0,0.0635,243.71
5392,1059,2024-11-24,82,1,,102.62,0,0.029,105.6
5393,1059,2024-11-24,1997,1,,135.82,0,0.0475,142.27
5394,1060,2024-11-25,286,1,,741.52,0,0.0625,787.86
5395,1060,2024-11-25,214,1,,1134.54,0,0.0685,1212.26
5396,1060,2024-11-25,296,3,,1298.19,0,0.0635,1380.63
5397,1060,2024-11-25,1227,2,,36.69,0,0.05125,38.57
5398,1060,2024-11-25,1383,2,,252.12,0,0.06,267.25
5399,1060,2024-11-25,1427,3,,1299.18,0,0.0625,1380.38
5400,1060,2024-11-25,1737,3,,538.06,0,0.06875,575.05
5401,1061,2024-11-26,1870,1,,313.6,0,0.0685,335.08
5402,1061,2024-11-26,1672,1,,550.21,0,0.06875,588.04
5403,1061,2024-11-26,1516,1,,473.22,0,0.0725,507.53
5404,1061,2024-11-26,1066,1,,27.84,0,0.08,30.07
5405,1061,2024-11-26,363,1,,777.84,0,0.0725,834.23
5406,1061,2024-11-26,1036,1,,389.12,0,0.08,420.25
5407,1061,2024-11-26,479,2,,375.98,0,0.0625,399.48
5408,1062,2024-11-27,760,1,,43.76,0,0.07,46.82
5409,1062,2024-11-27,1819,2,,130.96,0,0,130.96
5410,1062,2024-11-27,1030,1,,116.56,0,0.0575,123.26
5411,1062,2024-11-27,499,2,,1939.72,0,0.0725,2080.35
5412,1062,2024-11-27,743,2,,75.84,0,0.0575,80.2
5413,1062,2024-11-27,1362,1,,628.13,0,0.0635,668.02
5414,1062,2024-11-27,1342,2,,337.82,0,0.0725,362.31
5415,1063,2024-11-28,891,1,,105.69,0,0.065,112.56
5416,1063,2024-11-28,788,1,,1053.79,0,0.065,1122.29
5417,1063,2024-11-28,637,3,,291.35,0,0.065,310.29
5418,1063,2024-11-28,934,2,,459.75,0,0.0625,488.48
5419,1063,2024-11-28,963,2,,560.09,0,0.07,599.3
5420,1063,2024-11-28,933,2,,721.89,0,0.07,772.42
5421,1063,2024-11-28,197,2,,1054.42,0,0.0625,1120.32
5422,1064,2024-11-29,1007,3,,81.92,0,0.06875,87.55
5423,1064,2024-11-29,621,2,,1452.13,0,0.06,1539.26
5424,1064,2024-11-29,1771,1,,319.56,0,0.0485,335.06
5425,1064,2024-11-29,156,3,,1936.15,0,0.0625,2057.16
5426,1064,2024-11-29,1614,3,,420.88,0,0.0445,439.61
5427,1064,2024-11-29,1144,3,,575.07,0,0.0625,611.01
5428,1064,2024-11-29,343,2,,1167.1,0,0.0625,1240.04
5429,1064,2024-11-29,1051,3,17,335.66,143.85,0.0725,360
5430,1065,2024-11-30,682,1,,696.97,0,0.0445,727.99
5431,1065,2024-11-30,661,3,,425.58,0,0.06,451.11
5432,1065,2024-11-30,305,3,17,272.48,116.76,0.06,288.83
5433,1065,2024-11-30,827,1,17,77,33.01,0.0625,81.81
5434,1065,2024-11-30,467,1,,2671.9,0,0.045,2792.14
5435,1065,2024-11-30,250,1,17,478.11,204.91,0.05125,502.61
5436,1065,2024-11-30,274,1,17,668.2,286.34,0.0575,706.62
5437,1065,2024-11-30,144,1,,786.2,0,0.06875,840.25
5438,1065,2024-11-30,1462,2,,96.21,0,0.0635,102.32
5439,1066,2024-12-01,965,1,,252.57,0,0.0485,264.82
5440,1066,2024-12-01,1410,3,,135.46,0,0.06,143.59
5441,1066,2024-12-01,932,2,,393.9,0,0.05125,414.09
5442,1066,2024-12-01,1585,1,,322.93,0,0.0575,341.5
5443,1066,2024-12-01,438,1,,853.14,0,0.0445,891.1
5444,1066,2024-12-01,101,1,,430.92,0,0.06,456.78
5445,1066,2024-12-01,64,2,,988.69,0,0.0635,1051.47
5446,1066,2024-12-01,1474,3,,1424.4,0,0.0635,1514.85
5447,1066,2024-12-01,1553,3,,384.28,0,0,384.28
5448,1066,2024-12-01,1373,3,,496.65,0,0.06875,530.79
5449,1066,2024-12-01,1422,2,,442.77,0,0.0725,474.87
5450,1067,2024-12-02,1288,2,,630.7,0,0.04,655.93
5451,1067,2024-12-02,196,2,17,236.12,101.2,0.045,246.75
5452,1067,2024-12-02,1554,2,,556.83,0,0.0625,591.63
5453,1067,2024-12-02,1605,2,17,13.94,5.98,0.045,14.57
5454,1067,2024-12-02,20,3,,1456.61,0,0.0625,1547.65
5455,1067,2024-12-02,391,2,,938,0,0.0625,996.62
5456,1067,2024-12-02,1552,3,,178.06,0,0.0475,186.52
5457,1067,2024-12-02,1486,2,,325.32,0,0.0635,345.98
5458,1067,2024-12-02,1672,1,17,130.25,55.81,0.06875,139.2
5459,1067,2024-12-02,243,2,,1221.01,0,0.065,1300.38
5460,1068,2024-12-03,273,2,,783.98,0,0.08,846.7
5461,1068,2024-12-03,1465,2,,857.65,0,0.0625,911.25
5462,1068,2024-12-03,1189,2,,91.35,0,0.0485,95.78
5463,1068,2024-12-03,340,3,,724.8,0,0.065,771.91
5464,1068,2024-12-03,521,2,,1610.67,0,0,1610.67
5465,1068,2024-12-03,599,1,,734.17,0,0.0725,787.4
5466,1068,2024-12-03,1772,2,,198.09,0,0.0475,207.5
5467,1068,2024-12-03,885,2,,212.06,0,0.06,224.78
5468,1068,2024-12-03,932,2,,1510.72,0,0.05125,1588.14
5469,1069,2024-12-04,1024,1,,1803.36,0,0.0475,1889.02
5470,1069,2024-12-04,395,1,,663.3,0,0.029,682.54
5471,1069,2024-12-04,1041,3,,168.18,0,0.0685,179.7
5472,1069,2024-12-04,151,1,,574.74,0,0.0475,602.04
5473,1069,2024-12-04,729,2,,83.41,0,0.0575,88.21
5474,1069,2024-12-04,678,2,,137.31,0,0.065,146.24
5475,1069,2024-12-04,1769,1,,256.47,0,0.06,271.86
5476,1069,2024-12-04,246,2,,518.03,0,0.06,549.11
5477,1069,2024-12-04,1401,1,,379.21,0,0.08,409.55
5478,1070,2024-12-05,608,2,,81.92,0,0.0625,87.04
5479,1070,2024-12-05,1518,2,,529.63,0,0.0625,562.73
5480,1070,2024-12-05,386,1,,473,0,0.0625,502.56
5481,1070,2024-12-05,668,1,,486.22,0,0.0625,516.61
5482,1070,2024-12-05,822,2,,20.68,0,0.0725,22.18
5483,1070,2024-12-05,1371,1,,405.17,0,0.056,427.86
5484,1070,2024-12-05,620,1,,138.97,0,0.06,147.31
5485,1070,2024-12-05,1427,2,,926.62,0,0.0625,984.53
5486,1070,2024-12-05,460,1,,1715.32,0,0.065,1826.82
5487,1071,2024-12-06,991,3,,126.29,0,0.0625,134.18
5488,1071,2024-12-06,201,3,,1106.95,0,0.0485,1160.64
5489,1071,2024-12-06,128,2,,407.59,0,0.0725,437.14
5490,1071,2024-12-06,360,2,,851.39,0,0.0625,904.6
5491,1071,2024-12-06,866,2,,475.15,0,0.0625,504.85
5492,1071,2024-12-06,1648,2,,158.06,0,0.0485,165.73
5493,1071,2024-12-06,482,3,,455.2,0,0.0475,476.82
5494,1071,2024-12-06,340,1,,45.81,0,0.065,48.79
5495,1071,2024-12-06,224,1,,1859.48,0,0.0485,1949.66
5496,1072,2024-12-07,1077,3,,166.76,0,0.08,180.1
5497,1072,2024-12-07,576,1,,25.34,0,0.045,26.48
5498,1072,2024-12-07,406,3,,1806.86,0,0.0625,1919.79
5499,1072,2024-12-07,1068,1,,141,0,0.0475,147.7
5500,1072,2024-12-07,809,2,,379.49,0,0.04,394.67
5501,1072,2024-12-07,72,1,,995.74,0,0.0625,1057.97
5502,1072,2024-12-07,18,1,,456.54,0,0.0685,487.81
5503,1072,2024-12-07,1579,3,,487.04,0,0.0575,515.04
5504,1072,2024-12-07,1783,2,,62.22,0,0.065,66.26
5505,1073,2024-12-08,1336,1,,732.89,0,0.07,784.19
5506,1073,2024-12-08,124,2,,2740.3,0,0.06875,2928.7
5507,1073,2024-12-08,510,2,,543.13,0,0.06,575.72
5508,1073,2024-12-08,1622,2,,643.27,0,0.0725,689.91
5509,1073,2024-12-08,737,3,,446.91,0,0.0625,474.84
5510,1073,2024-12-08,373,2,,1256.49,0,0.06,1331.88
5511,1073,2024-12-08,830,2,,65.24,0,0.0625,69.32
5512,1073,2024-12-08,1170,3,,192.14,0,0.0685,205.3
5513,1073,2024-12-08,1574,1,,66.8,0,0.0445,69.77
5514,1074,2024-12-09,954,2,,433.46,0,0.065,461.63
5515,1074,2024-12-09,1404,1,,45.39,0,0.0685,48.5
5516,1074,2024-12-09,565,2,,145.7,0,0.045,152.26
5517,1074,2024-12-09,1777,3,,376.6,0,0.045,393.55
5518,1074,2024-12-09,601,2,,120.84,0,0.06,128.09
5519,1074,2024-12-09,799,3,,156.84,0,0.065,167.03
5520,1074,2024-12-09,566,2,,159.11,0,0.0445,166.19
5521,1074,2024-12-09,842,1,,59.68,0,0.065,63.56
5522,1074,2024-12-09,1336,1,,12.55,0,0.07,13.43
5523,1075,2024-12-10,1728,1,,241.5,0,0.045,252.37
5524,1075,2024-12-10,466,3,,521.26,0,0.0635,554.36
5525,1075,2024-12-10,83,1,,1145.02,0,0.0625,1216.58
5526,1075,2024-12-10,475,1,,787.95,0,0.07,843.11
5527,1075,2024-12-10,248,2,,756,0,0.0635,804.01
5528,1075,2024-12-10,295,1,,684.83,0,0.0725,734.48
5529,1075,2024-12-10,1955,3,,52.47,0,0.0575,55.49
5530,1075,2024-12-10,1241,1,,1010.4,0,0,1010.4
5531,1075,2024-12-10,923,1,,188.05,0,0.06875,200.98
5532,1076,2024-12-11,298,1,,660.54,0,0.0685,705.79
5533,1076,2024-12-11,1013,2,,142.52,0,0.029,146.65
5534,1076,2024-12-11,155,2,,1048.69,0,0,1048.69
5535,1076,2024-12-11,1714,2,,1603.42,0,0.045,1675.57
5536,1076,2024-12-11,1505,2,,196.54,0,0.045,205.38
5537,1076,2024-12-11,1533,1,,765.51,0,0.029,787.71
5538,1076,2024-12-11,726,2,,195.97,0,0.05125,206.01
5539,1076,2024-12-11,113,3,,586.39,0,0.0725,628.9
5540,1076,2024-12-11,1797,1,,202.79,0,0.05125,213.18
5541,1077,2024-12-12,674,3,,232.74,0,0.065,247.87
5542,1077,2024-12-12,251,2,,1129.7,0,0.06,1197.48
5543,1077,2024-12-12,1927,1,,176.64,0,0.045,184.59
5544,1077,2024-12-12,797,1,,473.3,0,0,473.3
5545,1077,2024-12-12,1307,3,,135.1,0,0.0685,144.35
5546,1077,2024-12-12,129,2,,709.15,0,0.07,758.79
5547,1077,2024-12-12,60,3,,1210.08,0,0.0475,1267.56
5548,1077,2024-12-12,1096,2,,924.42,0,0.065,984.51
5549,1077,2024-12-12,816,1,,495.72,0,0.08,535.38
5550,1078,2024-12-13,1685,1,,689.79,0,0.065,734.63
5551,1078,2024-12-13,493,1,,1487.05,0,0.0685,1588.91
5552,1078,2024-12-13,463,2,,478.33,0,0.065,509.42
5553,1078,2024-12-13,1990,1,,45.39,0,0.045,47.43
5554,1078,2024-12-13,973,2,18,435.27,145.08,0.029,447.89
5555,1078,2024-12-13,1848,2,,499.89,0,0.08,539.88
5556,1078,2024-12-13,1350,2,,894.95,0,0.0685,956.25
5557,1078,2024-12-13,1310,2,18,456.43,152.12,0.06,483.82
5558,1078,2024-12-13,1856,2,18,93.01,30.99,0.04,96.73
5559,1078,2024-12-13,240,2,,1032.44,0,0.029,1062.38
5560,1079,2024-12-14,1753,3,,192.14,0,0.0445,200.69
5561,1079,2024-12-14,1110,2,,326.17,0,0.08,352.26
5562,1079,2024-12-14,874,1,,1281.37,0,0.08,1383.88
5563,1079,2024-12-14,1793,2,18,191.16,63.74,0.04,198.81
5564,1079,2024-12-14,727,1,18,28.58,9.53,0.0575,30.22
5565,1079,2024-12-14,1503,1,,61.21,0,0.0575,64.73
5566,1079,2024-12-14,210,2,,1259.38,0,0.0635,1339.35
5567,1079,2024-12-14,1141,2,18,348.66,116.23,0.0485,365.57
5568,1079,2024-12-14,1573,3,,143.52,0,0.056,151.56
5569,1079,2024-12-14,1431,2,,585.68,0,0.0445,611.74
5570,1080,2024-12-15,1071,1,,388.97,0,0.0685,415.61
5571,1080,2024-12-15,1953,3,,281.28,0,0.06875,300.62
5572,1080,2024-12-15,484,2,,966.48,0,0.0625,1026.89
5573,1080,2024-12-15,118,3,,1636.62,0,0.06,1734.82
5574,1080,2024-12-15,140,1,18,712.39,237.5,0.07,762.26
5575,1080,2024-12-15,490,1,,441.75,0,0.0575,467.15
5576,1080,2024-12-15,1373,2,18,497.65,165.87,0.06875,531.86
5577,1080,2024-12-15,835,2,,288.46,0,0.045,301.44
5578,1080,2024-12-15,371,1,18,513.86,171.31,0.06,544.69
5579,1080,2024-12-15,1404,1,,1056.54,0,0.0685,1128.91
5580,1080,2024-12-15,1639,2,18,49.9,16.63,0.065,53.14
5581,1081,2024-12-16,1564,2,,781.3,0,0,781.3
5582,1081,2024-12-16,1080,2,18,351.79,117.26,0.04,365.86
5583,1081,2024-12-16,1523,3,,148.97,0,0.0625,158.28
5584,1081,2024-12-16,1307,2,18,332.07,110.7,0.0685,354.82
5585,1081,2024-12-16,924,1,,312.56,0,0.0575,330.53
5586,1081,2024-12-16,787,1,18,1311.56,437.15,0.0625,1393.53
5587,1081,2024-12-16,867,1,,83.42,0,0,83.42
5588,1081,2024-12-16,25,2,,1338.8,0,0.06,1419.13
5589,1081,2024-12-16,570,2,,19.76,0,0,19.76
5590,1081,2024-12-16,1031,1,18,289.23,96.39,0.04,300.8
5591,1082,2024-12-17,1178,2,18,190.68,63.56,0.0625,202.6
5592,1082,2024-12-17,1792,2,,72.73,0,0.0685,77.71
5593,1082,2024-12-17,1037,2,18,398.48,132.82,0.065,424.38
5594,1082,2024-12-17,1718,1,,384.96,0,0.0625,409.02
5595,1082,2024-12-17,289,3,18,783.27,261.07,0.0685,836.92
5596,1082,2024-12-17,248,1,,626.23,0,0.0635,666
5597,1082,2024-12-17,451,2,18,387.01,129,0.0725,415.07
5598,1082,2024-12-17,589,1,,154.38,0,0.065,164.41
5599,1082,2024-12-17,1262,2,,384.19,0,0.065,409.16
5600,1082,2024-12-17,1206,2,,291.22,0,0.06,308.69
5601,1082,2024-12-17,91,1,,744.99,0,0.08,804.59
5602,1083,2024-12-18,1870,2,,211.94,0,0.0685,226.46
5603,1083,2024-12-18,548,2,,72.17,0,0.0575,76.32
5604,1083,2024-12-18,428,3,,1351.53,0,0.0685,1444.11
5605,1083,2024-12-18,1954,3,,417.15,0,0.0485,437.38
5606,1083,2024-12-18,1186,3,18,118.1,39.35,0.0725,126.66
5607,1083,2024-12-18,209,2,,532.16,0,0.06875,568.75
5608,1083,2024-12-18,118,1,18,558.63,186.22,0.06,592.15
5609,1083,2024-12-18,1252,1,18,19.79,6.59,0.045,20.68
5610,1083,2024-12-18,1747,1,18,300.94,100.3,0.0685,321.55
5611,1083,2024-12-18,544,1,,315.27,0,0.045,329.46
5612,1083,2024-12-18,463,1,,482.11,0,0.065,513.45
5613,1084,2024-12-19,1351,3,,99.02,0,0.06,104.96
5614,1084,2024-12-19,1769,3,,515.51,0,0.06,546.44
5615,1084,2024-12-19,1865,1,18,789.56,263.2,0.065,840.88
5616,1084,2024-12-19,194,2,18,1017.42,339.13,0.06875,1087.37
5617,1084,2024-12-19,836,3,,695,0,0.065,740.18
5618,1084,2024-12-19,1128,1,18,537.79,179.27,0.0725,576.78
5619,1084,2024-12-19,263,3,18,177.81,59.27,0.06875,190.03
5620,1084,2024-12-19,207,2,,1407.74,0,0.0635,1497.13
5621,1084,2024-12-19,1263,1,,1188.44,0,0.08,1283.52
5622,1084,2024-12-19,73,1,,581.01,0,0.0685,620.81
5623,1085,2024-12-20,1124,2,18,486.59,162.19,0.0625,517
5624,1085,2024-12-20,363,3,18,275.92,91.98,0.0725,295.92
5625,1085,2024-12-20,155,2,18,831.68,277.26,0,831.68
5626,1085,2024-12-20,355,2,,903.59,0,0.056,954.19
5627,1085,2024-12-20,1353,3,18,1475.47,491.8,0.06,1564
5628,1085,2024-12-20,416,1,,1839.31,0,0.029,1892.65
5629,1085,2024-12-20,407,1,,1387.13,0,0.0625,1473.83
5630,1085,2024-12-20,1488,2,,403,0,0.04,419.12
5631,1085,2024-12-20,674,2,18,109.2,36.4,0.065,116.3
5632,1085,2024-12-20,1007,3,18,116.01,38.67,0.06875,123.99
5633,1086,2024-12-21,403,3,,772.48,0,0.0485,809.95
5634,1086,2024-12-21,1511,2,18,38.94,12.98,0.056,41.12
5635,1086,2024-12-21,1446,2,18,287.33,95.78,0.06,304.57
5636,1086,2024-12-21,1241,2,,337.33,0,0,337.33
5637,1086,2024-12-21,241,1,,292.17,0,0.065,311.16
5638,1086,2024-12-21,532,3,,591.6,0,0.06,627.1
5639,1086,2024-12-21,1174,1,,146.76,0,0,146.76
5640,1086,2024-12-21,1068,1,,609.14,0,0.0475,638.07
5641,1086,2024-12-21,213,2,,166.76,0,0.06,176.77
5642,1086,2024-12-21,1037,3,,143.52,0,0.065,152.85
5643,1087,2024-12-22,1234,1,18,232.07,77.37,0.07,248.31
5644,1087,2024-12-22,1236,2,,113.48,0,0.0625,120.57
5645,1087,2024-12-22,1817,3,,81.99,0,0.08,88.55
5646,1087,2024-12-22,693,2,,161.21,0,0.0635,171.45
5647,1087,2024-12-22,35,1,,1537.51,0,0.0685,1642.83
5648,1087,2024-12-22,164,3,18,392.72,130.88,0.0485,411.77
5649,1087,2024-12-22,480,2,,1523.88,0,0.06875,1628.65
5650,1087,2024-12-22,1290,3,18,389.77,129.93,0.06,413.16
5651,1087,2024-12-22,1553,3,,228.09,0,0,228.09
5652,1087,2024-12-22,1740,1,,491.98,0,0.0685,525.68
5653,1088,2024-12-23,1912,3,,471.34,0,0.07,504.33
5654,1088,2024-12-23,628,2,,22.65,0,0.0625,24.07
5655,1088,2024-12-23,787,1,,96.54,0,0.0625,102.57
5656,1088,2024-12-23,260,1,,912.45,0,0.065,971.76
5657,1088,2024-12-23,599,1,,365.28,0,0.0725,391.76
5658,1088,2024-12-23,729,3,18,236.55,78.85,0.0575,250.15
5659,1088,2024-12-23,1803,2,18,73,24.34,0.0725,78.29
5660,1088,2024-12-23,973,2,18,522.21,174.11,0.029,537.35
5661,1088,2024-12-23,1760,1,18,217.06,72.35,0.045,226.83
5662,1088,2024-12-23,349,1,,514.67,0,0.065,548.12
5663,1089,2024-12-24,1250,1,,189.86,0,0.08,205.05
5664,1089,2024-12-24,1822,1,,376.1,0,0.065,400.55
5665,1089,2024-12-24,333,2,,1014.97,0,0.0635,1079.42
5666,1089,2024-12-24,1292,2,18,9.96,3.32,0.0625,10.58
5667,1089,2024-12-24,34,3,,492.48,0,0,492.48
5668,1089,2024-12-24,1779,2,,818.96,0,0.056,864.82
5669,1089,2024-12-24,411,2,18,827.1,275.69,0.0725,887.06
5670,1089,2024-12-24,1597,1,,68.4,0,0.0575,72.33
5671,1089,2024-12-24,212,2,18,416.86,138.94,0.06,441.87
5672,1089,2024-12-24,1124,3,18,272.79,90.92,0.0625,289.84
5673,1090,2024-12-25,1197,2,,144.8,0,0.06,153.49
5674,1090,2024-12-25,1861,2,,581.23,0,0.0475,608.84
5675,1090,2024-12-25,1043,1,,80.43,0,0.0625,85.46
5676,1090,2024-12-25,308,2,18,480.19,160.04,0,480.19
5677,1090,2024-12-25,917,1,,516.22,0,0.0635,549
5678,1090,2024-12-25,569,2,,608.44,0,0.0625,646.47
5679,1090,2024-12-25,153,2,,806.18,0,0.0485,845.28
5680,1090,2024-12-25,30,2,,176.82,0,0.08,190.97
5681,1090,2024-12-25,1772,3,,673.82,0,0.0475,705.83
5682,1090,2024-12-25,1110,3,18,835.26,278.37,0.08,902.08
5683,1091,2024-12-26,1011,3,,157.41,0,0.0625,167.25
5684,1091,2024-12-26,1182,1,,1212.7,0,0,1212.7
5685,1091,2024-12-26,280,1,18,172.98,57.66,0.0575,182.93
5686,1091,2024-12-26,748,1,,337.32,0,0.0685,360.43
5687,1091,2024-12-26,1332,3,18,44.15,14.71,0.0625,46.91
5688,1091,2024-12-26,547,2,18,115.58,38.52,0.0685,123.5
5689,1091,2024-12-26,541,2,,1426.18,0,0.0625,1515.32
5690,1091,2024-12-26,100,3,,447.09,0,0.06,473.92
5691,1091,2024-12-26,1701,2,18,198.5,66.16,0.0635,211.1
5692,1091,2024-12-26,267,1,,238.03,0,0.04,247.55
5693,1091,2024-12-26,1913,1,,848.41,0,0.0485,889.56
5694,1092,2024-12-27,67,2,,1036.21,0,0,1036.21
5695,1092,2024-12-27,1345,2,,102.12,0,0.0685,109.12
5696,1092,2024-12-27,122,3,,385.91,0,0.04,401.35
5697,1092,2024-12-27,586,1,,350.2,0,0.045,365.96
5698,1092,2024-12-27,1747,2,,252.58,0,0.0685,269.88
5699,1092,2024-12-27,1034,3,,339.1,0,0.056,358.09
5700,1092,2024-12-27,1122,1,,224.27,0,0.07,239.97
5701,1092,2024-12-27,946,1,,225.04,0,0.05125,236.57
5702,1092,2024-12-27,1124,1,,389.32,0,0.0625,413.65
5703,1093,2024-12-28,1201,3,,608.92,0,0.06,645.46
5704,1093,2024-12-28,929,1,,769.8,0,0.045,804.44
5705,1093,2024-12-28,1090,2,,1301.72,0,0.08,1405.86
5706,1093,2024-12-28,1792,2,,746.13,0,0.0685,797.24
5707,1093,2024-12-28,546,3,,1407.91,0,0.07,1506.46
5708,1093,2024-12-28,1072,1,,46.59,0,0.065,49.62
5709,1093,2024-12-28,1938,1,,265.18,0,0.0685,283.34
5710,1093,2024-12-28,1339,3,,771.4,0,0,771.4
5711,1093,2024-12-28,56,2,,1074.63,0,0.0685,1148.24
5712,1094,2024-12-29,17,2,,800.39,0,0.0685,855.22
5713,1094,2024-12-29,1824,3,,125.13,0,0.08,135.14
5714,1094,2024-12-29,1664,1,,603.63,0,0.045,630.79
5715,1094,2024-12-29,1504,2,,334.86,0,0,334.86
5716,1094,2024-12-29,394,1,,1380.93,0,0.0725,1481.05
5717,1094,2024-12-29,1430,2,,72.82,0,0,72.82
5718,1094,2024-12-29,474,2,,370.7,0,0.0625,393.87
5719,1094,2024-12-29,1937,3,,450.88,0,0.06,477.93
5720,1094,2024-12-29,1359,3,,255.01,0,0.05125,268.08
5721,1095,2024-12-30,1014,1,,227.74,0,0.0625,241.97
5722,1095,2024-12-30,1846,1,,656.27,0,0.0685,701.22
5723,1095,2024-12-30,728,1,,196.57,0,0.06,208.36
5724,1095,2024-12-30,1504,1,,209.08,0,0,209.08
5725,1095,2024-12-30,640,2,,729.29,0,0.05125,766.67
5726,1095,2024-12-30,1524,1,,218.37,0,0,218.37
5727,1095,2024-12-30,184,2,,95.34,0,0.0575,100.82
5728,1095,2024-12-30,1105,2,,241.5,0,0.029,248.5
5729,1095,2024-12-30,319,3,,807.36,0,0,807.36
5730,1096,2024-12-31,1243,1,,59.85,0,0.0485,62.75
5731,1096,2024-12-31,656,2,,1195.4,0,0,1195.4
5732,1096,2024-12-31,429,3,,940.25,0,0.065,1001.37
5733,1096,2024-12-31,1537,3,,79.34,0,0.029,81.64
5734,1096,2024-12-31,1018,1,,163.92,0,0.0485,171.87
5735,1096,2024-12-31,1629,2,,564.84,0,0.08,610.03
5736,1096,2024-12-31,695,2,,616.64,0,0.0445,644.08
5737,1096,2024-12-31,809,2,,1108.06,0,0.04,1152.38
5738,1096,2024-12-31,402,2,,192.14,0,0,192.14
