order_detail_id,order_id,product_id,variant_id,qty,unit_price,unit_discount,line_total
1,1,41,118,2,40.66,0.0,81.32
2,2,89,253,1,73.85,0.0,73.85
3,2,69,197,1,22.8,0.0,22.8
4,2,76,214,1,66.03,0.0,66.03
5,2,12,32,2,243.11,0.0,486.22
6,2,71,202,5,18.78,0.0,93.9
7,3,13,34,2,155.62,0.0,311.24
8,3,70,200,1,129.33,0.0,129.33
9,4,9,23,1,61.83,0.0,61.83
10,4,75,212,1,50.67,0.0,50.67
11,4,1,1,1,193.05,0.0,193.05
12,5,51,145,2,51.92,0.0,103.84
13,5,17,45,2,88.41,0.0,176.82
14,5,76,214,4,66.03,0.0,264.12
15,5,4,8,4,89.33,0.0,357.32
16,6,25,66,3,136.29,0.0,408.87
17,6,24,64,1,112.11,0.0,112.11
18,6,18,47,1,98.27,0.0,98.27
19,7,10,28,1,236.5,0.0,236.5
20,7,74,209,1,215.0,0.0,215.0
21,7,47,134,2,97.33,0.0,194.66
22,8,27,73,1,7.55,0.0,7.55
23,8,9,23,1,61.83,0.0,61.83
24,9,27,73,4,7.55,0.0,30.2
25,9,22,58,3,138.97,0.0,416.91
26,9,89,253,3,73.85,0.0,221.55
27,9,27,71,5,12.55,0.0,62.75
28,10,88,250,2,45.4,0.0,90.8
29,11,39,110,1,58.78,0.0,58.78
30,11,27,72,2,22.55,0.0,45.1
31,12,87,247,4,64.46,0.0,257.84
32,12,61,175,1,69.85,0.0,69.85
33,13,5,12,1,81.21,0.0,81.21
34,13,41,117,1,22.66,0.0,22.66
35,14,9,22,2,56.83,0.0,113.66
36,14,87,247,2,64.46,0.0,128.92
37,14,62,180,2,150.25,0.0,300.5
38,15,12,31,1,258.11,0.0,258.11
39,15,54,152,2,31.28,0.0,62.56
40,16,45,129,4,47.45,0.0,189.8
41,16,55,155,3,49.23,0.0,147.69
42,17,87,249,1,78.46,0.0,78.46
43,17,64,183,2,72.17,0.0,144.34
44,18,78,219,2,80.43,0.0,160.86
45,18,68,195,2,162.66,0.0,325.32
46,18,44,125,2,40.65,0.0,81.3
47,19,50,140,4,111.34,0.0,445.36
48,19,27,73,3,7.55,0.0,22.65
49,19,87,247,1,64.46,0.0,64.46
50,19,27,71,4,12.55,0.0,50.2
51,19,43,123,3,12.67,0.0,38.01
52,20,32,88,1,176.3,0.0,176.3
53,20,33,92,1,56.53,0.0,56.53
54,20,52,147,5,97.59,0.0,487.95
55,20,36,101,1,15.53,0.0,15.53
56,20,43,122,2,12.67,0.0,25.34
57,20,64,184,1,66.17,0.0,66.17
58,21,17,46,1,83.41,0.0,83.41
59,21,9,24,2,56.83,0.0,113.66
60,21,78,218,1,83.43,0.0,83.43
61,22,6,16,1,126.76,0.0,126.76
62,22,11,30,1,36.69,0.0,36.69
63,23,41,118,2,40.66,0.0,81.32
64,23,16,41,1,121.76,0.0,121.76
65,24,85,240,1,18.14,0.0,18.14
66,24,6,15,3,111.76,0.0,335.28
67,24,92,264,3,62.75,0.0,188.25
68,24,86,246,3,85.71,0.0,257.13
69,24,48,136,1,45.39,0.0,45.39
70,25,67,192,1,77.05,0.0,77.05
71,25,6,16,2,126.76,0.0,253.52
72,25,43,122,2,12.67,0.0,25.34
73,25,65,185,1,154.37,0.0,154.37
74,26,12,32,3,243.11,0.0,729.33
75,26,68,194,3,168.66,0.0,505.98
76,26,97,280,3,39.57,0.0,118.71
77,26,66,188,3,32.38,0.0,97.14
78,26,23,61,3,38.88,0.0,116.64
79,27,30,82,3,10.27,0.0,30.81
80,27,39,112,3,53.78,0.0,161.34
81,27,60,173,4,36.2,0.0,144.8
82,28,91,259,2,35.66,0.0,71.32
83,29,65,187,1,151.37,0.0,151.37
84,29,52,147,1,97.59,0.0,97.59
85,29,37,105,1,23.93,0.0,23.93
86,30,79,221,2,148.61,14.86,267.5
87,30,20,52,1,65.61,6.56,59.05
88,31,54,152,2,31.28,0.0,62.56
89,31,96,275,3,92.44,0.0,277.32
90,31,24,63,2,122.11,0.0,244.22
91,31,22,58,4,138.97,0.0,555.88
92,31,18,48,1,93.27,0.0,93.27
93,32,92,263,1,60.75,0.0,60.75
94,32,51,143,1,37.92,0.0,37.92
95,32,93,267,2,29.84,0.0,59.68
96,33,8,21,1,183.95,0.0,183.95
97,34,13,35,2,145.62,0.0,291.24
98,34,9,22,3,56.83,0.0,170.49
99,35,80,225,2,213.05,0.0,426.1
100,35,13,33,1,140.62,0.0,140.62
101,36,1,2,2,188.05,0.0,376.1
102,36,21,57,1,67.82,0.0,67.82
103,36,34,96,1,79.03,0.0,79.03
104,37,22,58,1,138.97,13.9,125.07
105,38,14,37,5,83.42,8.34,375.4
106,38,14,37,2,83.42,8.34,150.16
107,39,3,5,2,132.59,13.26,238.66
108,39,6,15,2,111.76,11.18,201.16
109,39,52,146,1,65.59,6.56,59.03
110,39,88,250,1,45.4,4.54,40.86
111,40,4,8,2,89.33,0.0,178.66
112,40,42,119,5,40.62,0.0,203.1
113,41,53,150,2,76.71,0.0,153.42
114,41,37,106,1,18.93,0.0,18.93
115,42,14,38,4,93.42,9.34,336.32
116,42,39,112,1,53.78,5.38,48.4
117,43,2,3,5,81.92,8.19,368.65
118,43,84,238,2,38.36,3.84,69.04
119,44,96,275,1,92.44,0.0,92.44
120,45,57,163,1,58.38,0.0,58.38
121,46,58,165,5,43.21,0.0,216.05
122,46,13,34,2,155.62,0.0,311.24
123,47,1,1,1,193.05,0.0,193.05
124,48,2,4,2,86.92,8.69,156.46
125,48,68,196,4,165.66,16.57,596.36
126,48,16,41,1,121.76,12.18,109.58
127,48,31,86,3,52.47,5.25,141.66
128,48,89,255,2,61.85,6.18,111.34
129,48,91,260,2,23.66,2.37,42.58
130,49,90,257,1,52.11,0.0,52.11
131,49,8,20,5,193.95,0.0,969.75
132,49,5,11,4,86.21,0.0,344.84
133,50,82,231,1,21.0,0.0,21.0
134,50,34,97,5,89.03,0.0,445.15
135,50,32,88,1,176.3,0.0,176.3
136,50,36,104,2,15.53,0.0,31.06
137,51,65,187,3,151.37,15.14,408.69
138,52,43,122,2,12.67,0.0,25.34
139,52,24,63,5,122.11,0.0,610.55
140,52,2,3,4,81.92,0.0,327.68
141,52,6,16,4,126.76,0.0,507.04
142,53,44,126,3,22.65,0.0,67.95
143,53,42,120,5,72.62,0.0,363.1
144,53,56,161,2,40.28,0.0,80.56
145,53,50,142,4,79.34,0.0,317.36
146,54,65,185,5,154.37,15.44,694.65
147,55,59,169,4,87.83,0.0,351.32
148,55,16,41,1,121.76,0.0,121.76
149,55,32,88,1,176.3,0.0,176.3
150,56,59,168,1,55.83,0.0,55.83
151,56,69,198,1,25.8,0.0,25.8
152,56,71,201,1,15.78,0.0,15.78
153,57,72,205,1,153.23,0.0,153.23
154,57,37,105,1,23.93,0.0,23.93
155,57,37,106,2,18.93,0.0,37.86
156,58,95,272,1,9.88,0.0,9.88
157,59,8,21,1,183.95,18.39,165.56
158,59,8,20,1,193.95,19.39,174.56
159,59,68,196,1,165.66,16.57,149.09
160,60,58,166,2,61.21,0.0,122.42
161,60,73,208,2,198.67,0.0,397.34
162,60,7,17,2,51.06,0.0,102.12
163,61,58,165,1,43.21,0.0,43.21
164,61,4,7,4,84.33,0.0,337.32
165,62,72,204,1,156.23,0.0,156.23
166,63,58,165,1,43.21,4.32,38.89
167,63,92,262,1,62.75,6.28,56.47
168,64,43,124,2,44.67,0.0,89.34
169,64,56,161,2,40.28,0.0,80.56
170,64,47,134,1,97.33,0.0,97.33
171,65,5,14,3,81.21,0.0,243.63
172,65,91,258,3,21.66,0.0,64.98
173,65,11,29,2,41.69,0.0,83.38
174,65,70,199,5,132.33,0.0,661.65
175,66,10,27,1,236.5,0.0,236.5
176,67,59,167,1,55.83,0.0,55.83
177,68,22,59,4,148.97,0.0,595.88
178,69,82,231,3,21.0,0.0,63.0
179,70,44,127,4,22.65,2.27,81.52
180,70,25,66,4,136.29,13.63,490.64
181,70,77,216,5,190.3,19.03,856.35
182,70,17,46,3,83.41,8.34,225.21
183,71,49,138,2,20.68,0.0,41.36
184,71,94,271,2,24.87,0.0,49.74
185,72,45,128,1,29.45,0.0,29.45
186,73,4,7,3,84.33,8.43,227.7
187,74,45,128,1,29.45,2.94,26.51
188,75,2,4,2,86.92,0.0,173.84
189,75,4,9,1,99.33,0.0,99.33
190,76,49,139,5,38.68,0.0,193.4
191,76,16,42,3,126.76,0.0,380.28
192,76,8,21,2,183.95,0.0,367.9
193,77,23,62,4,48.88,0.0,195.52
194,77,10,27,3,236.5,0.0,709.5
195,78,91,261,2,23.66,0.0,47.32
196,79,99,284,1,49.51,0.0,49.51
197,79,27,71,1,12.55,0.0,12.55
198,79,72,205,2,153.23,0.0,306.46
199,80,18,48,4,93.27,0.0,373.08
200,80,7,17,2,51.06,0.0,102.12
201,80,1,2,1,188.05,0.0,188.05
202,80,39,111,5,68.78,0.0,343.9
203,80,8,20,1,193.95,0.0,193.95
204,80,20,53,1,75.61,0.0,75.61
205,81,32,91,2,186.3,0.0,372.6
206,81,4,7,2,84.33,0.0,168.66
207,82,40,114,1,128.52,12.85,115.67
208,83,26,69,1,64.15,0.0,64.15
209,84,46,132,2,102.22,0.0,204.44
210,84,77,217,3,190.3,0.0,570.9
211,85,40,114,4,128.52,0.0,514.08
212,85,61,174,1,72.85,0.0,72.85
213,86,53,149,1,44.71,4.47,40.24
214,86,8,20,2,193.95,19.39,349.12
215,86,20,52,2,65.61,6.56,118.1
216,86,51,145,3,51.92,5.19,140.19
217,86,11,29,4,41.69,4.17,150.08
218,87,41,117,1,22.66,2.27,20.39
219,88,78,219,1,80.43,0.0,80.43
220,89,5,14,1,81.21,0.0,81.21
221,90,22,58,1,138.97,0.0,138.97
222,90,8,21,1,183.95,0.0,183.95
223,91,51,144,2,19.92,0.0,39.84
224,91,26,70,1,69.15,0.0,69.15
225,91,2,4,1,86.92,0.0,86.92
226,91,14,38,3,93.42,0.0,280.26
227,92,81,228,3,63.08,0.0,189.24
228,92,6,16,3,126.76,0.0,380.28
229,92,97,279,2,39.57,0.0,79.14
230,92,77,216,2,190.3,0.0,380.6
231,92,3,5,4,132.59,0.0,530.36
232,93,77,217,1,190.3,0.0,190.3
233,94,32,90,3,176.3,0.0,528.9
234,94,13,33,2,140.62,0.0,281.24
235,95,70,199,4,132.33,0.0,529.32
236,95,72,204,3,156.23,0.0,468.69
237,95,46,132,2,102.22,0.0,204.44
238,96,27,71,2,12.55,0.0,25.1
239,96,72,204,4,156.23,0.0,624.92
240,96,11,29,2,41.69,0.0,83.38
241,96,5,11,1,86.21,0.0,86.21
242,96,75,213,3,44.67,0.0,134.01
243,96,64,183,3,72.17,0.0,216.51
244,97,100,287,1,44.34,0.0,44.34
245,97,93,266,1,27.84,0.0,27.84
246,97,54,152,1,31.28,0.0,31.28
247,97,1,1,2,193.05,0.0,386.1
248,97,34,96,2,79.03,0.0,158.06
249,98,40,115,1,133.52,0.0,133.52
250,98,10,25,3,241.5,0.0,724.5
251,98,79,221,1,148.61,0.0,148.61
252,99,100,287,2,44.34,0.0,88.68
253,99,15,40,1,176.21,0.0,176.21
254,99,23,61,4,38.88,0.0,155.52
255,100,36,104,1,15.53,0.0,15.53
256,100,82,232,2,33.0,0.0,66.0
257,100,5,14,3,81.21,0.0,243.63
258,100,2,3,3,81.92,0.0,245.76
259,101,6,15,1,111.76,0.0,111.76
260,101,22,59,2,148.97,0.0,297.94
261,101,19,49,1,207.14,0.0,207.14
262,102,10,25,3,241.5,0.0,724.5
263,102,87,248,1,66.46,0.0,66.46
264,102,38,109,3,164.11,0.0,492.33
265,102,2,3,1,81.92,0.0,81.92
266,102,24,63,1,122.11,0.0,122.11
267,102,21,56,2,72.82,0.0,145.64
268,103,70,200,1,129.33,0.0,129.33
269,103,45,129,2,47.45,0.0,94.9
270,103,59,168,1,55.83,0.0,55.83
271,104,68,195,3,162.66,0.0,487.98
272,105,45,129,2,47.45,0.0,94.9
273,106,77,216,1,190.3,0.0,190.3
274,106,52,146,3,65.59,0.0,196.77
275,106,58,165,3,43.21,0.0,129.63
276,106,81,228,5,63.08,0.0,315.4
277,106,84,237,4,38.36,0.0,153.44
278,107,47,134,3,97.33,0.0,291.99
279,107,64,183,4,72.17,0.0,288.68
280,107,71,203,2,18.78,0.0,37.56
281,108,81,227,1,63.08,0.0,63.08
282,109,84,239,3,36.36,0.0,109.08
283,109,7,19,2,56.06,0.0,112.12
284,109,81,226,5,61.08,0.0,305.4
285,110,59,170,3,73.83,0.0,221.49
286,110,42,121,2,40.62,0.0,81.24
287,110,49,138,5,20.68,0.0,103.4
288,110,40,115,2,133.52,0.0,267.04
289,110,15,39,4,161.21,0.0,644.84
290,111,9,22,1,56.83,0.0,56.83
291,111,58,166,1,61.21,0.0,61.21
292,111,7,18,1,51.06,0.0,51.06
293,111,91,260,2,23.66,0.0,47.32
294,111,12,32,1,243.11,0.0,243.11
295,112,52,147,1,97.59,0.0,97.59
296,112,3,6,1,147.59,0.0,147.59
297,113,74,210,2,212.0,0.0,424.0
298,114,37,105,4,23.93,0.0,95.72
299,114,6,15,3,111.76,0.0,335.28
300,114,99,283,1,61.51,0.0,61.51
301,115,78,218,5,83.43,0.0,417.15
302,115,66,190,4,29.38,0.0,117.52
303,115,21,57,2,67.82,0.0,135.64
304,116,61,175,2,69.85,0.0,139.7
305,116,25,66,2,136.29,0.0,272.58
306,117,78,219,4,80.43,0.0,321.72
307,117,53,149,2,44.71,0.0,89.42
308,118,98,282,2,69.39,0.0,138.78
309,118,58,166,4,61.21,0.0,244.84
310,118,66,188,5,32.38,0.0,161.9
311,118,11,29,5,41.69,0.0,208.45
312,119,60,173,2,36.2,0.0,72.4
313,120,95,272,2,9.88,0.0,19.76
314,120,18,48,3,93.27,0.0,279.81
315,120,38,109,2,164.11,0.0,328.22
316,120,95,273,2,21.88,0.0,43.76
317,120,20,52,4,65.61,0.0,262.44
318,121,71,203,2,18.78,0.0,37.56
319,122,41,118,2,40.66,0.0,81.32
320,122,40,115,2,133.52,0.0,267.04
321,123,33,93,1,51.53,7.73,43.8
322,123,80,224,1,213.05,31.96,181.09
323,124,84,238,1,38.36,5.75,32.61
324,124,11,29,2,41.69,6.25,70.88
325,124,36,102,4,25.53,3.83,86.8
326,124,26,70,1,69.15,10.37,58.78
327,124,88,252,1,33.4,5.01,28.39
328,124,52,146,1,65.59,9.84,55.75
329,125,1,1,1,193.05,0.0,193.05
330,126,11,29,1,41.69,0.0,41.69
331,127,20,53,3,75.61,11.34,192.81
332,128,70,199,1,132.33,19.85,112.48
333,128,35,100,2,32.33,4.85,54.96
334,128,84,239,2,36.36,5.45,61.82
335,128,45,129,1,47.45,7.12,40.33
336,129,31,87,3,62.47,0.0,187.41
337,129,35,100,1,32.33,0.0,32.33
338,129,16,43,2,136.76,0.0,273.52
339,129,89,255,2,61.85,0.0,123.7
340,130,14,37,1,83.42,0.0,83.42
341,131,4,9,5,99.33,14.9,422.15
342,131,1,2,2,188.05,28.21,319.68
343,131,7,19,3,56.06,8.41,142.95
344,131,46,130,2,70.22,10.53,119.38
345,131,37,106,2,18.93,2.84,32.18
346,131,56,159,3,58.28,8.74,148.62
347,132,12,32,1,243.11,0.0,243.11
348,132,97,279,3,39.57,0.0,118.71
349,132,18,47,2,98.27,0.0,196.54
350,133,9,23,1,61.83,9.27,52.56
351,134,31,86,2,52.47,0.0,104.94
352,134,29,80,1,140.1,0.0,140.1
353,134,19,49,1,207.14,0.0,207.14
354,134,57,164,2,26.38,0.0,52.76
355,134,38,107,2,159.11,0.0,318.22
356,135,59,168,4,55.83,0.0,223.32
357,136,14,37,2,83.42,0.0,166.84
358,137,28,76,3,158.25,0.0,474.75
359,137,51,145,4,51.92,0.0,207.68
360,138,1,2,1,188.05,0.0,188.05
361,138,16,41,1,121.76,0.0,121.76
362,139,40,116,2,143.52,0.0,287.04
363,140,88,250,1,45.4,0.0,45.4
364,140,64,183,3,72.17,0.0,216.51
365,141,55,157,1,17.23,0.0,17.23
366,141,12,32,1,243.11,0.0,243.11
367,142,13,35,1,145.62,0.0,145.62
368,142,59,169,1,87.83,0.0,87.83
369,142,6,15,5,111.76,0.0,558.8
370,142,43,122,4,12.67,0.0,50.68
371,142,46,132,4,102.22,0.0,408.88
372,142,7,18,2,51.06,0.0,102.12
373,143,75,212,1,50.67,0.0,50.67
374,144,6,15,1,111.76,0.0,111.76
375,144,75,211,4,47.67,0.0,190.68
376,144,57,163,5,58.38,0.0,291.9
377,145,10,25,1,241.5,0.0,241.5
378,146,81,228,5,63.08,0.0,315.4
379,146,10,28,1,236.5,0.0,236.5
380,146,79,220,4,151.61,0.0,606.44
381,147,39,111,3,68.78,0.0,206.34
382,147,68,196,1,165.66,0.0,165.66
383,148,69,197,3,22.8,0.0,68.4
384,149,16,43,1,136.76,0.0,136.76
385,149,42,120,4,72.62,0.0,290.48
386,150,84,238,1,38.36,0.0,38.36
387,150,86,246,2,85.71,0.0,171.42
388,151,23,61,1,38.88,0.0,38.88
389,151,52,147,1,97.59,0.0,97.59
390,151,68,195,1,162.66,0.0,162.66
391,151,9,23,1,61.83,0.0,61.83
392,151,18,47,2,98.27,0.0,196.54
393,152,55,154,1,35.23,0.0,35.23
394,152,4,9,2,99.33,0.0,198.66
395,152,27,73,1,7.55,0.0,7.55
396,152,28,74,1,158.25,0.0,158.25
397,153,14,36,1,78.42,0.0,78.42
398,154,1,2,1,188.05,0.0,188.05
399,155,94,270,1,36.87,0.0,36.87
400,155,57,162,3,44.38,0.0,133.14
401,155,56,158,1,72.28,0.0,72.28
402,155,93,269,1,41.84,0.0,41.84
403,156,9,24,1,56.83,0.0,56.83
404,157,71,201,1,15.78,0.0,15.78
405,157,57,162,3,44.38,0.0,133.14
406,157,40,116,4,143.52,0.0,574.08
407,158,38,109,1,164.11,0.0,164.11
408,158,33,92,1,56.53,0.0,56.53
409,158,22,59,1,148.97,0.0,148.97
410,158,8,20,2,193.95,0.0,387.9
411,159,69,197,3,22.8,0.0,68.4
412,160,46,130,1,70.22,0.0,70.22
413,160,6,15,2,111.76,0.0,223.52
414,160,49,138,3,20.68,0.0,62.04
415,160,98,281,1,83.39,0.0,83.39
416,161,18,48,4,93.27,0.0,373.08
417,161,43,124,4,44.67,0.0,178.68
418,162,55,154,3,35.23,0.0,105.69
419,162,1,2,3,188.05,0.0,564.15
420,162,31,87,4,62.47,0.0,249.88
421,163,56,160,3,40.28,0.0,120.84
422,163,54,152,1,31.28,0.0,31.28
423,163,79,222,4,145.61,0.0,582.44
424,163,22,59,1,148.97,0.0,148.97
425,163,24,64,4,112.11,0.0,448.44
426,164,15,40,1,176.21,0.0,176.21
427,164,60,172,2,18.2,0.0,36.4
428,165,23,61,1,38.88,0.0,38.88
429,165,44,126,1,22.65,0.0,22.65
430,166,48,137,2,45.39,0.0,90.78
431,166,57,162,2,44.38,0.0,88.76
432,167,3,5,1,132.59,0.0,132.59
433,168,46,131,2,70.22,0.0,140.44
434,168,7,18,2,51.06,0.0,102.12
435,168,91,259,5,35.66,0.0,178.3
436,168,9,23,2,61.83,0.0,123.66
437,168,11,29,4,41.69,0.0,166.76
438,168,29,79,1,140.1,0.0,140.1
439,169,83,235,1,35.04,0.0,35.04
440,169,18,47,2,98.27,0.0,196.54
441,170,24,63,3,122.11,0.0,366.33
442,170,53,151,4,44.71,0.0,178.84
443,171,37,106,2,18.93,0.0,37.86
444,171,43,123,1,12.67,0.0,12.67
445,172,32,89,2,171.3,0.0,342.6
446,172,22,59,1,148.97,0.0,148.97
447,172,34,98,2,79.03,0.0,158.06
448,173,17,46,1,83.41,0.0,83.41
449,173,53,151,1,44.71,0.0,44.71
450,173,19,50,3,192.14,0.0,576.42
451,174,54,153,3,13.28,0.0,39.84
452,174,14,37,2,83.42,0.0,166.84
453,174,70,200,3,129.33,0.0,387.99
454,174,35,100,3,32.33,0.0,96.99
455,175,73,206,3,195.67,0.0,587.01
456,175,14,37,2,83.42,0.0,166.84
457,176,6,16,1,126.76,0.0,126.76
458,177,6,16,2,126.76,0.0,253.52
459,177,12,32,2,243.11,0.0,486.22
460,178,96,278,5,80.44,0.0,402.2
461,178,3,5,3,132.59,0.0,397.77
462,178,92,265,5,74.75,0.0,373.75
463,178,89,254,1,59.85,0.0,59.85
464,179,76,215,1,63.03,0.0,63.03
465,180,66,189,5,26.38,0.0,131.9
466,180,86,245,1,85.71,0.0,85.71
467,181,30,83,2,15.27,0.0,30.54
468,181,51,145,1,51.92,0.0,51.92
469,181,3,5,1,132.59,0.0,132.59
470,181,15,40,4,176.21,0.0,704.84
471,182,46,133,1,88.22,0.0,88.22
472,183,18,47,3,98.27,0.0,294.81
473,183,13,33,3,140.62,0.0,421.86
474,184,20,53,2,75.61,0.0,151.22
475,184,10,25,1,241.5,0.0,241.5
476,184,84,236,4,50.36,0.0,201.44
477,185,89,254,1,59.85,0.0,59.85
478,185,67,192,2,77.05,0.0,154.1
479,185,40,114,1,128.52,0.0,128.52
480,185,64,183,2,72.17,0.0,144.34
481,185,51,143,2,37.92,0.0,75.84
482,186,45,128,1,29.45,0.0,29.45
483,186,96,276,3,78.44,0.0,235.32
484,186,15,39,1,161.21,0.0,161.21
485,187,98,281,2,83.39,0.0,166.78
486,188,33,93,5,51.53,0.0,257.65
487,188,46,130,4,70.22,0.0,280.88
488,188,47,134,1,97.33,0.0,97.33
489,188,4,7,2,84.33,0.0,168.66
490,189,50,140,2,111.34,0.0,222.68
491,189,70,199,5,132.33,0.0,661.65
492,190,78,218,1,83.43,0.0,83.43
493,191,95,273,4,21.88,0.0,87.52
494,191,9,23,4,61.83,0.0,247.32
495,191,55,154,1,35.23,0.0,35.23
496,192,8,21,1,183.95,0.0,183.95
497,193,41,118,2,40.66,0.0,81.32
498,193,74,210,2,212.0,0.0,424.0
499,194,8,21,2,183.95,0.0,367.9
500,194,59,167,1,55.83,0.0,55.83
501,195,23,62,1,48.88,0.0,48.88
502,195,40,114,1,128.52,0.0,128.52
503,196,1,2,4,188.05,0.0,752.2
504,196,95,273,1,21.88,0.0,21.88
505,197,26,68,1,69.15,0.0,69.15
506,197,58,165,1,43.21,0.0,43.21
507,198,43,123,1,12.67,0.0,12.67
508,198,69,198,1,25.8,0.0,25.8
509,199,19,49,1,207.14,0.0,207.14
510,199,76,214,2,66.03,0.0,132.06
511,200,16,42,2,126.76,0.0,253.52
512,200,100,286,3,56.34,0.0,169.02
513,200,89,253,1,73.85,0.0,73.85
514,200,37,105,1,23.93,0.0,23.93
515,201,38,109,4,164.11,0.0,656.44
516,202,3,6,2,147.59,0.0,295.18
517,202,2,4,2,86.92,0.0,173.84
518,202,75,211,4,47.67,0.0,190.68
519,202,2,3,3,81.92,0.0,245.76
520,202,79,221,4,148.61,0.0,594.44
521,203,47,135,1,79.33,0.0,79.33
522,203,49,139,2,38.68,0.0,77.36
523,204,47,134,1,97.33,0.0,97.33
524,204,25,67,2,126.29,0.0,252.58
525,205,75,212,2,50.67,0.0,101.34
526,205,88,251,3,33.4,0.0,100.2
527,205,17,45,1,88.41,0.0,88.41
528,205,18,48,1,93.27,0.0,93.27
529,206,28,75,4,153.25,0.0,613.0
530,206,70,200,4,129.33,0.0,517.32
531,206,51,144,1,19.92,0.0,19.92
532,206,69,197,1,22.8,0.0,22.8
533,206,31,86,1,52.47,0.0,52.47
534,206,86,244,2,83.71,0.0,167.42
535,207,40,113,1,133.52,0.0,133.52
536,207,75,213,1,44.67,0.0,44.67
537,208,3,5,5,132.59,0.0,662.95
538,208,85,241,1,6.14,0.0,6.14
539,208,39,111,3,68.78,0.0,206.34
540,208,6,16,2,126.76,0.0,253.52
541,208,42,119,1,40.62,0.0,40.62
542,209,10,25,4,241.5,0.0,966.0
543,209,35,99,3,27.33,0.0,81.99
544,209,38,107,4,159.11,0.0,636.44
545,210,100,285,5,42.34,0.0,211.7
546,210,61,174,4,72.85,0.0,291.4
547,210,41,118,2,40.66,0.0,81.32
548,211,44,125,5,40.65,0.0,203.25
549,212,39,111,1,68.78,0.0,68.78
550,213,38,107,1,159.11,0.0,159.11
551,213,35,100,2,32.33,0.0,64.66
552,213,68,196,3,165.66,0.0,496.98
553,214,28,74,1,158.25,0.0,158.25
554,214,33,93,2,51.53,0.0,103.06
555,214,6,16,4,126.76,0.0,507.04
556,214,7,18,2,51.06,0.0,102.12
557,214,13,33,2,140.62,0.0,281.24
558,214,29,78,3,150.1,0.0,450.3
559,215,62,179,1,147.25,0.0,147.25
560,215,58,166,2,61.21,0.0,122.42
561,215,5,11,1,86.21,0.0,86.21
562,215,28,74,2,158.25,0.0,316.5
563,215,11,30,1,36.69,0.0,36.69
564,216,2,3,4,81.92,0.0,327.68
565,216,6,15,3,111.76,0.0,335.28
566,217,84,236,3,50.36,0.0,151.08
567,218,20,53,1,75.61,0.0,75.61
568,218,97,279,3,39.57,0.0,118.71
569,218,81,228,3,63.08,0.0,189.24
570,218,24,65,3,107.11,0.0,321.33
571,218,51,145,3,51.92,0.0,155.76
572,218,71,203,4,18.78,0.0,75.12
573,219,45,129,3,47.45,0.0,142.35
574,219,69,198,5,25.8,0.0,129.0
575,219,22,58,5,138.97,0.0,694.85
576,219,16,42,1,126.76,0.0,126.76
577,219,7,19,1,56.06,0.0,56.06
578,219,8,20,2,193.95,0.0,387.9
579,220,40,114,4,128.52,0.0,514.08
580,220,41,117,1,22.66,0.0,22.66
581,220,2,4,5,86.92,0.0,434.6
582,220,48,136,1,45.39,0.0,45.39
583,220,32,89,4,171.3,0.0,685.2
584,220,12,31,1,258.11,0.0,258.11
585,221,48,136,4,45.39,0.0,181.56
586,221,46,130,3,70.22,0.0,210.66
587,221,83,234,2,33.04,0.0,66.08
588,221,62,178,3,150.25,0.0,450.75
589,222,64,184,1,66.17,0.0,66.17
590,223,93,267,2,29.84,0.0,59.68
591,223,83,235,2,35.04,0.0,70.08
592,223,32,88,1,176.3,0.0,176.3
593,224,8,21,1,183.95,0.0,183.95
594,224,40,116,1,143.52,0.0,143.52
595,224,6,16,1,126.76,0.0,126.76
596,225,49,138,1,20.68,0.0,20.68
597,225,57,164,5,26.38,0.0,131.9
598,225,16,41,4,121.76,0.0,487.04
599,225,85,241,4,6.14,0.0,24.56
600,226,90,257,5,52.11,0.0,260.55
601,226,12,31,1,258.11,0.0,258.11
602,226,8,21,4,183.95,0.0,735.8
603,227,35,100,4,32.33,0.0,129.32
604,227,49,139,1,38.68,0.0,38.68
605,227,39,112,3,53.78,0.0,161.34
606,228,49,139,1,38.68,0.0,38.68
607,228,77,217,5,190.3,0.0,951.5
608,229,11,30,2,36.69,0.0,73.38
609,229,66,189,2,26.38,0.0,52.76
610,229,32,91,1,186.3,0.0,186.3
611,230,44,126,2,22.65,0.0,45.3
612,230,10,25,5,241.5,0.0,1207.5
613,230,98,281,2,83.39,0.0,166.78
614,230,94,270,2,36.87,0.0,73.74
615,230,30,81,4,25.27,0.0,101.08
616,231,18,48,1,93.27,0.0,93.27
617,231,9,24,3,56.83,0.0,170.49
618,232,81,229,3,75.08,0.0,225.24
619,233,54,152,1,31.28,0.0,31.28
620,233,9,22,2,56.83,0.0,113.66
621,234,1,1,1,193.05,0.0,193.05
622,234,45,128,1,29.45,0.0,29.45
623,234,27,71,1,12.55,0.0,12.55
624,235,4,8,1,89.33,0.0,89.33
625,236,56,159,1,58.28,0.0,58.28
626,236,80,224,3,213.05,0.0,639.15
627,236,67,191,1,83.05,0.0,83.05
628,237,28,75,2,153.25,0.0,306.5
629,237,14,36,3,78.42,0.0,235.26
630,237,96,278,1,80.44,0.0,80.44
631,238,25,67,1,126.29,0.0,126.29
632,239,34,98,2,79.03,0.0,158.06
633,239,49,139,1,38.68,0.0,38.68
634,239,29,78,1,150.1,0.0,150.1
635,239,87,249,5,78.46,0.0,392.3
636,239,6,15,2,111.76,0.0,223.52
637,239,70,200,5,129.33,0.0,646.65
638,240,91,259,1,35.66,0.0,35.66
639,241,24,63,1,122.11,0.0,122.11
640,241,48,137,2,45.39,0.0,90.78
641,241,51,143,1,37.92,0.0,37.92
642,242,72,205,1,153.23,0.0,153.23
643,242,76,214,1,66.03,0.0,66.03
644,243,51,144,1,19.92,0.0,19.92
645,243,43,124,2,44.67,0.0,89.34
646,243,47,135,1,79.33,0.0,79.33
647,243,26,68,1,69.15,0.0,69.15
648,244,27,73,2,7.55,0.0,15.1
649,245,57,163,1,58.38,0.0,58.38
650,245,16,44,1,121.76,0.0,121.76
651,246,98,282,3,69.39,0.0,208.17
652,246,28,76,5,158.25,0.0,791.25
653,246,99,284,2,49.51,0.0,99.02
654,246,53,150,2,76.71,0.0,153.42
655,247,30,83,3,15.27,0.0,45.81
656,247,70,200,1,129.33,0.0,129.33
657,247,5,14,5,81.21,0.0,406.05
658,248,83,234,3,33.04,0.0,99.12
659,248,32,91,2,186.3,0.0,372.6
660,248,11,29,1,41.69,0.0,41.69
661,248,11,29,1,41.69,0.0,41.69
662,248,13,34,2,155.62,0.0,311.24
663,249,26,70,2,69.15,0.0,138.3
664,249,27,72,2,22.55,0.0,45.1
665,250,34,96,1,79.03,0.0,79.03
666,250,29,79,2,140.1,0.0,280.2
667,251,20,53,4,75.61,0.0,302.44
668,251,89,254,3,59.85,0.0,179.55
669,251,39,111,5,68.78,0.0,343.9
670,251,17,45,1,88.41,0.0,88.41
671,252,99,284,1,49.51,0.0,49.51
672,252,44,126,4,22.65,0.0,90.6
673,253,5,11,1,86.21,0.0,86.21
674,253,9,24,1,56.83,0.0,56.83
675,253,23,60,2,33.88,0.0,67.76
676,253,2,3,1,81.92,0.0,81.92
677,254,56,158,2,72.28,0.0,144.56
678,254,23,62,2,48.88,0.0,97.76
679,255,18,48,1,93.27,0.0,93.27
680,256,10,28,1,236.5,0.0,236.5
681,257,73,208,4,198.67,0.0,794.68
682,257,11,29,3,41.69,0.0,125.07
683,257,39,110,2,58.78,0.0,117.56
684,258,18,48,5,93.27,0.0,466.35
685,258,18,48,3,93.27,0.0,279.81
686,258,35,100,4,32.33,0.0,129.32
687,259,24,63,2,122.11,0.0,244.22
688,259,1,1,2,193.05,0.0,386.1
689,260,34,96,2,79.03,0.0,158.06
690,260,52,147,1,97.59,0.0,97.59
691,260,66,189,2,26.38,0.0,52.76
692,260,3,5,4,132.59,0.0,530.36
693,261,19,51,4,192.14,0.0,768.56
694,261,81,226,3,61.08,0.0,183.24
695,262,29,80,2,140.1,0.0,280.2
696,262,96,278,1,80.44,0.0,80.44
697,262,4,8,4,89.33,0.0,357.32
698,262,12,31,2,258.11,0.0,516.22
699,263,53,151,2,44.71,0.0,89.42
700,263,29,78,4,150.1,0.0,600.4
701,263,27,72,2,22.55,0.0,45.1
702,264,54,152,4,31.28,0.0,125.12
703,264,83,234,5,33.04,0.0,165.2
704,264,76,215,4,63.03,0.0,252.12
705,265,24,64,1,112.11,0.0,112.11
706,266,10,26,1,251.5,0.0,251.5
707,267,1,1,1,193.05,0.0,193.05
708,268,29,80,1,140.1,0.0,140.1
709,268,12,32,2,243.11,0.0,486.22
710,268,43,124,2,44.67,0.0,89.34
711,269,100,287,1,44.34,0.0,44.34
712,270,14,36,5,78.42,0.0,392.1
713,270,23,60,4,33.88,0.0,135.52
714,270,12,31,2,258.11,0.0,516.22
715,271,65,187,1,151.37,0.0,151.37
716,271,70,199,1,132.33,0.0,132.33
717,272,18,47,1,98.27,0.0,98.27
718,273,64,183,3,72.17,0.0,216.51
719,274,58,166,5,61.21,0.0,306.05
720,274,21,56,2,72.82,0.0,145.64
721,274,11,30,2,36.69,0.0,73.38
722,274,10,27,2,236.5,0.0,473.0
723,275,33,95,1,56.53,0.0,56.53
724,275,70,199,2,132.33,0.0,264.66
725,276,3,5,1,132.59,0.0,132.59
726,277,34,98,2,79.03,0.0,158.06
727,277,89,255,2,61.85,0.0,123.7
728,277,6,15,1,111.76,0.0,111.76
729,277,42,119,3,40.62,0.0,121.86
730,278,26,69,1,64.15,0.0,64.15
731,278,48,136,4,45.39,0.0,181.56
732,278,46,133,3,88.22,0.0,264.66
733,279,68,194,1,168.66,0.0,168.66
734,279,47,135,2,79.33,0.0,158.66
735,279,87,247,3,64.46,0.0,193.38
736,279,23,62,1,48.88,0.0,48.88
737,280,84,236,5,50.36,0.0,251.8
738,280,17,45,1,88.41,0.0,88.41
739,281,43,124,3,44.67,0.0,134.01
740,281,61,175,5,69.85,0.0,349.25
741,281,33,92,4,56.53,0.0,226.12
742,282,3,5,1,132.59,0.0,132.59
743,282,34,96,1,79.03,0.0,79.03
744,282,44,126,5,22.65,0.0,113.25
745,282,38,109,1,164.11,0.0,164.11
746,283,93,269,4,41.84,0.0,167.36
747,283,52,146,1,65.59,0.0,65.59
748,283,30,83,3,15.27,0.0,45.81
749,284,60,171,3,18.2,0.0,54.6
750,284,45,129,3,47.45,0.0,142.35
751,284,90,256,4,38.11,0.0,152.44
752,284,53,151,1,44.71,0.0,44.71
753,284,20,55,2,60.61,0.0,121.22
754,285,15,39,1,161.21,0.0,161.21
755,285,31,85,1,52.47,0.0,52.47
756,285,58,165,5,43.21,0.0,216.05
757,285,39,112,1,53.78,0.0,53.78
758,286,13,34,2,155.62,0.0,311.24
759,286,81,227,1,63.08,0.0,63.08
760,286,72,204,2,156.23,0.0,312.46
761,286,18,47,3,98.27,0.0,294.81
762,286,71,202,1,18.78,0.0,18.78
763,286,78,218,2,83.43,0.0,166.86
764,287,12,32,2,243.11,0.0,486.22
765,288,24,65,1,107.11,0.0,107.11
766,288,55,156,1,17.23,0.0,17.23
767,288,57,163,4,58.38,0.0,233.52
768,288,84,239,1,36.36,0.0,36.36
769,288,62,177,1,153.25,0.0,153.25
770,289,29,79,4,140.1,0.0,560.4
771,289,53,150,1,76.71,0.0,76.71
772,289,93,267,3,29.84,0.0,89.52
773,289,11,30,2,36.69,0.0,73.38
774,289,36,102,1,25.53,0.0,25.53
775,290,33,94,2,66.53,0.0,133.06
776,291,78,218,1,83.43,0.0,83.43
777,291,23,60,1,33.88,0.0,33.88
778,291,67,191,1,83.05,0.0,83.05
779,291,80,223,1,216.05,0.0,216.05
780,292,58,165,3,43.21,0.0,129.63
781,292,51,145,2,51.92,0.0,103.84
782,292,10,26,4,251.5,0.0,1006.0
783,292,31,84,3,47.47,0.0,142.41
784,292,91,261,2,23.66,0.0,47.32
785,293,5,13,3,96.21,0.0,288.63
786,293,50,140,4,111.34,0.0,445.36
787,293,64,184,3,66.17,0.0,198.51
788,294,4,8,1,89.33,0.0,89.33
789,294,63,181,1,65.54,0.0,65.54
790,295,78,218,1,83.43,0.0,83.43
791,295,18,48,1,93.27,0.0,93.27
792,295,38,108,1,174.11,0.0,174.11
793,295,51,143,1,37.92,0.0,37.92
794,295,54,153,3,13.28,0.0,39.84
795,296,33,95,1,56.53,0.0,56.53
796,296,33,93,3,51.53,0.0,154.59
797,296,23,61,2,38.88,0.0,77.76
798,297,59,167,2,55.83,0.0,111.66
799,297,18,48,1,93.27,0.0,93.27
800,298,57,163,5,58.38,0.0,291.9
801,299,80,225,1,213.05,0.0,213.05
802,299,26,70,4,69.15,0.0,276.6
803,299,36,103,2,10.53,0.0,21.06
804,299,57,162,4,44.38,0.0,177.52
805,299,79,220,1,151.61,0.0,151.61
806,300,99,284,4,49.51,0.0,198.04
807,300,11,29,3,41.69,0.0,125.07
808,301,47,135,2,79.33,0.0,158.66
809,301,64,183,2,72.17,0.0,144.34
810,301,56,158,1,72.28,0.0,72.28
811,302,52,147,1,97.59,0.0,97.59
812,302,74,209,2,215.0,0.0,430.0
813,302,63,182,4,65.54,0.0,262.16
814,303,59,167,1,55.83,0.0,55.83
815,304,14,36,2,78.42,0.0,156.84
816,304,51,145,3,51.92,0.0,155.76
817,305,31,87,2,62.47,0.0,124.94
818,305,65,186,1,154.37,0.0,154.37
819,305,57,164,3,26.38,0.0,79.14
820,306,74,209,1,215.0,0.0,215.0
821,306,95,274,1,7.88,0.0,7.88
822,306,53,151,1,44.71,0.0,44.71
823,306,26,69,1,64.15,0.0,64.15
824,306,64,184,1,66.17,0.0,66.17
825,306,40,113,2,133.52,0.0,267.04
826,307,29,79,1,140.1,0.0,140.1
827,307,74,209,1,215.0,0.0,215.0
828,308,94,271,1,24.87,0.0,24.87
829,308,24,63,1,122.11,0.0,122.11
830,308,41,117,1,22.66,0.0,22.66
831,308,9,22,1,56.83,0.0,56.83
832,309,47,134,2,97.33,0.0,194.66
833,309,42,120,1,72.62,0.0,72.62
834,310,80,225,1,213.05,0.0,213.05
835,310,11,30,1,36.69,0.0,36.69
836,311,7,17,2,51.06,0.0,102.12
837,312,62,178,1,150.25,0.0,150.25
838,312,17,45,2,88.41,0.0,176.82
839,312,16,44,2,121.76,0.0,243.52
840,312,37,105,2,23.93,0.0,47.86
841,313,61,174,2,72.85,0.0,145.7
842,313,32,90,3,176.3,0.0,528.9
843,313,89,253,2,73.85,0.0,147.7
844,313,8,20,2,193.95,0.0,387.9
845,314,12,31,4,258.11,0.0,1032.44
846,314,42,121,3,40.62,0.0,121.86
847,314,44,127,5,22.65,0.0,113.25
848,314,9,24,5,56.83,0.0,284.15
849,315,7,17,3,51.06,0.0,153.18
850,315,20,52,1,65.61,0.0,65.61
851,316,46,130,5,70.22,0.0,351.1
852,316,2,3,3,81.92,0.0,245.76
853,316,68,196,5,165.66,0.0,828.3
854,317,22,58,3,138.97,0.0,416.91
855,317,19,49,1,207.14,0.0,207.14
856,317,40,116,1,143.52,0.0,143.52
857,318,26,68,1,69.15,0.0,69.15
858,318,71,203,4,18.78,0.0,75.12
859,318,64,184,1,66.17,0.0,66.17
860,318,3,6,4,147.59,0.0,590.36
861,319,41,117,2,22.66,0.0,45.32
862,319,19,50,4,192.14,0.0,768.56
863,320,66,189,2,26.38,0.0,52.76
864,320,6,16,2,126.76,0.0,253.52
865,321,49,139,4,38.68,0.0,154.72
866,321,38,108,1,174.11,0.0,174.11
867,321,4,7,3,84.33,0.0,252.99
868,321,18,47,2,98.27,0.0,196.54
869,321,33,94,4,66.53,0.0,266.12
870,321,74,210,3,212.0,0.0,636.0
871,322,75,213,2,44.67,0.0,89.34
872,323,37,105,1,23.93,0.0,23.93
873,324,2,3,1,81.92,0.0,81.92
874,324,57,163,1,58.38,0.0,58.38
875,325,85,240,1,18.14,0.0,18.14
876,325,27,71,1,12.55,0.0,12.55
877,326,79,220,1,151.61,0.0,151.61
878,326,1,1,2,193.05,0.0,386.1
879,327,38,109,2,164.11,0.0,328.22
880,327,43,124,3,44.67,0.0,134.01
881,327,93,267,1,29.84,0.0,29.84
882,327,20,54,4,60.61,0.0,242.44
883,328,52,147,1,97.59,0.0,97.59
884,328,19,50,1,192.14,0.0,192.14
885,328,9,24,1,56.83,0.0,56.83
886,329,13,34,1,155.62,0.0,155.62
887,329,64,183,2,72.17,0.0,144.34
888,329,1,1,2,193.05,0.0,386.1
889,329,43,124,2,44.67,0.0,89.34
890,329,88,252,1,33.4,0.0,33.4
891,330,47,135,2,79.33,0.0,158.66
892,330,88,251,5,33.4,0.0,167.0
893,330,10,25,2,241.5,0.0,483.0
894,330,18,47,3,98.27,0.0,294.81
895,330,38,107,4,159.11,0.0,636.44
896,331,48,136,2,45.39,0.0,90.78
897,332,66,188,5,32.38,0.0,161.9
898,333,18,48,1,93.27,0.0,93.27
899,333,74,210,1,212.0,0.0,212.0
900,333,69,198,1,25.8,0.0,25.8
901,334,51,143,1,37.92,0.0,37.92
902,335,34,96,1,79.03,0.0,79.03
903,336,46,133,3,88.22,0.0,264.66
904,336,13,34,4,155.62,0.0,622.48
905,336,32,91,5,186.3,0.0,931.5
906,336,69,197,5,22.8,0.0,114.0
907,336,55,157,5,17.23,0.0,86.15
908,337,84,238,2,38.36,0.0,76.72
909,338,34,98,2,79.03,0.0,158.06
910,338,44,125,1,40.65,0.0,40.65
911,339,29,79,2,140.1,0.0,280.2
912,340,74,209,1,215.0,0.0,215.0
913,341,14,38,1,93.42,0.0,93.42
914,341,29,77,1,135.1,0.0,135.1
915,342,64,184,1,66.17,0.0,66.17
916,343,57,163,1,58.38,0.0,58.38
917,343,6,15,5,111.76,0.0,558.8
918,343,20,55,2,60.61,0.0,121.22
919,344,68,193,4,165.66,0.0,662.64
920,344,24,65,4,107.11,0.0,428.44
921,344,78,219,1,80.43,0.0,80.43
922,344,73,206,4,195.67,0.0,782.68
923,344,100,285,4,42.34,0.0,169.36
924,344,19,51,2,192.14,0.0,384.28
925,345,6,16,3,126.76,0.0,380.28
926,345,5,14,3,81.21,0.0,243.63
927,345,8,21,1,183.95,0.0,183.95
928,345,34,96,3,79.03,0.0,237.09
929,346,7,18,2,51.06,0.0,102.12
930,346,15,40,3,176.21,0.0,528.63
931,346,1,1,4,193.05,0.0,772.2
932,347,50,140,3,111.34,0.0,334.02
933,347,13,33,1,140.62,0.0,140.62
934,347,73,208,1,198.67,0.0,198.67
935,348,43,123,2,12.67,0.0,25.34
936,348,19,50,2,192.14,0.0,384.28
937,349,1,1,2,193.05,0.0,386.1
938,349,17,46,5,83.41,0.0,417.05
939,349,7,19,4,56.06,0.0,224.24
940,350,61,175,3,69.85,0.0,209.55
941,350,4,9,4,99.33,0.0,397.32
942,350,32,91,2,186.3,0.0,372.6
943,351,24,64,4,112.11,0.0,448.44
944,352,38,108,1,174.11,0.0,174.11
945,353,8,21,2,183.95,0.0,367.9
946,353,24,64,1,112.11,0.0,112.11
947,354,10,28,2,236.5,0.0,473.0
948,354,72,205,1,153.23,0.0,153.23
949,355,13,34,2,155.62,0.0,311.24
950,355,28,75,2,153.25,0.0,306.5
951,356,51,145,3,51.92,0.0,155.76
952,356,2,3,3,81.92,0.0,245.76
953,356,33,95,5,56.53,0.0,282.65
954,356,86,246,3,85.71,0.0,257.13
955,356,22,59,3,148.97,0.0,446.91
956,357,34,98,1,79.03,0.0,79.03
957,357,47,135,2,79.33,0.0,158.66
958,357,80,223,1,216.05,0.0,216.05
959,357,41,118,2,40.66,0.0,81.32
960,357,93,267,1,29.84,0.0,29.84
961,357,52,146,1,65.59,0.0,65.59
962,358,35,99,2,27.33,0.0,54.66
963,358,55,157,2,17.23,0.0,34.46
964,358,26,69,3,64.15,0.0,192.45
965,359,75,213,1,44.67,0.0,44.67
966,359,6,15,4,111.76,0.0,447.04
967,360,10,26,2,251.5,0.0,503.0
968,361,4,10,5,84.33,0.0,421.65
969,362,89,253,4,73.85,0.0,295.4
970,363,67,191,1,83.05,0.0,83.05
971,363,2,4,2,86.92,0.0,173.84
972,363,90,256,1,38.11,0.0,38.11
973,363,35,99,1,27.33,0.0,27.33
974,363,19,49,3,207.14,0.0,621.42
975,364,22,58,5,138.97,0.0,694.85
976,364,60,173,2,36.2,0.0,72.4
977,364,48,136,1,45.39,0.0,45.39
978,364,76,214,3,66.03,0.0,198.09
979,365,26,69,3,64.15,0.0,192.45
980,365,50,141,5,97.34,0.0,486.7
981,366,21,57,2,67.82,0.0,135.64
982,366,94,270,1,36.87,0.0,36.87
983,367,12,32,3,243.11,0.0,729.33
984,368,27,71,2,12.55,0.0,25.1
985,368,6,15,2,111.76,0.0,223.52
986,368,12,32,2,243.11,0.0,486.22
987,368,84,237,5,38.36,0.0,191.8
988,368,22,58,5,138.97,0.0,694.85
989,369,14,36,1,78.42,0.0,78.42
990,369,52,146,1,65.59,0.0,65.59
991,370,51,145,2,51.92,0.0,103.84
992,370,2,3,1,81.92,0.0,81.92
993,371,40,115,3,133.52,0.0,400.56
994,371,55,156,3,17.23,0.0,51.69
995,371,79,220,2,151.61,0.0,303.22
996,371,28,74,3,158.25,0.0,474.75
997,371,13,33,5,140.62,0.0,703.1
998,372,28,74,1,158.25,0.0,158.25
999,372,58,166,1,61.21,0.0,61.21
1000,373,5,11,3,86.21,0.0,258.63
1001,373,8,20,3,193.95,0.0,581.85
1002,373,39,111,3,68.78,0.0,206.34
1003,374,71,203,4,18.78,0.0,75.12
1004,375,59,168,5,55.83,0.0,279.15
1005,375,86,246,2,85.71,0.0,171.42
1006,376,34,97,1,89.03,0.0,89.03
1007,376,57,163,2,58.38,0.0,116.76
1008,377,69,198,1,25.8,0.0,25.8
1009,378,19,50,1,192.14,0.0,192.14
1010,378,6,16,1,126.76,0.0,126.76
1011,378,6,16,2,126.76,0.0,253.52
1012,379,81,226,3,61.08,0.0,183.24
1013,379,6,15,4,111.76,0.0,447.04
1014,379,19,51,1,192.14,0.0,192.14
1015,379,1,2,1,188.05,0.0,188.05
1016,380,30,83,1,15.27,0.0,15.27
1017,381,46,131,1,70.22,0.0,70.22
1018,381,63,181,4,65.54,0.0,262.16
1019,381,1,1,1,193.05,0.0,193.05
1020,381,17,45,1,88.41,0.0,88.41
1021,382,81,226,2,61.08,0.0,122.16
1022,382,6,15,1,111.76,0.0,111.76
1023,383,60,172,1,18.2,0.0,18.2
1024,384,27,72,1,22.55,0.0,22.55
1025,384,33,94,1,66.53,0.0,66.53
1026,384,22,59,3,148.97,0.0,446.91
1027,384,9,24,1,56.83,0.0,56.83
1028,384,42,120,3,72.62,0.0,217.86
1029,385,18,47,1,98.27,0.0,98.27
1030,386,13,35,1,145.62,0.0,145.62
1031,386,41,117,1,22.66,0.0,22.66
1032,387,46,131,2,70.22,0.0,140.44
1033,388,51,144,2,19.92,0.0,39.84
1034,388,3,6,2,147.59,0.0,295.18
1035,388,19,51,1,192.14,0.0,192.14
1036,388,79,220,1,151.61,0.0,151.61
1037,389,33,92,2,56.53,0.0,113.06
1038,389,32,91,1,186.3,0.0,186.3
1039,390,72,205,3,153.23,0.0,459.69
1040,390,12,31,4,258.11,0.0,1032.44
1041,390,16,42,2,126.76,0.0,253.52
1042,390,17,46,1,83.41,0.0,83.41
1043,390,58,166,1,61.21,0.0,61.21
1044,391,16,44,4,121.76,0.0,487.04
1045,391,13,34,4,155.62,0.0,622.48
1046,392,37,106,1,18.93,0.0,18.93
1047,392,51,145,2,51.92,0.0,103.84
1048,392,73,207,2,192.67,0.0,385.34
1049,392,47,135,2,79.33,0.0,158.66
1050,393,59,168,1,55.83,0.0,55.83
1051,393,15,39,1,161.21,0.0,161.21
1052,393,74,209,2,215.0,0.0,430.0
1053,393,35,99,1,27.33,0.0,27.33
1054,394,57,164,1,26.38,0.0,26.38
1055,394,98,281,3,83.39,0.0,250.17
1056,394,54,153,5,13.28,0.0,66.4
1057,394,68,196,1,165.66,0.0,165.66
1058,394,61,176,3,66.85,0.0,200.55
1059,395,40,113,1,133.52,0.0,133.52
1060,395,39,112,5,53.78,0.0,268.9
1061,396,97,279,4,39.57,0.0,158.28
1062,396,18,48,2,93.27,0.0,186.54
1063,397,48,136,1,45.39,0.0,45.39
1064,397,59,167,1,55.83,0.0,55.83
1065,398,22,58,1,138.97,0.0,138.97
1066,399,58,165,2,43.21,0.0,86.42
1067,400,26,70,3,69.15,0.0,207.45
1068,400,30,83,1,15.27,0.0,15.27
1069,400,81,229,1,75.08,0.0,75.08
1070,401,39,112,1,53.78,0.0,53.78
1071,401,53,148,1,62.71,0.0,62.71
1072,402,46,133,2,88.22,0.0,176.44
1073,402,89,254,2,59.85,0.0,119.7
1074,402,40,116,3,143.52,0.0,430.56
1075,403,65,186,1,154.37,0.0,154.37
1076,403,67,192,2,77.05,0.0,154.1
1077,403,45,128,1,29.45,0.0,29.45
1078,404,25,67,1,126.29,0.0,126.29
1079,404,30,81,1,25.27,0.0,25.27
1080,404,14,37,2,83.42,0.0,166.84
1081,405,56,159,3,58.28,0.0,174.84
1082,405,13,34,2,155.62,0.0,311.24
1083,405,5,12,3,81.21,0.0,243.63
1084,405,35,100,2,32.33,0.0,64.66
1085,405,12,32,3,243.11,0.0,729.33
1086,406,45,128,2,29.45,0.0,58.9
1087,406,35,100,2,32.33,0.0,64.66
1088,406,93,267,3,29.84,0.0,89.52
1089,406,78,218,2,83.43,0.0,166.86
1090,406,76,215,3,63.03,0.0,189.09
1091,406,36,104,3,15.53,0.0,46.59
1092,407,1,1,2,193.05,0.0,386.1
1093,407,15,40,1,176.21,0.0,176.21
1094,408,47,135,1,79.33,0.0,79.33
1095,408,19,50,2,192.14,0.0,384.28
1096,408,98,282,1,69.39,0.0,69.39
1097,408,58,166,3,61.21,0.0,183.63
1098,409,17,45,1,88.41,0.0,88.41
1099,409,61,176,4,66.85,0.0,267.4
1100,409,94,270,2,36.87,0.0,73.74
1101,410,25,66,1,136.29,0.0,136.29
1102,410,48,136,1,45.39,0.0,45.39
1103,410,24,65,1,107.11,0.0,107.11
1104,410,36,102,2,25.53,0.0,51.06
1105,411,23,62,1,48.88,0.0,48.88
1106,411,51,144,1,19.92,0.0,19.92
1107,411,16,44,1,121.76,0.0,121.76
1108,412,60,173,4,36.2,0.0,144.8
1109,413,70,200,2,129.33,0.0,258.66
1110,413,38,109,1,164.11,0.0,164.11
1111,414,81,229,1,75.08,0.0,75.08
1112,415,86,246,2,85.71,0.0,171.42
1113,415,12,32,1,243.11,0.0,243.11
1114,415,20,52,2,65.61,0.0,131.22
1115,416,32,89,2,171.3,0.0,342.6
1116,416,13,33,2,140.62,0.0,281.24
1117,416,61,174,1,72.85,0.0,72.85
1118,416,41,118,1,40.66,0.0,40.66
1119,417,7,19,2,56.06,0.0,112.12
1120,417,62,178,3,150.25,0.0,450.75
1121,417,98,282,4,69.39,0.0,277.56
1122,417,1,2,3,188.05,0.0,564.15
1123,417,13,34,2,155.62,0.0,311.24
1124,418,29,77,3,135.1,0.0,405.3
1125,418,42,120,3,72.62,0.0,217.86
1126,418,60,173,3,36.2,0.0,108.6
1127,418,100,285,1,42.34,0.0,42.34
1128,419,65,186,1,154.37,0.0,154.37
1129,420,53,148,1,62.71,0.0,62.71
1130,421,16,43,1,136.76,0.0,136.76
1131,421,16,41,3,121.76,0.0,365.28
1132,422,80,225,2,213.05,0.0,426.1
1133,422,9,23,5,61.83,0.0,309.15
1134,423,85,243,1,6.14,0.0,6.14
1135,423,41,117,1,22.66,0.0,22.66
1136,424,22,59,2,148.97,0.0,297.94
1137,424,21,57,1,67.82,0.0,67.82
1138,424,63,182,2,65.54,0.0,131.08
1139,424,18,47,1,98.27,0.0,98.27
1140,424,2,3,5,81.92,0.0,409.6
1141,425,79,222,3,145.61,0.0,436.83
1142,425,82,230,2,21.0,0.0,42.0
1143,426,60,172,2,18.2,0.0,36.4
1144,427,32,89,2,171.3,0.0,342.6
1145,427,70,200,2,129.33,0.0,258.66
1146,427,26,70,4,69.15,0.0,276.6
1147,427,24,64,3,112.11,0.0,336.33
1148,428,65,186,4,154.37,0.0,617.48
1149,429,27,73,1,7.55,0.0,7.55
1150,430,17,46,2,83.41,0.0,166.82
1151,430,26,69,1,64.15,0.0,64.15
1152,431,11,30,2,36.69,0.0,73.38
1153,431,35,99,2,27.33,0.0,54.66
1154,432,73,208,1,198.67,0.0,198.67
1155,432,24,65,1,107.11,0.0,107.11
1156,432,100,286,1,56.34,0.0,56.34
1157,432,55,157,2,17.23,0.0,34.46
1158,432,15,39,2,161.21,0.0,322.42
1159,433,54,153,2,13.28,0.0,26.56
1160,433,5,14,2,81.21,0.0,162.42
1161,434,26,69,4,64.15,0.0,256.6
1162,434,95,273,2,21.88,0.0,43.76
1163,434,46,132,1,102.22,0.0,102.22
1164,434,28,76,4,158.25,0.0,633.0
1165,434,18,48,2,93.27,0.0,186.54
1166,435,19,51,1,192.14,0.0,192.14
1167,435,56,160,3,40.28,0.0,120.84
1168,436,40,113,1,133.52,0.0,133.52
1169,436,84,236,1,50.36,0.0,50.36
1170,437,5,14,1,81.21,0.0,81.21
1171,437,27,71,1,12.55,0.0,12.55
1172,437,62,180,1,150.25,0.0,150.25
1173,438,46,132,1,102.22,0.0,102.22
1174,439,14,37,3,83.42,0.0,250.26
1175,439,26,69,1,64.15,0.0,64.15
1176,439,19,49,3,207.14,0.0,621.42
1177,439,26,68,3,69.15,0.0,207.45
1178,439,13,33,3,140.62,0.0,421.86
1179,440,59,168,1,55.83,0.0,55.83
1180,441,20,55,1,60.61,0.0,60.61
1181,441,71,202,1,18.78,0.0,18.78
1182,441,27,71,3,12.55,0.0,37.65
1183,442,79,222,5,145.61,0.0,728.05
1184,442,43,124,5,44.67,0.0,223.35
1185,443,26,68,4,69.15,0.0,276.6
1186,444,51,144,2,19.92,0.0,39.84
1187,444,76,214,3,66.03,0.0,198.09
1188,444,77,216,4,190.3,0.0,761.2
1189,444,15,40,1,176.21,0.0,176.21
1190,444,50,140,1,111.34,0.0,111.34
1191,445,55,156,2,17.23,0.0,34.46
1192,445,67,191,5,83.05,0.0,415.25
1193,445,75,211,1,47.67,0.0,47.67
1194,446,35,100,4,32.33,0.0,129.32
1195,446,37,106,1,18.93,0.0,18.93
1196,447,13,35,1,145.62,0.0,145.62
1197,448,31,84,1,47.47,0.0,47.47
1198,448,90,257,1,52.11,0.0,52.11
1199,449,81,227,3,63.08,0.0,189.24
1200,449,62,177,1,153.25,0.0,153.25
1201,449,94,270,1,36.87,0.0,36.87
1202,449,49,138,4,20.68,0.0,82.72
1203,449,54,152,1,31.28,0.0,31.28
1204,450,36,104,1,15.53,0.0,15.53
1205,450,5,13,1,96.21,0.0,96.21
1206,450,40,115,3,133.52,0.0,400.56
1207,450,22,59,2,148.97,0.0,297.94
1208,450,73,208,3,198.67,0.0,596.01
1209,451,20,54,1,60.61,0.0,60.61
1210,451,42,119,5,40.62,0.0,203.1
1211,451,37,105,1,23.93,0.0,23.93
1212,451,21,57,1,67.82,0.0,67.82
1213,451,22,58,1,138.97,0.0,138.97
1214,451,75,212,1,50.67,0.0,50.67
1215,452,80,224,3,213.05,0.0,639.15
1216,452,53,150,1,76.71,0.0,76.71
1217,453,60,172,1,18.2,0.0,18.2
1218,453,36,103,4,10.53,0.0,42.12
1219,454,83,234,1,33.04,0.0,33.04
1220,455,32,90,2,176.3,0.0,352.6
1221,456,16,41,1,121.76,0.0,121.76
1222,456,59,167,5,55.83,0.0,279.15
1223,456,88,251,2,33.4,0.0,66.8
1224,457,35,100,2,32.33,0.0,64.66
1225,458,67,192,2,77.05,0.0,154.1
1226,458,23,61,1,38.88,0.0,38.88
1227,458,19,50,1,192.14,0.0,192.14
1228,459,1,1,5,193.05,0.0,965.25
1229,459,53,148,2,62.71,0.0,125.42
1230,459,44,125,1,40.65,0.0,40.65
1231,460,24,65,2,107.11,0.0,214.22
1232,460,61,176,3,66.85,0.0,200.55
1233,461,9,24,2,56.83,0.0,113.66
1234,461,94,271,2,24.87,0.0,49.74
1235,461,22,58,2,138.97,0.0,277.94
1236,462,75,211,2,47.67,0.0,95.34
1237,462,67,191,1,83.05,0.0,83.05
1238,463,22,59,1,148.97,0.0,148.97
1239,463,47,134,5,97.33,0.0,486.65
1240,463,30,82,4,10.27,0.0,41.08
1241,464,13,35,2,145.62,0.0,291.24
1242,464,79,222,1,145.61,0.0,145.61
1243,464,80,224,2,213.05,0.0,426.1
1244,464,65,185,2,154.37,0.0,308.74
1245,464,29,79,1,140.1,0.0,140.1
1246,464,34,97,2,89.03,0.0,178.06
1247,465,77,216,3,190.3,0.0,570.9
1248,465,36,103,1,10.53,0.0,10.53
1249,466,67,191,1,83.05,0.0,83.05
1250,466,71,203,1,18.78,0.0,18.78
1251,466,70,199,5,132.33,0.0,661.65
1252,466,6,16,1,126.76,0.0,126.76
1253,466,72,204,2,156.23,0.0,312.46
1254,466,49,138,2,20.68,0.0,41.36
1255,467,96,277,2,80.44,0.0,160.88
1256,467,100,285,1,42.34,0.0,42.34
1257,467,31,84,4,47.47,0.0,189.88
1258,468,76,215,2,63.03,0.0,126.06
1259,468,19,50,3,192.14,0.0,576.42
1260,468,16,44,1,121.76,0.0,121.76
1261,468,65,187,3,151.37,0.0,454.11
1262,469,21,57,4,67.82,0.0,271.28
1263,469,18,47,3,98.27,0.0,294.81
1264,469,24,65,4,107.11,0.0,428.44
1265,469,94,271,5,24.87,0.0,124.35
1266,469,11,30,5,36.69,0.0,183.45
1267,470,7,19,3,56.06,0.0,168.18
1268,470,28,75,3,153.25,0.0,459.75
1269,470,41,117,3,22.66,0.0,67.98
1270,471,35,100,3,32.33,0.0,96.99
1271,471,94,271,1,24.87,0.0,24.87
1272,471,62,177,2,153.25,0.0,306.5
1273,471,5,14,1,81.21,0.0,81.21
1274,472,29,77,1,135.1,0.0,135.1
1275,472,7,19,1,56.06,0.0,56.06
1276,473,18,48,1,93.27,0.0,93.27
1277,473,18,47,2,98.27,0.0,196.54
1278,473,28,74,1,158.25,0.0,158.25
1279,473,89,254,2,59.85,0.0,119.7
1280,473,52,147,1,97.59,0.0,97.59
1281,474,1,2,1,188.05,0.0,188.05
1282,474,34,97,1,89.03,0.0,89.03
1283,474,17,46,2,83.41,0.0,166.82
1284,474,18,48,5,93.27,0.0,466.35
1285,475,44,125,2,40.65,0.0,81.3
1286,475,37,106,1,18.93,0.0,18.93
1287,476,48,136,1,45.39,0.0,45.39
1288,476,7,17,1,51.06,0.0,51.06
1289,476,7,17,1,51.06,0.0,51.06
1290,476,51,145,2,51.92,0.0,103.84
1291,477,22,58,2,138.97,0.0,277.94
1292,478,77,216,1,190.3,0.0,190.3
1293,479,13,33,2,140.62,0.0,281.24
1294,479,20,52,3,65.61,0.0,196.83
1295,479,7,18,2,51.06,0.0,102.12
1296,480,69,198,3,25.8,0.0,77.4
1297,481,54,152,1,31.28,0.0,31.28
1298,481,54,153,1,13.28,0.0,13.28
1299,481,2,4,1,86.92,0.0,86.92
1300,481,76,214,1,66.03,0.0,66.03
1301,482,93,268,3,29.84,0.0,89.52
1302,482,43,123,1,12.67,0.0,12.67
1303,482,86,245,3,85.71,0.0,257.13
1304,482,77,216,2,190.3,0.0,380.6
1305,482,30,81,1,25.27,0.0,25.27
1306,482,72,204,1,156.23,0.0,156.23
1307,483,54,152,2,31.28,0.0,62.56
1308,483,99,284,2,49.51,0.0,99.02
1309,484,15,40,4,176.21,0.0,704.84
1310,484,78,218,1,83.43,0.0,83.43
1311,485,73,208,2,198.67,0.0,397.34
1312,486,17,45,1,88.41,0.0,88.41
1313,486,97,279,2,39.57,0.0,79.14
1314,487,56,158,2,72.28,0.0,144.56
1315,488,10,28,1,236.5,0.0,236.5
1316,488,29,78,2,150.1,0.0,300.2
1317,489,5,13,1,96.21,0.0,96.21
1318,490,90,257,1,52.11,0.0,52.11
1319,490,21,57,2,67.82,0.0,135.64
1320,491,44,126,4,22.65,0.0,90.6
1321,491,20,54,4,60.61,0.0,242.44
1322,491,3,5,2,132.59,0.0,265.18
1323,491,9,22,3,56.83,0.0,170.49
1324,491,56,159,5,58.28,0.0,291.4
1325,492,9,24,1,56.83,0.0,56.83
1326,493,26,68,1,69.15,0.0,69.15
1327,494,42,119,1,40.62,0.0,40.62
1328,495,87,248,1,66.46,0.0,66.46
1329,495,36,101,1,15.53,0.0,15.53
1330,495,99,283,1,61.51,0.0,61.51
1331,495,42,119,1,40.62,0.0,40.62
1332,495,23,61,1,38.88,0.0,38.88
1333,496,43,123,1,12.67,0.0,12.67
1334,496,18,48,3,93.27,0.0,279.81
1335,496,25,67,4,126.29,0.0,505.16
1336,496,20,53,5,75.61,0.0,378.05
1337,496,37,106,1,18.93,0.0,18.93
1338,497,39,111,2,68.78,0.0,137.56
1339,497,44,126,2,22.65,0.0,45.3
1340,497,8,20,5,193.95,0.0,969.75
1341,497,2,4,3,86.92,0.0,260.76
1342,498,23,60,1,33.88,0.0,33.88
1343,498,36,101,4,15.53,0.0,62.12
1344,499,60,171,5,18.2,0.0,91.0
1345,500,25,66,1,136.29,0.0,136.29
1346,500,75,211,1,47.67,0.0,47.67
1347,500,12,32,1,243.11,0.0,243.11
1348,500,1,2,1,188.05,0.0,188.05
1349,501,44,125,1,40.65,0.0,40.65
1350,501,54,153,2,13.28,0.0,26.56
1351,501,9,22,1,56.83,0.0,56.83
1352,501,41,118,1,40.66,0.0,40.66
1353,502,77,216,2,190.3,0.0,380.6
1354,502,60,172,1,18.2,0.0,18.2
1355,502,2,4,3,86.92,0.0,260.76
1356,503,31,87,5,62.47,0.0,312.35
1357,503,17,45,5,88.41,0.0,442.05
1358,503,14,37,1,83.42,0.0,83.42
1359,503,72,205,3,153.23,0.0,459.69
1360,503,15,39,1,161.21,0.0,161.21
1361,503,81,226,1,61.08,0.0,61.08
1362,504,34,97,1,89.03,0.0,89.03
1363,505,38,109,4,164.11,0.0,656.44
1364,505,8,21,3,183.95,0.0,551.85
1365,506,73,208,3,198.67,0.0,596.01
1366,506,31,86,5,52.47,0.0,262.35
1367,506,92,264,4,62.75,0.0,251.0
1368,506,9,22,3,56.83,0.0,170.49
1369,506,74,210,3,212.0,0.0,636.0
1370,507,22,58,1,138.97,0.0,138.97
1371,507,14,36,4,78.42,0.0,313.68
1372,507,38,107,1,159.11,0.0,159.11
1373,508,30,82,4,10.27,0.0,41.08
1374,508,26,69,4,64.15,0.0,256.6
1375,508,78,219,4,80.43,0.0,321.72
1376,508,5,13,2,96.21,0.0,192.42
1377,508,21,56,2,72.82,0.0,145.64
1378,509,81,229,1,75.08,0.0,75.08
1379,510,68,194,2,168.66,0.0,337.32
1380,511,77,217,1,190.3,0.0,190.3
1381,511,5,14,1,81.21,0.0,81.21
1382,512,61,175,1,69.85,0.0,69.85
1383,512,26,68,1,69.15,0.0,69.15
1384,512,6,16,1,126.76,0.0,126.76
1385,513,2,4,2,86.92,0.0,173.84
1386,514,48,136,1,45.39,0.0,45.39
1387,515,51,144,1,19.92,0.0,19.92
1388,516,40,115,1,133.52,0.0,133.52
1389,516,40,114,1,128.52,0.0,128.52
1390,516,32,89,1,171.3,0.0,171.3
1391,517,28,75,1,153.25,0.0,153.25
1392,517,80,224,4,213.05,0.0,852.2
1393,518,22,59,1,148.97,0.0,148.97
1394,518,34,96,1,79.03,0.0,79.03
1395,519,62,178,1,150.25,0.0,150.25
1396,520,31,85,1,52.47,0.0,52.47
1397,520,16,41,2,121.76,0.0,243.52
1398,521,25,67,1,126.29,0.0,126.29
1399,522,5,13,1,96.21,0.0,96.21
1400,522,57,163,1,58.38,0.0,58.38
1401,522,16,43,1,136.76,0.0,136.76
1402,523,9,24,3,56.83,0.0,170.49
1403,524,68,195,1,162.66,0.0,162.66
1404,524,6,16,1,126.76,0.0,126.76
1405,525,54,153,2,13.28,0.0,26.56
1406,525,59,170,1,73.83,0.0,73.83
1407,525,19,50,2,192.14,0.0,384.28
1408,526,24,63,3,122.11,0.0,366.33
1409,526,14,36,2,78.42,0.0,156.84
1410,527,9,22,1,56.83,0.0,56.83
1411,527,50,141,5,97.34,0.0,486.7
1412,527,41,117,1,22.66,0.0,22.66
1413,527,16,44,3,121.76,0.0,365.28
1414,528,17,46,4,83.41,0.0,333.64
1415,528,1,1,2,193.05,0.0,386.1
1416,529,82,232,2,33.0,0.0,66.0
1417,529,3,6,1,147.59,0.0,147.59
1418,529,75,211,1,47.67,0.0,47.67
1419,530,65,185,3,154.37,0.0,463.11
1420,531,78,218,1,83.43,0.0,83.43
1421,532,98,282,1,69.39,0.0,69.39
1422,532,63,181,1,65.54,0.0,65.54
1423,533,89,255,2,61.85,0.0,123.7
1424,533,7,17,1,51.06,0.0,51.06
1425,533,23,62,4,48.88,0.0,195.52
1426,533,21,56,1,72.82,0.0,72.82
1427,533,33,92,1,56.53,0.0,56.53
1428,533,77,216,2,190.3,0.0,380.6
1429,534,31,86,2,52.47,0.0,104.94
1430,535,36,104,2,15.53,0.0,31.06
1431,535,20,52,1,65.61,0.0,65.61
1432,536,12,32,3,243.11,0.0,729.33
1433,536,74,209,1,215.0,0.0,215.0
1434,537,2,4,3,86.92,0.0,260.76
1435,538,31,87,2,62.47,0.0,124.94
1436,539,44,126,5,22.65,0.0,113.25
1437,539,71,203,1,18.78,0.0,18.78
1438,539,58,166,5,61.21,0.0,306.05
1439,540,15,39,3,161.21,0.0,483.63
1440,540,39,112,4,53.78,0.0,215.12
1441,540,11,29,3,41.69,0.0,125.07
1442,541,75,211,5,47.67,0.0,238.35
1443,541,19,50,1,192.14,0.0,192.14
1444,542,84,236,3,50.36,0.0,151.08
1445,542,45,129,1,47.45,0.0,47.45
1446,542,77,217,1,190.3,0.0,190.3
1447,542,62,177,1,153.25,0.0,153.25
1448,542,3,5,3,132.59,0.0,397.77
1449,543,54,152,2,31.28,0.0,62.56
1450,544,74,210,1,212.0,0.0,212.0
1451,544,53,149,1,44.71,0.0,44.71
1452,545,6,15,3,111.76,0.0,335.28
1453,545,49,138,5,20.68,0.0,103.4
1454,546,39,110,1,58.78,0.0,58.78
1455,547,21,56,1,72.82,0.0,72.82
1456,547,39,112,2,53.78,0.0,107.56
1457,547,15,40,3,176.21,0.0,528.63
1458,547,67,191,2,83.05,0.0,166.1
1459,547,47,135,3,79.33,0.0,237.99
1460,548,7,17,4,51.06,0.0,204.24
1461,549,31,86,3,52.47,0.0,157.41
1462,550,45,128,3,29.45,0.0,88.35
1463,550,43,123,4,12.67,0.0,50.68
1464,550,21,57,1,67.82,0.0,67.82
1465,550,11,30,2,36.69,0.0,73.38
1466,550,4,10,5,84.33,0.0,421.65
1467,551,79,220,2,151.61,0.0,303.22
1468,552,78,218,2,83.43,0.0,166.86
1469,552,48,137,4,45.39,0.0,181.56
1470,552,11,29,3,41.69,0.0,125.07
1471,552,8,20,5,193.95,0.0,969.75
1472,552,75,212,3,50.67,0.0,152.01
1473,552,14,37,2,83.42,0.0,166.84
1474,553,82,231,2,21.0,0.0,42.0
1475,553,88,250,3,45.4,0.0,136.2
1476,553,27,73,1,7.55,0.0,7.55
1477,553,45,128,2,29.45,0.0,58.9
1478,554,74,210,4,212.0,0.0,848.0
1479,554,16,44,2,121.76,0.0,243.52
1480,555,41,117,2,22.66,0.0,45.32
1481,555,26,69,4,64.15,0.0,256.6
1482,555,6,15,1,111.76,0.0,111.76
1483,555,37,105,2,23.93,0.0,47.86
1484,555,55,157,1,17.23,0.0,17.23
1485,556,11,29,1,41.69,0.0,41.69
1486,556,36,104,1,15.53,0.0,15.53
1487,556,40,116,1,143.52,0.0,143.52
1488,557,93,268,3,29.84,0.0,89.52
1489,557,59,167,5,55.83,0.0,279.15
1490,558,10,28,1,236.5,0.0,236.5
1491,559,57,163,2,58.38,0.0,116.76
1492,559,92,265,5,74.75,0.0,373.75
1493,559,41,117,2,22.66,0.0,45.32
1494,560,6,15,1,111.76,0.0,111.76
1495,560,20,53,3,75.61,0.0,226.83
1496,560,41,118,1,40.66,0.0,40.66
1497,561,36,103,5,10.53,0.0,52.65
1498,561,51,144,3,19.92,0.0,59.76
1499,562,89,253,2,73.85,0.0,147.7
1500,562,56,159,1,58.28,0.0,58.28
1501,562,32,89,1,171.3,0.0,171.3
1502,563,49,138,3,20.68,0.0,62.04
1503,563,48,137,2,45.39,0.0,90.78
1504,564,15,40,1,176.21,0.0,176.21
1505,565,49,139,1,38.68,0.0,38.68
1506,565,94,271,3,24.87,0.0,74.61
1507,565,1,2,1,188.05,0.0,188.05
1508,565,2,3,2,81.92,0.0,163.84
1509,566,96,276,3,78.44,0.0,235.32
1510,566,49,139,2,38.68,0.0,77.36
1511,567,41,118,5,40.66,0.0,203.3
1512,567,6,15,2,111.76,0.0,223.52
1513,568,71,201,1,15.78,0.0,15.78
1514,568,64,183,1,72.17,0.0,72.17
1515,568,59,167,2,55.83,0.0,111.66
1516,568,73,207,2,192.67,0.0,385.34
1517,569,37,105,2,23.93,0.0,47.86
1518,569,52,147,1,97.59,0.0,97.59
1519,570,32,90,2,176.3,0.0,352.6
1520,570,15,39,4,161.21,0.0,644.84
1521,570,36,102,2,25.53,0.0,51.06
1522,570,15,39,1,161.21,0.0,161.21
1523,570,4,8,3,89.33,0.0,267.99
1524,571,57,162,2,44.38,0.0,88.76
1525,571,75,212,1,50.67,0.0,50.67
1526,572,100,286,4,56.34,0.0,225.36
1527,572,36,101,1,15.53,0.0,15.53
1528,572,11,29,4,41.69,0.0,166.76
1529,572,14,37,1,83.42,0.0,83.42
1530,573,90,256,1,38.11,0.0,38.11
1531,573,28,75,1,153.25,0.0,153.25
1532,574,40,113,1,133.52,0.0,133.52
1533,574,39,110,4,58.78,0.0,235.12
1534,574,47,134,3,97.33,0.0,291.99
1535,575,59,170,1,73.83,0.0,73.83
1536,575,44,126,1,22.65,0.0,22.65
1537,575,19,49,4,207.14,0.0,828.56
1538,575,100,285,1,42.34,0.0,42.34
1539,576,20,53,1,75.61,0.0,75.61
1540,576,48,137,2,45.39,0.0,90.78
1541,577,21,57,2,67.82,0.0,135.64
1542,577,40,113,1,133.52,0.0,133.52
1543,578,77,216,2,190.3,0.0,380.6
1544,578,42,119,2,40.62,0.0,81.24
1545,578,32,88,1,176.3,0.0,176.3
1546,579,14,38,4,93.42,0.0,373.68
1547,579,50,142,1,79.34,0.0,79.34
1548,579,65,185,4,154.37,0.0,617.48
1549,579,44,125,1,40.65,0.0,40.65
1550,580,46,131,1,70.22,0.0,70.22
1551,581,3,6,2,147.59,0.0,295.18
1552,581,74,209,1,215.0,0.0,215.0
1553,582,2,3,1,81.92,0.0,81.92
1554,582,4,7,5,84.33,0.0,421.65
1555,583,12,31,2,258.11,0.0,516.22
1556,584,45,129,1,47.45,0.0,47.45
1557,584,24,65,1,107.11,0.0,107.11
1558,585,24,63,2,122.11,0.0,244.22
1559,586,18,48,2,93.27,0.0,186.54
1560,587,73,206,3,195.67,0.0,587.01
1561,587,7,17,2,51.06,0.0,102.12
1562,587,43,123,3,12.67,0.0,38.01
1563,588,36,101,4,15.53,0.0,62.12
1564,588,33,95,3,56.53,0.0,169.59
1565,588,81,227,2,63.08,0.0,126.16
1566,588,48,136,1,45.39,0.0,45.39
1567,588,56,159,3,58.28,0.0,174.84
1568,589,93,268,2,29.84,0.0,59.68
1569,590,6,16,3,126.76,0.0,380.28
1570,590,41,117,3,22.66,0.0,67.98
1571,590,39,111,4,68.78,0.0,275.12
1572,591,40,116,2,143.52,0.0,287.04
1573,591,6,15,1,111.76,0.0,111.76
1574,592,1,2,1,188.05,0.0,188.05
1575,592,11,30,3,36.69,0.0,110.07
1576,593,20,54,2,60.61,0.0,121.22
1577,593,18,47,1,98.27,0.0,98.27
1578,593,67,191,1,83.05,0.0,83.05
1579,594,8,20,1,193.95,0.0,193.95
1580,594,8,20,1,193.95,0.0,193.95
1581,594,71,202,2,18.78,0.0,37.56
1582,595,88,252,2,33.4,0.0,66.8
1583,595,44,125,1,40.65,0.0,40.65
1584,596,20,53,1,75.61,0.0,75.61
1585,596,83,235,2,35.04,0.0,70.08
1586,596,89,254,3,59.85,0.0,179.55
1587,596,84,237,2,38.36,0.0,76.72
1588,597,22,58,1,138.97,0.0,138.97
1589,598,50,141,3,97.34,0.0,292.02
1590,598,55,155,2,49.23,0.0,98.46
1591,598,82,232,5,33.0,0.0,165.0
1592,599,13,35,1,145.62,0.0,145.62
1593,599,67,192,1,77.05,0.0,77.05
1594,599,21,57,2,67.82,0.0,135.64
1595,599,8,21,5,183.95,0.0,919.75
1596,600,48,136,4,45.39,0.0,181.56
1597,601,10,27,1,236.5,0.0,236.5
1598,601,81,227,2,63.08,0.0,126.16
1599,602,17,46,2,83.41,0.0,166.82
1600,602,94,271,1,24.87,0.0,24.87
1601,602,70,199,1,132.33,0.0,132.33
1602,602,40,113,3,133.52,0.0,400.56
1603,602,31,86,3,52.47,0.0,157.41
1604,603,7,18,1,51.06,0.0,51.06
1605,603,46,131,1,70.22,0.0,70.22
1606,603,88,251,1,33.4,0.0,33.4
1607,603,39,112,4,53.78,0.0,215.12
1608,604,47,134,4,97.33,0.0,389.32
1609,604,70,199,2,132.33,0.0,264.66
1610,604,45,129,1,47.45,0.0,47.45
1611,604,26,70,4,69.15,0.0,276.6
1612,605,97,280,1,39.57,0.0,39.57
1613,606,53,149,2,44.71,0.0,89.42
1614,607,100,286,2,56.34,0.0,112.68
1615,607,76,214,1,66.03,0.0,66.03
1616,607,40,116,1,143.52,0.0,143.52
1617,608,79,221,1,148.61,0.0,148.61
1618,609,38,109,2,164.11,10.0,308.22
1619,609,34,98,1,79.03,10.0,69.03
1620,610,1,1,4,193.05,10.0,732.2
1621,610,15,39,2,161.21,10.0,302.42
1622,610,32,91,3,186.3,10.0,528.9
1623,611,92,265,2,74.75,10.0,129.5
1624,611,29,79,2,140.1,10.0,260.2
1625,611,11,30,1,36.69,10.0,26.69
1626,612,79,220,3,151.61,0.0,454.83
1627,612,64,184,4,66.17,0.0,264.68
1628,613,13,34,2,155.62,0.0,311.24
1629,613,74,209,2,215.0,0.0,430.0
1630,614,61,174,3,72.85,0.0,218.55
1631,615,92,263,4,60.75,10.0,203.0
1632,616,67,192,1,77.05,10.0,67.05
1633,616,40,115,1,133.52,10.0,123.52
1634,616,73,208,2,198.67,10.0,377.34
1635,616,4,7,2,84.33,10.0,148.66
1636,616,8,21,1,183.95,10.0,173.95
1637,617,14,36,2,78.42,0.0,156.84
1638,617,95,274,2,7.88,0.0,15.76
1639,617,20,55,4,60.61,0.0,242.44
1640,617,16,43,3,136.76,0.0,410.28
1641,617,48,137,4,45.39,0.0,181.56
1642,618,5,11,4,86.21,0.0,344.84
1643,618,35,100,1,32.33,0.0,32.33
1644,619,2,3,2,81.92,10.0,143.84
1645,619,2,4,1,86.92,10.0,76.92
1646,619,37,105,1,23.93,10.0,13.93
1647,620,81,226,1,61.08,10.0,51.08
1648,620,19,51,1,192.14,10.0,182.14
1649,621,53,150,5,76.71,0.0,383.55
1650,621,4,9,2,99.33,0.0,198.66
1651,622,54,153,2,13.28,0.0,26.56
1652,622,35,100,1,32.33,0.0,32.33
1653,622,53,149,2,44.71,0.0,89.42
1654,622,12,31,1,258.11,0.0,258.11
1655,622,40,115,1,133.52,0.0,133.52
1656,623,2,4,1,86.92,0.0,86.92
1657,623,78,219,1,80.43,0.0,80.43
1658,623,30,82,3,10.27,0.0,30.81
1659,623,19,49,1,207.14,0.0,207.14
1660,623,77,217,1,190.3,0.0,190.3
1661,624,63,182,3,65.54,0.0,196.62
1662,624,96,278,2,80.44,0.0,160.88
1663,624,7,18,1,51.06,0.0,51.06
1664,624,41,117,2,22.66,0.0,45.32
1665,625,51,145,3,51.92,0.0,155.76
1666,625,19,51,1,192.14,0.0,192.14
1667,626,15,40,2,176.21,0.0,352.42
1668,626,18,47,4,98.27,0.0,393.08
1669,626,8,21,2,183.95,0.0,367.9
1670,626,83,235,3,35.04,0.0,105.12
1671,626,62,178,5,150.25,0.0,751.25
1672,626,9,23,1,61.83,0.0,61.83
1673,627,8,20,1,193.95,10.0,183.95
1674,627,52,146,3,65.59,10.0,166.77
1675,627,91,259,1,35.66,10.0,25.66
1676,628,71,202,1,18.78,0.0,18.78
1677,628,74,209,2,215.0,0.0,430.0
1678,629,80,224,1,213.05,10.0,203.05
1679,629,10,25,4,241.5,10.0,926.0
1680,629,84,236,1,50.36,10.0,40.36
1681,629,13,35,1,145.62,10.0,135.62
1682,629,41,117,3,22.66,10.0,37.98
1683,630,16,43,4,136.76,0.0,547.04
1684,631,19,51,1,192.14,10.0,182.14
1685,632,1,1,5,193.05,0.0,965.25
1686,632,49,139,2,38.68,0.0,77.36
1687,632,69,197,2,22.8,0.0,45.6
1688,633,45,129,1,47.45,0.0,47.45
1689,633,30,83,1,15.27,0.0,15.27
1690,633,66,189,1,26.38,0.0,26.38
1691,633,70,200,1,129.33,0.0,129.33
1692,633,93,268,1,29.84,0.0,29.84
1693,634,57,163,4,58.38,10.0,193.52
1694,634,34,98,5,79.03,10.0,345.15
1695,634,100,285,1,42.34,10.0,32.34
1696,634,22,59,3,148.97,10.0,416.91
1697,635,15,39,2,161.21,0.0,322.42
1698,635,47,134,1,97.33,0.0,97.33
1699,635,9,24,2,56.83,0.0,113.66
1700,635,91,259,2,35.66,0.0,71.32
1701,636,8,21,3,183.95,10.0,521.85
1702,636,94,271,1,24.87,10.0,14.87
1703,637,71,202,2,18.78,0.0,37.56
1704,637,6,16,2,126.76,0.0,253.52
1705,637,98,281,3,83.39,0.0,250.17
1706,637,6,15,2,111.76,0.0,223.52
1707,638,36,101,2,15.53,0.0,31.06
1708,638,31,85,1,52.47,0.0,52.47
1709,639,32,90,2,176.3,0.0,352.6
1710,640,10,28,2,236.5,0.0,473.0
1711,640,86,245,1,85.71,0.0,85.71
1712,640,64,184,1,66.17,0.0,66.17
1713,640,29,80,1,140.1,0.0,140.1
1714,640,32,91,1,186.3,0.0,186.3
1715,640,13,34,2,155.62,0.0,311.24
1716,641,17,46,4,83.41,10.0,293.64
1717,641,67,192,4,77.05,10.0,268.2
1718,641,56,161,3,40.28,10.0,90.84
1719,641,17,46,3,83.41,10.0,220.23
1720,641,43,124,5,44.67,10.0,173.35
1721,641,89,253,4,73.85,10.0,255.4
1722,642,92,263,2,60.75,10.0,101.5
1723,643,47,135,5,79.33,10.0,346.65
1724,643,70,199,1,132.33,10.0,122.33
1725,644,92,264,2,62.75,10.0,105.5
1726,645,9,22,4,56.83,10.0,187.32
1727,646,71,201,2,15.78,0.0,31.56
1728,646,99,283,2,61.51,0.0,123.02
1729,646,16,43,1,136.76,0.0,136.76
1730,646,9,23,1,61.83,0.0,61.83
1731,647,35,100,1,32.33,0.0,32.33
1732,647,31,84,1,47.47,0.0,47.47
1733,647,30,83,2,15.27,0.0,30.54
1734,648,81,228,2,63.08,0.0,126.16
1735,648,62,180,1,150.25,0.0,150.25
1736,649,11,30,1,36.69,0.0,36.69
1737,649,70,200,1,129.33,0.0,129.33
1738,649,9,24,2,56.83,0.0,113.66
1739,650,27,73,4,7.55,3.77,15.12
1740,650,5,13,5,96.21,10.0,431.05
1741,650,21,57,3,67.82,10.0,173.46
1742,650,56,160,5,40.28,10.0,151.4
1743,650,14,37,1,83.42,10.0,73.42
1744,651,30,81,1,25.27,0.0,25.27
1745,651,19,50,2,192.14,0.0,384.28
1746,651,16,44,2,121.76,0.0,243.52
1747,652,92,265,1,74.75,0.0,74.75
1748,652,27,73,4,7.55,0.0,30.2
1749,653,59,167,1,55.83,0.0,55.83
1750,653,40,114,4,128.52,0.0,514.08
1751,654,33,93,2,51.53,0.0,103.06
1752,654,14,37,5,83.42,0.0,417.1
1753,654,32,91,1,186.3,0.0,186.3
1754,654,5,12,3,81.21,0.0,243.63
1755,654,3,5,2,132.59,0.0,265.18
1756,654,24,63,3,122.11,0.0,366.33
1757,655,23,62,2,48.88,0.0,97.76
1758,655,87,249,4,78.46,0.0,313.84
1759,655,81,226,5,61.08,0.0,305.4
1760,655,48,137,4,45.39,0.0,181.56
1761,656,79,221,4,148.61,0.0,594.44
1762,656,65,187,5,151.37,0.0,756.85
1763,657,51,143,3,37.92,10.0,83.76
1764,658,31,87,5,62.47,0.0,312.35
1765,658,49,139,5,38.68,0.0,193.4
1766,658,66,189,4,26.38,0.0,105.52
1767,658,30,81,1,25.27,0.0,25.27
1768,658,18,48,1,93.27,0.0,93.27
1769,659,24,65,2,107.11,0.0,214.22
1770,659,16,41,1,121.76,0.0,121.76
1771,660,53,148,1,62.71,10.0,52.71
1772,660,53,150,1,76.71,10.0,66.71
1773,661,40,115,1,133.52,0.0,133.52
1774,661,36,101,3,15.53,0.0,46.59
1775,661,4,10,1,84.33,0.0,84.33
1776,661,37,106,3,18.93,0.0,56.79
1777,661,44,127,2,22.65,0.0,45.3
1778,662,88,252,2,33.4,0.0,66.8
1779,662,29,77,5,135.1,0.0,675.5
1780,663,3,6,2,147.59,0.0,295.18
1781,663,13,35,1,145.62,0.0,145.62
1782,663,21,57,1,67.82,0.0,67.82
1783,664,81,229,1,75.08,10.0,65.08
1784,664,1,1,3,193.05,10.0,549.15
1785,665,12,32,1,243.11,0.0,243.11
1786,665,63,182,1,65.54,0.0,65.54
1787,665,93,267,2,29.84,0.0,59.68
1788,666,99,284,2,49.51,0.0,99.02
1789,666,8,21,3,183.95,0.0,551.85
1790,667,99,284,1,49.51,0.0,49.51
1791,667,13,33,1,140.62,0.0,140.62
1792,668,18,48,2,93.27,0.0,186.54
1793,668,35,100,3,32.33,0.0,96.99
1794,669,56,159,1,58.28,0.0,58.28
1795,669,9,24,3,56.83,0.0,170.49
1796,669,75,212,4,50.67,0.0,202.68
1797,669,89,254,1,59.85,0.0,59.85
1798,670,35,100,4,32.33,0.0,129.32
1799,670,70,200,3,129.33,0.0,387.99
1800,671,25,67,1,126.29,0.0,126.29
1801,671,39,110,1,58.78,0.0,58.78
1802,672,34,96,3,79.03,0.0,237.09
1803,672,39,112,2,53.78,0.0,107.56
1804,673,55,157,3,17.23,0.0,51.69
1805,673,32,91,1,186.3,0.0,186.3
1806,674,75,211,2,47.67,10.0,75.34
1807,674,15,39,5,161.21,10.0,756.05
1808,674,18,48,1,93.27,10.0,83.27
1809,675,33,92,3,56.53,0.0,169.59
1810,676,33,94,2,66.53,0.0,133.06
1811,677,18,48,2,93.27,0.0,186.54
1812,677,31,85,1,52.47,0.0,52.47
1813,677,97,279,2,39.57,0.0,79.14
1814,677,30,81,3,25.27,0.0,75.81
1815,677,8,21,3,183.95,0.0,551.85
1816,677,85,242,2,4.99,0.0,9.98
1817,678,34,96,5,79.03,0.0,395.15
1818,678,65,187,4,151.37,0.0,605.48
1819,678,56,159,5,58.28,0.0,291.4
1820,679,50,141,1,97.34,10.0,87.34
1821,679,7,17,3,51.06,10.0,123.18
1822,679,56,158,1,72.28,10.0,62.28
1823,679,2,3,3,81.92,10.0,215.76
1824,679,23,60,5,33.88,10.0,119.4
1825,680,9,23,1,61.83,10.0,51.83
1826,680,71,203,2,18.78,9.39,18.78
1827,680,72,204,1,156.23,10.0,146.23
1828,680,55,156,1,17.23,8.62,8.61
1829,681,47,135,2,79.33,0.0,158.66
1830,681,54,152,3,31.28,0.0,93.84
1831,681,71,202,5,18.78,0.0,93.9
1832,681,5,14,1,81.21,0.0,81.21
1833,681,18,48,2,93.27,0.0,186.54
1834,682,65,187,2,151.37,0.0,302.74
1835,683,57,162,3,44.38,0.0,133.14
1836,683,18,48,5,93.27,0.0,466.35
1837,683,63,182,4,65.54,0.0,262.16
1838,683,75,211,2,47.67,0.0,95.34
1839,684,20,52,2,65.61,0.0,131.22
1840,685,35,100,1,32.33,10.0,22.33
1841,685,70,199,2,132.33,10.0,244.66
1842,685,11,30,2,36.69,10.0,53.38
1843,685,36,102,2,25.53,10.0,31.06
1844,685,72,205,1,153.23,10.0,143.23
1845,686,41,118,1,40.66,0.0,40.66
1846,687,14,36,1,78.42,0.0,78.42
1847,687,13,35,2,145.62,0.0,291.24
1848,688,69,197,4,22.8,0.0,91.2
1849,689,16,43,3,136.76,10.0,380.28
1850,689,81,226,3,61.08,10.0,153.24
1851,689,45,128,2,29.45,10.0,38.9
1852,690,51,145,1,51.92,0.0,51.92
1853,690,36,104,3,15.53,0.0,46.59
1854,690,12,31,3,258.11,0.0,774.33
1855,690,6,15,1,111.76,0.0,111.76
1856,690,90,257,2,52.11,0.0,104.22
1857,690,11,29,1,41.69,0.0,41.69
1858,691,29,77,2,135.1,10.0,250.2
1859,691,28,74,1,158.25,10.0,148.25
1860,691,25,66,2,136.29,10.0,252.58
1861,692,46,132,1,102.22,0.0,102.22
1862,692,28,75,1,153.25,0.0,153.25
1863,692,17,45,3,88.41,0.0,265.23
1864,693,65,186,2,154.37,10.0,288.74
1865,693,81,228,1,63.08,10.0,53.08
1866,694,1,2,4,188.05,10.0,712.2
1867,694,32,90,3,176.3,10.0,498.9
1868,695,51,144,1,19.92,0.0,19.92
1869,695,20,53,1,75.61,0.0,75.61
1870,695,23,60,1,33.88,0.0,33.88
1871,695,42,120,2,72.62,0.0,145.24
1872,696,64,184,2,66.17,0.0,132.34
1873,696,71,202,1,18.78,0.0,18.78
1874,696,13,34,3,155.62,0.0,466.86
1875,697,52,147,2,97.59,10.0,175.18
1876,697,1,2,3,188.05,10.0,534.15
1877,697,2,4,2,86.92,10.0,153.84
1878,697,38,109,2,164.11,10.0,308.22
1879,698,19,49,1,207.14,10.0,197.14
1880,698,10,28,2,236.5,10.0,453.0
1881,698,67,191,1,83.05,10.0,73.05
1882,698,57,164,1,26.38,10.0,16.38
1883,698,42,120,3,72.62,10.0,187.86
1884,699,100,285,5,42.34,0.0,211.7
1885,699,59,170,1,73.83,0.0,73.83
1886,699,38,109,2,164.11,0.0,328.22
1887,700,7,18,2,51.06,0.0,102.12
1888,700,21,57,3,67.82,0.0,203.46
1889,701,47,135,3,79.33,10.0,207.99
1890,701,13,34,2,155.62,10.0,291.24
1891,701,14,37,3,83.42,10.0,220.26
1892,701,75,212,1,50.67,10.0,40.67
1893,701,56,158,1,72.28,10.0,62.28
1894,701,34,96,2,79.03,10.0,138.06
1895,702,72,205,1,153.23,10.0,143.23
1896,702,68,196,2,165.66,10.0,311.32
1897,703,10,28,2,236.5,0.0,473.0
1898,703,4,8,1,89.33,0.0,89.33
1899,703,12,32,1,243.11,0.0,243.11
1900,703,2,4,1,86.92,0.0,86.92
1901,704,10,26,2,251.5,10.0,483.0
1902,704,62,177,1,153.25,10.0,143.25
1903,705,51,144,1,19.92,0.0,19.92
1904,705,37,106,2,18.93,0.0,37.86
1905,706,6,15,1,111.76,0.0,111.76
1906,706,10,25,1,241.5,0.0,241.5
1907,706,75,211,1,47.67,0.0,47.67
1908,707,13,34,1,155.62,0.0,155.62
1909,708,20,52,3,65.61,0.0,196.83
1910,708,27,72,1,22.55,0.0,22.55
1911,709,9,24,2,56.83,0.0,113.66
1912,710,12,31,1,258.11,0.0,258.11
1913,711,48,137,1,45.39,0.0,45.39
1914,711,9,23,5,61.83,0.0,309.15
1915,711,77,216,4,190.3,0.0,761.2
1916,711,80,223,4,216.05,0.0,864.2
1917,711,73,208,4,198.67,0.0,794.68
1918,712,77,216,1,190.3,0.0,190.3
1919,713,11,29,1,41.69,0.0,41.69
1920,713,41,118,1,40.66,0.0,40.66
1921,713,12,32,1,243.11,0.0,243.11
1922,714,9,23,2,61.83,0.0,123.66
1923,715,42,120,2,72.62,0.0,145.24
1924,715,7,18,1,51.06,0.0,51.06
1925,715,59,170,1,73.83,0.0,73.83
1926,715,88,252,1,33.4,0.0,33.4
1927,715,20,54,1,60.61,0.0,60.61
1928,715,73,207,1,192.67,0.0,192.67
1929,716,31,86,1,52.47,0.0,52.47
1930,716,11,29,1,41.69,0.0,41.69
1931,717,59,169,3,87.83,0.0,263.49
1932,717,55,154,5,35.23,0.0,176.15
1933,717,4,7,5,84.33,0.0,421.65
1934,718,27,71,3,12.55,0.0,37.65
1935,718,95,274,1,7.88,0.0,7.88
1936,719,89,254,2,59.85,0.0,119.7
1937,720,57,163,2,58.38,0.0,116.76
1938,721,61,174,2,72.85,0.0,145.7
1939,722,87,249,1,78.46,0.0,78.46
1940,722,20,55,2,60.61,0.0,121.22
1941,722,24,64,1,112.11,0.0,112.11
1942,723,77,217,3,190.3,0.0,570.9
1943,723,88,252,1,33.4,0.0,33.4
1944,723,33,95,2,56.53,0.0,113.06
1945,723,3,5,1,132.59,0.0,132.59
1946,724,71,202,2,18.78,0.0,37.56
1947,725,52,147,1,97.59,0.0,97.59
1948,725,39,112,2,53.78,0.0,107.56
1949,725,24,64,2,112.11,0.0,224.22
1950,726,64,184,1,66.17,0.0,66.17
1951,726,65,186,1,154.37,0.0,154.37
1952,727,44,127,4,22.65,0.0,90.6
1953,728,77,216,1,190.3,0.0,190.3
1954,728,8,20,1,193.95,0.0,193.95
1955,728,77,216,2,190.3,0.0,380.6
1956,728,10,28,3,236.5,0.0,709.5
1957,728,58,166,1,61.21,0.0,61.21
1958,728,7,17,1,51.06,0.0,51.06
1959,729,3,5,5,132.59,0.0,662.95
1960,730,48,136,1,45.39,0.0,45.39
1961,730,24,65,2,107.11,0.0,214.22
1962,730,54,152,1,31.28,0.0,31.28
1963,731,19,51,1,192.14,0.0,192.14
1964,731,11,29,3,41.69,0.0,125.07
1965,732,29,79,3,140.1,0.0,420.3
1966,732,6,16,1,126.76,0.0,126.76
1967,732,49,139,1,38.68,0.0,38.68
1968,733,83,234,3,33.04,0.0,99.12
1969,733,2,4,1,86.92,0.0,86.92
1970,733,57,162,1,44.38,0.0,44.38
1971,733,23,61,1,38.88,0.0,38.88
1972,734,5,11,2,86.21,0.0,172.42
1973,734,13,33,1,140.62,0.0,140.62
1974,735,11,30,4,36.69,0.0,146.76
1975,735,56,161,4,40.28,0.0,161.12
1976,735,79,220,3,151.61,0.0,454.83
1977,735,36,103,4,10.53,0.0,42.12
1978,735,5,13,4,96.21,0.0,384.84
1979,736,24,63,2,122.11,0.0,244.22
1980,736,46,131,2,70.22,0.0,140.44
1981,736,78,218,2,83.43,0.0,166.86
1982,737,4,7,3,84.33,0.0,252.99
1983,737,57,164,1,26.38,0.0,26.38
1984,737,15,39,2,161.21,0.0,322.42
1985,737,90,257,1,52.11,0.0,52.11
1986,738,54,152,3,31.28,0.0,93.84
1987,738,26,70,4,69.15,0.0,276.6
1988,739,38,108,2,174.11,0.0,348.22
1989,740,8,21,1,183.95,0.0,183.95
1990,740,77,216,1,190.3,0.0,190.3
1991,740,89,255,1,61.85,0.0,61.85
1992,740,69,197,5,22.8,0.0,114.0
1993,740,27,73,1,7.55,0.0,7.55
1994,740,39,110,3,58.78,0.0,176.34
1995,741,1,2,1,188.05,0.0,188.05
1996,741,83,233,1,35.04,0.0,35.04
1997,742,11,29,1,41.69,0.0,41.69
1998,742,39,111,3,68.78,0.0,206.34
1999,743,27,71,2,12.55,0.0,25.1
2000,743,11,30,2,36.69,0.0,73.38
2001,743,6,15,4,111.76,0.0,447.04
2002,743,82,231,3,21.0,0.0,63.0
2003,743,55,157,3,17.23,0.0,51.69
2004,743,9,24,1,56.83,0.0,56.83
2005,744,11,30,2,36.69,0.0,73.38
2006,744,26,69,1,64.15,0.0,64.15
2007,745,9,23,3,61.83,0.0,185.49
2008,746,10,26,1,251.5,0.0,251.5
2009,746,88,251,4,33.4,0.0,133.6
2010,747,55,156,1,17.23,0.0,17.23
2011,747,43,122,2,12.67,0.0,25.34
2012,747,79,222,1,145.61,0.0,145.61
2013,747,71,202,1,18.78,0.0,18.78
2014,748,82,230,5,21.0,0.0,105.0
2015,748,46,131,1,70.22,0.0,70.22
2016,748,13,35,3,145.62,0.0,436.86
2017,748,62,177,5,153.25,0.0,766.25
2018,749,24,65,1,107.11,0.0,107.11
2019,749,19,51,2,192.14,0.0,384.28
2020,749,40,114,1,128.52,0.0,128.52
2021,749,51,145,1,51.92,0.0,51.92
2022,749,8,20,2,193.95,0.0,387.9
2023,750,69,197,5,22.8,0.0,114.0
2024,751,30,83,2,15.27,0.0,30.54
2025,751,50,141,1,97.34,0.0,97.34
2026,752,14,36,1,78.42,0.0,78.42
2027,752,71,202,2,18.78,0.0,37.56
2028,752,35,100,5,32.33,0.0,161.65
2029,752,13,33,4,140.62,0.0,562.48
2030,752,68,195,2,162.66,0.0,325.32
2031,753,37,106,1,18.93,0.0,18.93
2032,753,76,215,1,63.03,0.0,63.03
2033,754,87,247,5,64.46,0.0,322.3
2034,754,44,127,3,22.65,0.0,67.95
2035,755,17,45,1,88.41,0.0,88.41
2036,755,7,17,2,51.06,0.0,102.12
2037,755,50,140,1,111.34,0.0,111.34
2038,756,93,268,2,29.84,0.0,59.68
2039,756,31,86,4,52.47,0.0,209.88
2040,756,35,99,2,27.33,0.0,54.66
2041,756,47,134,5,97.33,0.0,486.65
2042,757,85,240,1,18.14,0.0,18.14
2043,757,9,22,2,56.83,0.0,113.66
2044,757,89,254,3,59.85,0.0,179.55
2045,758,41,118,2,40.66,0.0,81.32
2046,758,33,92,5,56.53,0.0,282.65
2047,759,52,146,2,65.59,0.0,131.18
2048,760,31,87,1,62.47,0.0,62.47
2049,761,27,73,2,7.55,0.0,15.1
2050,762,85,243,3,6.14,0.0,18.42
2051,762,46,131,1,70.22,0.0,70.22
2052,762,52,147,2,97.59,0.0,195.18
2053,763,19,49,1,207.14,0.0,207.14
2054,764,47,134,2,97.33,0.0,194.66
2055,764,79,222,2,145.61,0.0,291.22
2056,764,80,223,2,216.05,0.0,432.1
2057,765,2,3,5,81.92,0.0,409.6
2058,765,55,157,4,17.23,0.0,68.92
2059,765,2,4,2,86.92,0.0,173.84
2060,765,56,161,4,40.28,0.0,161.12
2061,765,85,240,3,18.14,0.0,54.42
2062,766,34,97,2,89.03,0.0,178.06
2063,767,49,139,1,38.68,0.0,38.68
2064,767,51,143,1,37.92,0.0,37.92
2065,767,18,48,2,93.27,0.0,186.54
2066,767,38,109,1,164.11,0.0,164.11
2067,768,60,172,4,18.2,0.0,72.8
2068,768,10,26,1,251.5,0.0,251.5
2069,768,20,53,2,75.61,0.0,151.22
2070,768,93,266,2,27.84,0.0,55.68
2071,768,69,197,1,22.8,0.0,22.8
2072,769,72,204,1,156.23,0.0,156.23
2073,769,47,134,5,97.33,0.0,486.65
2074,769,69,197,3,22.8,0.0,68.4
2075,770,1,2,1,188.05,0.0,188.05
2076,770,76,214,2,66.03,0.0,132.06
2077,771,96,277,1,80.44,0.0,80.44
2078,772,94,270,2,36.87,0.0,73.74
2079,773,76,215,1,63.03,0.0,63.03
2080,773,12,31,1,258.11,0.0,258.11
2081,773,59,170,2,73.83,0.0,147.66
2082,774,49,139,2,38.68,0.0,77.36
2083,774,51,145,1,51.92,0.0,51.92
2084,774,51,145,3,51.92,0.0,155.76
2085,775,33,94,1,66.53,0.0,66.53
2086,776,20,53,5,75.61,0.0,378.05
2087,776,73,208,3,198.67,0.0,596.01
2088,776,80,224,2,213.05,0.0,426.1
2089,776,13,33,4,140.62,0.0,562.48
2090,776,36,101,4,15.53,0.0,62.12
2091,776,40,113,4,133.52,0.0,534.08
2092,777,55,156,2,17.23,0.0,34.46
2093,777,20,55,2,60.61,0.0,121.22
2094,777,8,21,1,183.95,0.0,183.95
2095,777,39,110,1,58.78,0.0,58.78
2096,778,12,32,1,243.11,0.0,243.11
2097,778,42,121,1,40.62,0.0,40.62
2098,778,49,138,3,20.68,0.0,62.04
2099,778,5,12,2,81.21,0.0,162.42
2100,779,56,158,2,72.28,0.0,144.56
2101,780,33,92,2,56.53,0.0,113.06
2102,780,55,154,3,35.23,0.0,105.69
2103,780,49,139,5,38.68,0.0,193.4
2104,781,66,189,1,26.38,0.0,26.38
2105,782,36,103,1,10.53,0.0,10.53
2106,782,29,80,2,140.1,0.0,280.2
2107,783,11,30,2,36.69,0.0,73.38
2108,783,23,62,3,48.88,0.0,146.64
2109,783,8,20,1,193.95,0.0,193.95
2110,783,77,217,4,190.3,0.0,761.2
2111,783,28,75,4,153.25,0.0,613.0
2112,784,14,37,3,83.42,0.0,250.26
2113,784,51,143,1,37.92,0.0,37.92
2114,784,5,14,3,81.21,0.0,243.63
2115,784,28,74,2,158.25,0.0,316.5
2116,784,26,70,4,69.15,0.0,276.6
2117,785,41,118,2,40.66,0.0,81.32
2118,786,92,264,2,62.75,0.0,125.5
2119,786,32,91,1,186.3,0.0,186.3
2120,787,54,152,4,31.28,0.0,125.12
2121,787,40,115,1,133.52,0.0,133.52
2122,788,8,20,2,193.95,0.0,387.9
2123,789,6,15,2,111.76,0.0,223.52
2124,789,33,95,5,56.53,0.0,282.65
2125,789,15,40,3,176.21,0.0,528.63
2126,789,18,48,2,93.27,0.0,186.54
2127,790,74,209,2,215.0,0.0,430.0
2128,791,5,14,3,81.21,0.0,243.63
2129,791,62,177,2,153.25,0.0,306.5
2130,791,17,46,4,83.41,0.0,333.64
2131,791,22,58,4,138.97,0.0,555.88
2132,791,5,12,3,81.21,0.0,243.63
2133,792,95,274,1,7.88,0.0,7.88
2134,792,14,37,5,83.42,0.0,417.1
2135,792,43,123,3,12.67,0.0,38.01
2136,792,30,82,3,10.27,0.0,30.81
2137,793,74,210,2,212.0,0.0,424.0
2138,793,6,15,5,111.76,0.0,558.8
2139,793,18,48,1,93.27,0.0,93.27
2140,793,35,99,1,27.33,0.0,27.33
2141,793,66,188,2,32.38,0.0,64.76
2142,794,3,5,5,132.59,0.0,662.95
2143,794,8,20,4,193.95,0.0,775.8
2144,794,17,46,1,83.41,0.0,83.41
2145,794,65,187,2,151.37,0.0,302.74
2146,795,35,99,1,27.33,0.0,27.33
2147,795,56,159,2,58.28,0.0,116.56
2148,795,31,87,1,62.47,0.0,62.47
2149,795,40,115,1,133.52,0.0,133.52
2150,796,88,252,2,33.4,0.0,66.8
2151,796,3,6,1,147.59,0.0,147.59
2152,797,45,129,1,47.45,0.0,47.45
2153,797,95,274,2,7.88,0.0,15.76
2154,797,57,162,2,44.38,0.0,88.76
2155,797,11,29,3,41.69,0.0,125.07
2156,797,46,130,1,70.22,0.0,70.22
2157,798,95,272,1,9.88,0.0,9.88
2158,798,78,218,2,83.43,0.0,166.86
2159,798,12,31,2,258.11,0.0,516.22
2160,798,86,246,5,85.71,0.0,428.55
2161,799,43,122,4,12.67,0.0,50.68
2162,799,18,47,2,98.27,0.0,196.54
2163,799,66,189,3,26.38,0.0,79.14
2164,799,39,110,4,58.78,0.0,235.12
2165,799,36,103,1,10.53,0.0,10.53
2166,800,68,195,4,162.66,0.0,650.64
2167,800,76,214,2,66.03,0.0,132.06
2168,800,60,172,4,18.2,0.0,72.8
2169,800,94,271,1,24.87,0.0,24.87
2170,801,10,27,3,236.5,0.0,709.5
2171,801,17,45,3,88.41,0.0,265.23
2172,801,43,124,2,44.67,0.0,89.34
2173,801,32,89,2,171.3,0.0,342.6
2174,801,64,183,3,72.17,0.0,216.51
2175,801,7,17,2,51.06,0.0,102.12
2176,802,43,123,1,12.67,0.0,12.67
2177,802,67,191,2,83.05,0.0,166.1
2178,802,96,277,1,80.44,0.0,80.44
2179,803,83,234,5,33.04,0.0,165.2
2180,803,33,94,1,66.53,0.0,66.53
2181,803,75,212,4,50.67,0.0,202.68
2182,804,57,164,1,26.38,0.0,26.38
2183,804,42,120,4,72.62,0.0,290.48
2184,804,55,154,5,35.23,0.0,176.15
2185,804,79,222,2,145.61,0.0,291.22
2186,804,62,180,2,150.25,0.0,300.5
2187,805,31,84,3,47.47,0.0,142.41
2188,806,21,57,1,67.82,0.0,67.82
2189,807,11,29,3,41.69,0.0,125.07
2190,807,25,67,4,126.29,0.0,505.16
2191,807,65,187,1,151.37,0.0,151.37
2192,808,97,279,2,39.57,0.0,79.14
2193,808,16,42,2,126.76,0.0,253.52
2194,808,33,93,1,51.53,0.0,51.53
2195,808,1,1,1,193.05,0.0,193.05
2196,808,9,23,1,61.83,0.0,61.83
2197,808,34,97,2,89.03,0.0,178.06
2198,809,12,32,1,243.11,0.0,243.11
2199,809,9,23,4,61.83,0.0,247.32
2200,809,26,70,1,69.15,0.0,69.15
2201,810,46,133,2,88.22,0.0,176.44
2202,811,29,78,1,150.1,0.0,150.1
2203,811,9,22,1,56.83,0.0,56.83
2204,811,69,198,1,25.8,0.0,25.8
2205,811,39,111,2,68.78,0.0,137.56
2206,811,61,174,1,72.85,0.0,72.85
2207,811,3,5,2,132.59,0.0,265.18
2208,812,67,192,3,77.05,0.0,231.15
2209,812,12,31,4,258.11,0.0,1032.44
2210,812,35,99,5,27.33,0.0,136.65
2211,813,49,138,1,20.68,2.48,18.2
2212,813,69,198,1,25.8,3.1,22.7
2213,814,24,64,3,112.11,0.0,336.33
2214,814,52,147,1,97.59,0.0,97.59
2215,814,74,210,1,212.0,0.0,212.0
2216,815,3,6,1,147.59,0.0,147.59
2217,815,39,112,3,53.78,0.0,161.34
2218,815,51,145,1,51.92,0.0,51.92
2219,815,24,64,2,112.11,0.0,224.22
2220,815,46,133,1,88.22,0.0,88.22
2221,815,80,224,2,213.05,0.0,426.1
2222,816,9,24,1,56.83,6.82,50.01
2223,816,30,81,2,25.27,3.03,44.48
2224,816,88,251,2,33.4,4.01,58.78
2225,817,76,214,2,66.03,0.0,132.06
2226,817,5,14,3,81.21,0.0,243.63
2227,817,35,100,1,32.33,0.0,32.33
2228,818,39,110,1,58.78,0.0,58.78
2229,818,23,61,4,38.88,0.0,155.52
2230,818,13,35,2,145.62,0.0,291.24
2231,818,99,283,1,61.51,0.0,61.51
2232,818,52,147,1,97.59,0.0,97.59
2233,819,30,83,2,15.27,0.0,30.54
2234,819,96,278,1,80.44,0.0,80.44
2235,819,38,107,2,159.11,0.0,318.22
2236,820,39,110,3,58.78,7.05,155.19
2237,820,54,152,1,31.28,3.75,27.53
2238,821,45,128,4,29.45,3.53,103.68
2239,821,1,1,4,193.05,23.17,679.52
2240,821,61,176,3,66.85,8.02,176.49
2241,821,95,272,4,9.88,1.19,34.76
2242,822,62,178,1,150.25,0.0,150.25
2243,822,5,14,1,81.21,0.0,81.21
2244,822,35,100,4,32.33,0.0,129.32
2245,822,14,37,1,83.42,0.0,83.42
2246,823,57,162,1,44.38,0.0,44.38
2247,823,56,161,2,40.28,0.0,80.56
2248,823,2,3,1,81.92,0.0,81.92
2249,823,65,185,1,154.37,0.0,154.37
2250,824,1,1,5,193.05,0.0,965.25
2251,824,29,77,4,135.1,0.0,540.4
2252,824,3,6,3,147.59,0.0,442.77
2253,824,5,13,3,96.21,0.0,288.63
2254,824,72,204,1,156.23,0.0,156.23
2255,824,67,192,4,77.05,0.0,308.2
2256,825,93,267,2,29.84,0.0,59.68
2257,826,2,3,4,81.92,9.83,288.36
2258,826,62,177,3,153.25,18.39,404.58
2259,826,45,128,2,29.45,3.53,51.84
2260,826,87,249,3,78.46,9.42,207.12
2261,827,36,101,1,15.53,0.0,15.53
2262,828,53,150,2,76.71,0.0,153.42
2263,828,70,200,4,129.33,0.0,517.32
2264,828,44,126,3,22.65,0.0,67.95
2265,828,48,137,3,45.39,0.0,136.17
2266,829,65,187,5,151.37,0.0,756.85
2267,830,7,17,2,51.06,0.0,102.12
2268,830,6,15,2,111.76,0.0,223.52
2269,831,77,217,2,190.3,22.84,334.92
2270,831,73,208,1,198.67,23.84,174.83
2271,832,40,113,3,133.52,16.02,352.5
2272,832,17,46,1,83.41,10.01,73.4
2273,833,20,54,2,60.61,0.0,121.22
2274,833,90,256,1,38.11,0.0,38.11
2275,833,51,145,1,51.92,0.0,51.92
2276,833,32,89,1,171.3,0.0,171.3
2277,833,16,42,1,126.76,0.0,126.76
2278,833,3,5,2,132.59,0.0,265.18
2279,834,70,200,1,129.33,0.0,129.33
2280,835,54,153,2,13.28,1.59,23.38
2281,836,79,222,2,145.61,0.0,291.22
2282,836,57,163,2,58.38,0.0,116.76
2283,837,32,88,1,176.3,21.16,155.14
2284,838,88,252,1,33.4,0.0,33.4
2285,839,32,88,3,176.3,0.0,528.9
2286,839,30,83,3,15.27,0.0,45.81
2287,839,17,45,5,88.41,0.0,442.05
2288,839,9,23,1,61.83,0.0,61.83
2289,840,49,139,3,38.68,0.0,116.04
2290,840,86,245,4,85.71,0.0,342.84
2291,840,28,75,1,153.25,0.0,153.25
2292,841,42,119,2,40.62,4.87,71.5
2293,842,35,100,2,32.33,3.88,56.9
2294,842,43,123,1,12.67,1.52,11.15
2295,843,77,216,3,190.3,22.84,502.38
2296,843,82,230,4,21.0,2.52,73.92
2297,843,31,85,2,52.47,6.3,92.34
2298,844,17,45,1,88.41,0.0,88.41
2299,844,61,174,1,72.85,0.0,72.85
2300,844,32,91,1,186.3,0.0,186.3
2301,844,52,146,1,65.59,0.0,65.59
2302,845,39,110,2,58.78,7.05,103.46
2303,845,79,220,3,151.61,18.19,400.26
2304,845,58,166,1,61.21,7.35,53.86
2305,845,36,101,1,15.53,1.86,13.67
2306,846,43,122,5,12.67,0.0,63.35
2307,846,5,11,2,86.21,0.0,172.42
2308,846,12,31,5,258.11,0.0,1290.55
2309,847,69,197,1,22.8,0.0,22.8
2310,847,6,16,3,126.76,0.0,380.28
2311,848,4,7,2,84.33,0.0,168.66
2312,848,3,5,3,132.59,0.0,397.77
2313,849,56,159,1,58.28,6.99,51.29
2314,849,68,193,3,165.66,19.88,437.34
2315,849,71,203,1,18.78,2.25,16.53
2316,849,57,164,2,26.38,3.17,46.42
2317,850,67,192,1,77.05,9.25,67.8
2318,851,78,218,2,83.43,0.0,166.86
2319,851,24,64,1,112.11,0.0,112.11
2320,851,68,195,1,162.66,0.0,162.66
2321,851,29,79,1,140.1,0.0,140.1
2322,852,20,54,2,60.61,0.0,121.22
2323,852,9,22,2,56.83,0.0,113.66
2324,852,10,26,2,251.5,0.0,503.0
2325,853,55,157,2,17.23,2.07,30.32
2326,853,60,172,1,18.2,2.18,16.02
2327,853,10,28,1,236.5,28.38,208.12
2328,853,93,266,1,27.84,3.34,24.5
2329,854,13,34,1,155.62,0.0,155.62
2330,854,73,207,1,192.67,0.0,192.67
2331,855,16,44,3,121.76,14.61,321.45
2332,855,26,68,3,69.15,8.3,182.55
2333,856,13,33,1,140.62,16.87,123.75
2334,856,37,106,3,18.93,2.27,49.98
2335,857,7,17,2,51.06,6.13,89.86
2336,857,9,23,5,61.83,7.42,272.05
2337,857,20,53,2,75.61,9.07,133.08
2338,857,5,12,4,81.21,9.75,285.84
2339,858,96,276,1,78.44,9.41,69.03
2340,858,87,249,3,78.46,9.42,207.12
2341,858,36,102,2,25.53,3.06,44.94
2342,858,25,66,4,136.29,16.35,479.76
2343,858,37,105,1,23.93,2.87,21.06
2344,859,92,265,3,74.75,8.97,197.34
2345,859,54,152,4,31.28,3.75,110.12
2346,859,36,104,5,15.53,1.86,68.35
2347,860,51,144,1,19.92,0.0,19.92
2348,860,11,29,1,41.69,0.0,41.69
2349,861,21,57,1,67.82,0.0,67.82
2350,861,33,95,2,56.53,0.0,113.06
2351,862,27,71,2,12.55,0.0,25.1
2352,863,24,65,2,107.11,0.0,214.22
2353,863,30,83,3,15.27,0.0,45.81
2354,863,9,22,1,56.83,0.0,56.83
2355,864,7,17,1,51.06,6.13,44.93
2356,864,76,214,3,66.03,7.92,174.33
2357,865,1,1,4,193.05,0.0,772.2
2358,865,70,199,2,132.33,0.0,264.66
2359,865,56,160,4,40.28,0.0,161.12
2360,865,52,147,3,97.59,0.0,292.77
2361,866,15,40,5,176.21,0.0,881.05
2362,866,5,14,4,81.21,0.0,324.84
2363,867,4,9,4,99.33,0.0,397.32
2364,867,77,216,4,190.3,0.0,761.2
2365,868,92,265,1,74.75,0.0,74.75
2366,868,55,157,5,17.23,0.0,86.15
2367,868,18,47,1,98.27,0.0,98.27
2368,868,98,281,1,83.39,0.0,83.39
2369,869,47,134,4,97.33,0.0,389.32
2370,869,72,205,2,153.23,0.0,306.46
2371,869,42,120,1,72.62,0.0,72.62
2372,869,82,231,2,21.0,0.0,42.0
2373,870,74,210,1,212.0,0.0,212.0
2374,870,86,244,1,83.71,0.0,83.71
2375,871,37,105,1,23.93,0.0,23.93
2376,872,64,183,2,72.17,0.0,144.34
2377,872,33,94,2,66.53,0.0,133.06
2378,873,70,199,1,132.33,0.0,132.33
2379,874,16,42,2,126.76,0.0,253.52
2380,874,41,118,4,40.66,0.0,162.64
2381,874,1,1,1,193.05,0.0,193.05
2382,874,20,52,2,65.61,0.0,131.22
2383,874,41,118,2,40.66,0.0,81.32
2384,875,73,207,3,192.67,0.0,578.01
2385,875,61,175,3,69.85,0.0,209.55
2386,876,59,170,1,73.83,0.0,73.83
2387,876,15,39,5,161.21,0.0,806.05
2388,877,33,95,5,56.53,6.78,248.75
2389,877,92,265,1,74.75,8.97,65.78
2390,878,44,126,2,22.65,2.72,39.86
2391,878,6,16,1,126.76,15.21,111.55
2392,879,40,116,1,143.52,17.22,126.3
2393,879,33,95,3,56.53,6.78,149.25
2394,879,79,221,3,148.61,17.83,392.34
2395,880,34,97,2,89.03,10.68,156.7
2396,880,69,198,2,25.8,3.1,45.4
2397,881,15,40,3,176.21,0.0,528.63
2398,881,45,129,1,47.45,0.0,47.45
2399,881,35,100,1,32.33,0.0,32.33
2400,881,58,166,2,61.21,0.0,122.42
2401,882,96,275,1,92.44,11.09,81.35
2402,882,47,135,4,79.33,9.52,279.24
2403,883,1,2,1,188.05,22.57,165.48
2404,883,9,22,1,56.83,6.82,50.01
2405,883,73,206,1,195.67,23.48,172.19
2406,884,34,97,4,89.03,0.0,356.12
2407,884,93,269,4,41.84,0.0,167.36
2408,884,5,14,2,81.21,0.0,162.42
2409,884,80,224,2,213.05,0.0,426.1
2410,884,25,66,4,136.29,0.0,545.16
2411,884,70,199,1,132.33,0.0,132.33
2412,885,7,17,5,51.06,0.0,255.3
2413,885,3,6,2,147.59,0.0,295.18
2414,885,95,274,2,7.88,0.0,15.76
2415,885,76,214,5,66.03,0.0,330.15
2416,886,44,125,2,40.65,4.88,71.54
2417,886,13,33,3,140.62,16.87,371.25
2418,886,45,128,1,29.45,3.53,25.92
2419,886,20,54,4,60.61,7.27,213.36
2420,887,73,208,1,198.67,23.84,174.83
2421,888,37,106,2,18.93,0.0,37.86
2422,888,1,1,1,193.05,0.0,193.05
2423,888,72,205,1,153.23,0.0,153.23
2424,889,15,39,3,161.21,19.35,425.58
2425,889,69,197,2,22.8,2.74,40.12
2426,889,16,43,2,136.76,16.41,240.7
2427,890,82,231,2,21.0,2.52,36.96
2428,890,21,57,1,67.82,8.14,59.68
2429,890,42,119,2,40.62,4.87,71.5
2430,890,2,3,2,81.92,9.83,144.18
2431,890,60,172,1,18.2,2.18,16.02
2432,890,20,53,4,75.61,9.07,266.16
2433,891,100,286,1,56.34,6.76,49.58
2434,892,13,35,1,145.62,0.0,145.62
2435,893,30,83,1,15.27,1.83,13.44
2436,893,92,265,2,74.75,8.97,131.56
2437,893,35,99,2,27.33,3.28,48.1
2438,893,45,129,3,47.45,5.69,125.28
2439,893,31,85,2,52.47,6.3,92.34
2440,893,3,5,1,132.59,15.91,116.68
2441,894,57,164,2,26.38,0.0,52.76
2442,894,31,84,1,47.47,0.0,47.47
2443,895,31,84,3,47.47,0.0,142.41
2444,895,77,217,2,190.3,0.0,380.6
2445,896,14,38,4,93.42,11.21,328.84
2446,896,32,89,1,171.3,20.56,150.74
2447,896,37,105,3,23.93,2.87,63.18
2448,896,45,128,1,29.45,3.53,25.92
2449,896,70,200,2,129.33,15.52,227.62
2450,897,68,196,2,165.66,0.0,331.32
2451,897,41,118,1,40.66,0.0,40.66
2452,897,31,86,2,52.47,0.0,104.94
2453,898,76,214,1,66.03,7.92,58.11
2454,898,28,75,4,153.25,18.39,539.44
2455,899,96,276,2,78.44,0.0,156.88
2456,899,27,71,4,12.55,0.0,50.2
2457,899,64,183,1,72.17,0.0,72.17
2458,899,22,58,1,138.97,0.0,138.97
2459,899,91,259,3,35.66,0.0,106.98
2460,900,54,153,2,13.28,0.0,26.56
2461,900,60,172,2,18.2,0.0,36.4
2462,900,39,110,1,58.78,0.0,58.78
2463,900,22,59,1,148.97,0.0,148.97
2464,900,32,90,2,176.3,0.0,352.6
2465,900,46,130,2,70.22,0.0,140.44
2466,901,98,282,2,69.39,0.0,138.78
2467,901,3,5,1,132.59,0.0,132.59
2468,901,78,218,2,83.43,0.0,166.86
2469,901,12,31,1,258.11,0.0,258.11
2470,901,10,25,1,241.5,0.0,241.5
2471,902,43,124,2,44.67,0.0,89.34
2472,903,85,240,2,18.14,2.18,31.92
2473,903,23,60,1,33.88,4.07,29.81
2474,903,73,207,1,192.67,23.12,169.55
2475,903,14,37,1,83.42,10.01,73.41
2476,903,15,39,2,161.21,19.35,283.72
2477,904,40,114,1,128.52,0.0,128.52
2478,904,43,123,4,12.67,0.0,50.68
2479,904,20,53,5,75.61,0.0,378.05
2480,904,51,143,1,37.92,0.0,37.92
2481,905,59,170,2,73.83,0.0,147.66
2482,906,5,12,1,81.21,9.75,71.46
2483,906,65,186,1,154.37,18.52,135.85
2484,906,26,68,1,69.15,8.3,60.85
2485,906,16,43,1,136.76,16.41,120.35
2486,906,23,60,2,33.88,4.07,59.62
2487,906,30,83,3,15.27,1.83,40.32
2488,907,91,258,3,21.66,0.0,64.98
2489,908,86,245,1,85.71,0.0,85.71
2490,908,29,80,1,140.1,0.0,140.1
2491,908,89,253,1,73.85,0.0,73.85
2492,908,23,62,2,48.88,0.0,97.76
2493,908,35,99,3,27.33,0.0,81.99
2494,908,8,21,1,183.95,0.0,183.95
2495,909,9,22,4,56.83,6.82,200.04
2496,910,39,112,2,53.78,0.0,107.56
2497,911,43,124,4,44.67,0.0,178.68
2498,911,12,31,1,258.11,0.0,258.11
2499,911,9,23,3,61.83,0.0,185.49
2500,911,70,200,2,129.33,0.0,258.66
2501,911,51,143,3,37.92,0.0,113.76
2502,912,72,204,1,156.23,18.75,137.48
2503,912,21,56,3,72.82,8.74,192.24
2504,913,8,20,2,193.95,23.27,341.36
2505,913,28,74,1,158.25,18.99,139.26
2506,913,32,91,3,186.3,22.36,491.82
2507,913,7,18,1,51.06,6.13,44.93
2508,914,53,151,4,44.71,0.0,178.84
2509,914,11,29,1,41.69,0.0,41.69
2510,914,92,265,3,74.75,0.0,224.25
2511,914,19,49,2,207.14,0.0,414.28
2512,914,83,233,1,35.04,0.0,35.04
2513,915,12,32,3,243.11,0.0,729.33
2514,915,71,201,5,15.78,0.0,78.9
2515,915,36,101,5,15.53,0.0,77.65
2516,915,47,134,5,97.33,0.0,486.65
2517,915,68,193,1,165.66,0.0,165.66
2518,916,63,182,2,65.54,7.86,115.36
2519,917,14,36,4,78.42,0.0,313.68
2520,917,16,43,4,136.76,0.0,547.04
2521,917,2,3,3,81.92,0.0,245.76
2522,918,9,23,1,61.83,7.42,54.41
2523,918,71,203,2,18.78,2.25,33.06
2524,918,58,165,3,43.21,5.19,114.06
2525,918,99,284,1,49.51,5.94,43.57
2526,919,41,117,5,22.66,2.72,99.7
2527,919,52,146,2,65.59,7.87,115.44
2528,919,58,165,1,43.21,5.19,38.02
2529,920,70,200,3,129.33,15.52,341.43
2530,920,91,259,4,35.66,4.28,125.52
2531,921,25,66,1,136.29,16.35,119.94
2532,921,46,133,1,88.22,10.59,77.63
2533,921,13,35,3,145.62,17.47,384.45
2534,921,18,48,2,93.27,11.19,164.16
2535,921,64,183,5,72.17,8.66,317.55
2536,922,46,130,2,70.22,8.43,123.58
2537,922,77,217,3,190.3,22.84,502.38
2538,923,19,50,3,192.14,23.06,507.24
2539,923,60,172,2,18.2,2.18,32.04
2540,923,16,44,2,121.76,14.61,214.3
2541,923,40,115,2,133.52,16.02,235.0
2542,923,64,183,1,72.17,8.66,63.51
2543,924,80,223,2,216.05,0.0,432.1
2544,924,12,31,3,258.11,0.0,774.33
2545,924,77,217,3,190.3,0.0,570.9
2546,924,18,47,3,98.27,0.0,294.81
2547,925,38,107,1,159.11,0.0,159.11
2548,925,59,170,2,73.83,0.0,147.66
2549,925,5,11,3,86.21,0.0,258.63
2550,926,39,112,1,53.78,6.45,47.33
2551,927,57,164,2,26.38,3.17,46.42
2552,927,28,74,1,158.25,18.99,139.26
2553,927,34,98,1,79.03,9.48,69.55
2554,928,47,135,2,79.33,9.52,139.62
2555,928,8,20,3,193.95,23.27,512.04
2556,928,8,20,1,193.95,23.27,170.68
2557,929,36,104,4,15.53,0.0,62.12
2558,929,79,220,3,151.61,0.0,454.83
2559,929,5,13,2,96.21,0.0,192.42
2560,929,47,135,2,79.33,0.0,158.66
2561,930,52,147,3,97.59,0.0,292.77
2562,930,86,246,2,85.71,0.0,171.42
2563,931,19,51,4,192.14,23.06,676.32
2564,931,4,7,3,84.33,10.12,222.63
2565,931,10,26,3,251.5,30.18,663.96
2566,932,77,217,3,190.3,22.84,502.38
2567,932,84,237,5,38.36,4.6,168.8
2568,932,79,220,2,151.61,18.19,266.84
2569,932,91,259,3,35.66,4.28,94.14
2570,932,63,181,1,65.54,7.86,57.68
2571,933,26,68,4,69.15,0.0,276.6
2572,933,88,251,2,33.4,0.0,66.8
2573,934,30,81,1,25.27,0.0,25.27
2574,935,28,76,3,158.25,18.99,417.78
2575,935,82,231,3,21.0,2.52,55.44
2576,935,64,184,2,66.17,7.94,116.46
2577,935,9,24,4,56.83,6.82,200.04
2578,936,71,202,1,18.78,0.0,18.78
2579,937,24,64,2,112.11,13.45,197.32
2580,937,12,32,2,243.11,29.17,427.88
2581,937,51,143,2,37.92,4.55,66.74
2582,938,4,9,1,99.33,0.0,99.33
2583,938,3,5,3,132.59,0.0,397.77
2584,938,93,267,2,29.84,0.0,59.68
2585,938,26,69,1,64.15,0.0,64.15
2586,938,4,8,3,89.33,0.0,267.99
2587,939,45,129,1,47.45,0.0,47.45
2588,939,64,183,2,72.17,0.0,144.34
2589,940,87,247,2,64.46,0.0,128.92
2590,940,41,117,1,22.66,0.0,22.66
2591,940,11,29,1,41.69,0.0,41.69
2592,940,38,107,3,159.11,0.0,477.33
2593,940,6,16,4,126.76,0.0,507.04
2594,940,85,241,3,6.14,0.0,18.42
2595,941,8,21,3,183.95,0.0,551.85
2596,941,15,40,2,176.21,0.0,352.42
2597,941,25,66,4,136.29,0.0,545.16
2598,941,59,170,3,73.83,0.0,221.49
2599,942,30,83,1,15.27,1.83,13.44
2600,942,7,19,1,56.06,6.73,49.33
2601,942,63,181,4,65.54,7.86,230.72
2602,943,18,47,3,98.27,11.79,259.44
2603,943,34,98,5,79.03,9.48,347.75
2604,944,53,149,5,44.71,5.37,196.7
2605,944,55,157,2,17.23,2.07,30.32
2606,944,22,59,1,148.97,17.88,131.09
2607,944,72,205,2,153.23,18.39,269.68
2608,944,17,46,2,83.41,10.01,146.8
2609,945,21,57,3,67.82,8.14,179.04
2610,946,34,96,2,79.03,0.0,158.06
2611,946,1,2,4,188.05,0.0,752.2
2612,947,24,63,3,122.11,14.65,322.38
2613,947,62,179,2,147.25,17.67,259.16
2614,948,54,152,3,31.28,3.75,82.59
2615,948,40,113,5,133.52,16.02,587.5
2616,948,21,57,1,67.82,8.14,59.68
2617,949,6,15,3,111.76,0.0,335.28
2618,949,45,128,3,29.45,0.0,88.35
2619,949,97,279,2,39.57,0.0,79.14
2620,949,75,213,4,44.67,0.0,178.68
2621,949,65,185,1,154.37,0.0,154.37
2622,949,11,30,2,36.69,0.0,73.38
2623,950,81,226,1,61.08,0.0,61.08
2624,950,84,236,1,50.36,0.0,50.36
2625,950,38,108,2,174.11,0.0,348.22
2626,950,42,119,1,40.62,0.0,40.62
2627,950,3,6,1,147.59,0.0,147.59
2628,950,2,3,2,81.92,0.0,163.84
2629,951,70,200,1,129.33,0.0,129.33
2630,951,12,31,5,258.11,0.0,1290.55
2631,952,95,274,1,7.88,0.95,6.93
2632,952,16,42,2,126.76,15.21,223.1
2633,953,17,46,2,83.41,0.0,166.82
2634,953,95,273,1,21.88,0.0,21.88
2635,953,72,204,1,156.23,0.0,156.23
2636,953,23,60,3,33.88,0.0,101.64
2637,954,37,106,4,18.93,2.27,66.64
2638,954,63,182,3,65.54,7.86,173.04
2639,954,4,7,1,84.33,10.12,74.21
2640,955,59,167,2,55.83,0.0,111.66
2641,955,51,143,2,37.92,0.0,75.84
2642,956,37,106,3,18.93,0.0,56.79
2643,957,12,32,4,243.11,0.0,972.44
2644,957,31,85,4,52.47,0.0,209.88
2645,958,59,168,2,55.83,0.0,111.66
2646,958,85,240,2,18.14,0.0,36.28
2647,959,70,200,1,129.33,0.0,129.33
2648,959,36,101,5,15.53,0.0,77.65
2649,959,1,2,3,188.05,0.0,564.15
2650,959,23,62,3,48.88,0.0,146.64
2651,959,85,243,1,6.14,0.0,6.14
2652,959,36,101,4,15.53,0.0,62.12
2653,960,33,95,2,56.53,6.78,99.5
2654,961,68,193,3,165.66,0.0,496.98
2655,962,30,83,1,15.27,0.0,15.27
2656,963,93,268,1,29.84,3.58,26.26
2657,963,66,189,1,26.38,3.17,23.21
2658,963,16,41,1,121.76,14.61,107.15
2659,963,15,40,1,176.21,21.15,155.06
2660,964,3,6,1,147.59,0.0,147.59
2661,964,44,127,3,22.65,0.0,67.95
2662,964,85,240,1,18.14,0.0,18.14
2663,965,14,37,2,83.42,0.0,166.84
2664,965,92,263,2,60.75,0.0,121.5
2665,966,9,23,1,61.83,7.42,54.41
2666,966,31,85,1,52.47,6.3,46.17
2667,966,20,54,1,60.61,7.27,53.34
2668,966,20,54,5,60.61,7.27,266.7
2669,967,36,103,1,10.53,1.26,9.27
2670,967,37,105,2,23.93,2.87,42.12
2671,968,36,103,1,10.53,0.0,10.53
2672,968,99,284,1,49.51,0.0,49.51
2673,968,42,120,1,72.62,0.0,72.62
2674,969,67,192,1,77.05,0.0,77.05
2675,969,18,48,4,93.27,0.0,373.08
2676,970,69,198,2,25.8,0.0,51.6
2677,970,42,119,2,40.62,0.0,81.24
2678,971,67,191,1,83.05,9.97,73.08
2679,971,48,137,1,45.39,5.45,39.94
2680,971,57,164,1,26.38,3.17,23.21
2681,972,49,139,4,38.68,4.64,136.16
2682,972,32,90,3,176.3,21.16,465.42
2683,972,64,183,1,72.17,8.66,63.51
2684,972,4,10,2,84.33,10.12,148.42
2685,972,25,67,2,126.29,15.15,222.28
2686,973,61,176,2,66.85,8.02,117.66
2687,973,13,34,4,155.62,18.67,547.8
2688,973,6,16,2,126.76,15.21,223.1
2689,974,97,279,1,39.57,0.0,39.57
2690,975,88,252,5,33.4,0.0,167.0
2691,976,12,31,1,258.11,0.0,258.11
2692,976,1,2,1,188.05,0.0,188.05
2693,977,63,182,4,65.54,0.0,262.16
2694,977,24,63,1,122.11,0.0,122.11
2695,978,28,74,5,158.25,18.99,696.3
2696,978,47,135,5,79.33,9.52,349.05
2697,979,54,152,1,31.28,0.0,31.28
2698,979,5,12,1,81.21,0.0,81.21
2699,979,56,158,5,72.28,0.0,361.4
2700,979,84,238,2,38.36,0.0,76.72
2701,980,55,156,1,17.23,0.0,17.23
2702,980,40,113,1,133.52,0.0,133.52
2703,980,18,47,3,98.27,0.0,294.81
2704,980,80,224,4,213.05,0.0,852.2
2705,980,21,56,4,72.82,0.0,291.28
2706,981,11,29,1,41.69,0.0,41.69
2707,981,20,55,1,60.61,0.0,60.61
2708,981,14,38,1,93.42,0.0,93.42
2709,981,35,99,2,27.33,0.0,54.66
2710,981,84,236,1,50.36,0.0,50.36
2711,982,10,26,3,251.5,0.0,754.5
2712,983,54,153,2,13.28,1.59,23.38
2713,983,40,113,4,133.52,16.02,470.0
2714,984,19,50,2,192.14,23.06,338.16
2715,984,87,248,1,66.46,7.98,58.48
2716,985,98,281,1,83.39,0.0,83.39
2717,986,39,110,4,58.78,0.0,235.12
2718,986,68,194,3,168.66,0.0,505.98
2719,987,11,30,2,36.69,4.4,64.58
2720,988,21,56,3,72.82,8.74,192.24
2721,988,36,102,1,25.53,3.06,22.47
2722,988,47,134,1,97.33,11.68,85.65
2723,988,83,233,3,35.04,4.2,92.52
2724,989,16,41,1,121.76,0.0,121.76
2725,989,9,23,1,61.83,0.0,61.83
2726,989,8,20,3,193.95,0.0,581.85
2727,989,2,4,2,86.92,0.0,173.84
2728,990,71,202,5,18.78,0.0,93.9
2729,990,74,210,1,212.0,0.0,212.0
2730,990,18,48,1,93.27,0.0,93.27
2731,990,16,43,3,136.76,0.0,410.28
2732,991,19,51,3,192.14,23.06,507.24
2733,992,81,228,4,63.08,0.0,252.32
2734,992,89,254,3,59.85,0.0,179.55
2735,993,48,136,3,45.39,0.0,136.17
2736,993,30,82,1,10.27,0.0,10.27
2737,994,76,215,1,63.03,0.0,63.03
2738,994,21,57,3,67.82,0.0,203.46
2739,995,18,48,5,93.27,11.19,410.4
2740,995,30,83,1,15.27,1.83,13.44
2741,996,28,76,2,158.25,18.99,278.52
2742,996,69,197,1,22.8,2.74,20.06
2743,996,65,186,1,154.37,18.52,135.85
2744,996,87,249,1,78.46,9.42,69.04
2745,997,1,2,1,188.05,22.57,165.48
2746,997,51,144,2,19.92,2.39,35.06
2747,997,25,67,1,126.29,15.15,111.14
2748,997,44,126,1,22.65,2.72,19.93
2749,998,43,124,1,44.67,0.0,44.67
2750,999,79,221,2,148.61,17.83,261.56
2751,999,74,210,1,212.0,25.44,186.56
2752,999,45,129,4,47.45,5.69,167.04
2753,999,22,58,2,138.97,16.68,244.58
2754,1000,53,150,1,76.71,0.0,76.71
2755,1000,52,146,1,65.59,0.0,65.59
2756,1000,47,135,1,79.33,0.0,79.33
2757,1000,80,223,1,216.05,0.0,216.05
2758,1000,65,187,5,151.37,0.0,756.85
2759,1001,72,204,2,156.23,0.0,312.46
2760,1002,2,3,1,81.92,0.0,81.92
2761,1002,27,73,3,7.55,0.0,22.65
2762,1003,49,138,1,20.68,2.48,18.2
2763,1004,97,280,1,39.57,0.0,39.57
2764,1005,19,51,5,192.14,23.06,845.4
2765,1005,55,154,1,35.23,4.23,31.0
2766,1006,11,29,4,41.69,5.0,146.76
2767,1006,16,44,2,121.76,14.61,214.3
2768,1007,90,257,4,52.11,6.25,183.44
2769,1007,13,34,1,155.62,18.67,136.95
2770,1008,3,6,1,147.59,17.71,129.88
2771,1009,78,219,3,80.43,0.0,241.29
2772,1009,95,273,2,21.88,0.0,43.76
2773,1009,79,220,4,151.61,0.0,606.44
2774,1010,23,61,3,38.88,0.0,116.64
2775,1010,3,6,4,147.59,0.0,590.36
2776,1010,6,15,3,111.76,0.0,335.28
2777,1010,71,203,1,18.78,0.0,18.78
2778,1011,61,176,1,66.85,8.02,58.83
2779,1012,55,156,4,17.23,0.0,68.92
2780,1013,91,261,2,23.66,0.0,47.32
2781,1014,81,227,1,63.08,7.57,55.51
2782,1014,67,191,1,83.05,9.97,73.08
2783,1014,33,94,2,66.53,7.98,117.1
2784,1015,3,6,1,147.59,17.71,129.88
2785,1015,76,215,2,63.03,7.56,110.94
2786,1016,88,252,1,33.4,0.0,33.4
2787,1016,65,185,2,154.37,0.0,308.74
2788,1016,29,79,2,140.1,0.0,280.2
2789,1016,19,49,1,207.14,0.0,207.14
2790,1016,91,258,2,21.66,0.0,43.32
2791,1017,27,71,1,12.55,1.51,11.04
2792,1018,20,53,2,75.61,0.0,151.22
2793,1018,70,199,3,132.33,0.0,396.99
2794,1018,12,31,1,258.11,0.0,258.11
2795,1018,90,257,5,52.11,0.0,260.55
2796,1019,35,99,1,27.33,0.0,27.33
2797,1019,97,279,2,39.57,0.0,79.14
2798,1020,59,169,1,87.83,0.0,87.83
2799,1020,26,70,2,69.15,0.0,138.3
2800,1020,81,228,1,63.08,0.0,63.08
2801,1020,14,36,2,78.42,0.0,156.84
2802,1021,10,28,5,236.5,0.0,1182.5
2803,1021,80,225,2,213.05,0.0,426.1
2804,1022,94,271,1,24.87,0.0,24.87
2805,1022,30,83,2,15.27,0.0,30.54
2806,1022,38,107,5,159.11,0.0,795.55
2807,1022,73,206,2,195.67,0.0,391.34
2808,1023,88,252,4,33.4,0.0,133.6
2809,1023,80,224,1,213.05,0.0,213.05
2810,1023,100,287,1,44.34,0.0,44.34
2811,1023,68,195,1,162.66,0.0,162.66
2812,1023,78,218,2,83.43,0.0,166.86
2813,1023,4,8,2,89.33,0.0,178.66
2814,1024,63,181,1,65.54,0.0,65.54
2815,1024,63,182,1,65.54,0.0,65.54
2816,1024,52,146,1,65.59,0.0,65.59
2817,1025,50,140,3,111.34,0.0,334.02
2818,1025,6,16,1,126.76,0.0,126.76
2819,1025,18,48,3,93.27,0.0,279.81
2820,1025,4,8,3,89.33,0.0,267.99
2821,1026,43,123,1,12.67,0.0,12.67
2822,1026,27,71,4,12.55,0.0,50.2
2823,1026,77,216,1,190.3,0.0,190.3
2824,1027,44,126,5,22.65,0.0,113.25
2825,1027,18,48,1,93.27,0.0,93.27
2826,1028,77,216,5,190.3,0.0,951.5
2827,1028,47,135,3,79.33,0.0,237.99
2828,1028,44,125,4,40.65,0.0,162.6
2829,1028,13,35,4,145.62,0.0,582.48
2830,1029,2,3,1,81.92,0.0,81.92
2831,1029,14,37,3,83.42,0.0,250.26
2832,1030,73,207,2,192.67,0.0,385.34
2833,1031,13,34,2,155.62,0.0,311.24
2834,1032,91,259,3,35.66,0.0,106.98
2835,1032,1,2,4,188.05,0.0,752.2
2836,1032,17,46,4,83.41,0.0,333.64
2837,1032,11,29,3,41.69,0.0,125.07
2838,1033,1,1,5,193.05,0.0,965.25
2839,1033,53,150,2,76.71,0.0,153.42
2840,1033,71,203,1,18.78,0.0,18.78
2841,1034,18,47,1,98.27,0.0,98.27
2842,1035,78,218,1,83.43,0.0,83.43
2843,1035,42,120,1,72.62,0.0,72.62
2844,1035,33,94,1,66.53,0.0,66.53
2845,1035,49,139,4,38.68,0.0,154.72
2846,1035,75,211,4,47.67,0.0,190.68
2847,1036,2,4,2,86.92,0.0,173.84
2848,1036,50,142,1,79.34,0.0,79.34
2849,1036,48,136,2,45.39,0.0,90.78
2850,1036,84,238,3,38.36,0.0,115.08
2851,1037,16,41,2,121.76,0.0,243.52
2852,1037,75,212,1,50.67,0.0,50.67
2853,1038,28,75,3,153.25,0.0,459.75
2854,1038,75,212,4,50.67,0.0,202.68
2855,1038,27,73,1,7.55,0.0,7.55
2856,1038,52,146,3,65.59,0.0,196.77
2857,1039,11,30,3,36.69,0.0,110.07
2858,1039,46,132,1,102.22,0.0,102.22
2859,1039,68,196,2,165.66,0.0,331.32
2860,1039,20,54,2,60.61,0.0,121.22
2861,1039,30,82,1,10.27,0.0,10.27
2862,1040,53,149,3,44.71,0.0,134.13
2863,1040,8,21,5,183.95,0.0,919.75
2864,1041,9,22,1,56.83,0.0,56.83
2865,1041,45,128,1,29.45,0.0,29.45
2866,1042,54,152,3,31.28,0.0,93.84
2867,1042,15,39,1,161.21,0.0,161.21
2868,1042,12,31,2,258.11,0.0,516.22
2869,1042,90,256,1,38.11,0.0,38.11
2870,1043,50,140,3,111.34,0.0,334.02
2871,1044,94,271,2,24.87,0.0,49.74
2872,1045,86,245,3,85.71,0.0,257.13
2873,1045,7,19,5,56.06,0.0,280.3
2874,1045,56,160,4,40.28,0.0,161.12
2875,1045,44,126,2,22.65,0.0,45.3
2876,1045,15,40,4,176.21,0.0,704.84
2877,1046,86,245,1,85.71,0.0,85.71
2878,1046,3,5,2,132.59,0.0,265.18
2879,1047,63,182,2,65.54,0.0,131.08
2880,1047,14,38,2,93.42,0.0,186.84
2881,1048,85,240,2,18.14,0.0,36.28
2882,1048,22,59,1,148.97,0.0,148.97
2883,1048,29,80,1,140.1,0.0,140.1
2884,1049,2,3,4,81.92,0.0,327.68
2885,1050,18,48,3,93.27,0.0,279.81
2886,1051,80,225,3,213.05,0.0,639.15
2887,1051,75,213,3,44.67,0.0,134.01
2888,1051,2,3,1,81.92,0.0,81.92
2889,1052,83,235,5,35.04,0.0,175.2
2890,1052,46,132,4,102.22,0.0,408.88
2891,1052,80,224,3,213.05,0.0,639.15
2892,1052,36,104,2,15.53,0.0,31.06
2893,1052,76,214,3,66.03,0.0,198.09
2894,1053,19,49,2,207.14,0.0,414.28
2895,1053,78,218,1,83.43,0.0,83.43
2896,1053,68,193,5,165.66,0.0,828.3
2897,1054,21,57,1,67.82,0.0,67.82
2898,1054,35,100,1,32.33,0.0,32.33
2899,1054,23,60,1,33.88,0.0,33.88
2900,1055,72,205,1,153.23,0.0,153.23
2901,1055,40,114,1,128.52,0.0,128.52
2902,1055,31,85,3,52.47,0.0,157.41
2903,1055,56,161,2,40.28,0.0,80.56
2904,1056,78,219,2,80.43,0.0,160.86
2905,1056,71,201,1,15.78,0.0,15.78
2906,1057,66,188,3,32.38,0.0,97.14
2907,1057,46,132,2,102.22,0.0,204.44
2908,1057,74,210,3,212.0,0.0,636.0
2909,1058,51,144,1,19.92,0.0,19.92
2910,1058,18,48,2,93.27,0.0,186.54
2911,1058,23,60,1,33.88,0.0,33.88
2912,1058,31,87,3,62.47,0.0,187.41
2913,1059,54,152,2,31.28,0.0,62.56
2914,1059,66,188,2,32.38,0.0,64.76
2915,1059,45,128,2,29.45,0.0,58.9
2916,1060,52,146,4,65.59,0.0,262.36
2917,1060,42,120,1,72.62,0.0,72.62
2918,1060,83,234,1,33.04,0.0,33.04
2919,1061,37,106,2,18.93,0.0,37.86
2920,1061,54,152,4,31.28,0.0,125.12
2921,1061,60,171,1,18.2,0.0,18.2
2922,1062,28,75,2,153.25,0.0,306.5
2923,1062,93,268,2,29.84,0.0,59.68
2924,1062,40,113,2,133.52,0.0,267.04
2925,1063,27,73,1,7.55,0.0,7.55
2926,1064,83,233,1,35.04,0.0,35.04
2927,1065,13,34,1,155.62,0.0,155.62
2928,1066,10,27,3,236.5,0.0,709.5
2929,1066,26,68,4,69.15,0.0,276.6
2930,1066,94,271,2,24.87,0.0,49.74
2931,1067,56,159,1,58.28,0.0,58.28
2932,1068,18,47,3,98.27,0.0,294.81
2933,1068,58,165,3,43.21,0.0,129.63
2934,1068,99,284,4,49.51,0.0,198.04
2935,1068,23,61,4,38.88,0.0,155.52
2936,1069,19,49,1,207.14,0.0,207.14
2937,1069,12,31,1,258.11,0.0,258.11
2938,1069,17,46,1,83.41,0.0,83.41
2939,1069,29,80,3,140.1,0.0,420.3
2940,1070,88,251,1,33.4,0.0,33.4
2941,1071,55,157,4,17.23,0.0,68.92
2942,1071,16,42,1,126.76,0.0,126.76
2943,1071,62,178,1,150.25,0.0,150.25
2944,1072,12,32,3,243.11,0.0,729.33
2945,1072,67,191,4,83.05,0.0,332.2
2946,1072,76,215,5,63.03,0.0,315.15
2947,1073,52,147,2,97.59,0.0,195.18
2948,1073,14,37,2,83.42,0.0,166.84
2949,1074,32,90,1,176.3,0.0,176.3
2950,1074,23,60,2,33.88,0.0,67.76
2951,1074,27,71,1,12.55,0.0,12.55
2952,1074,83,235,1,35.04,0.0,35.04
2953,1075,53,151,3,44.71,0.0,134.13
2954,1075,59,170,4,73.83,0.0,295.32
2955,1075,14,36,1,78.42,0.0,78.42
2956,1075,2,4,4,86.92,0.0,347.68
2957,1075,26,68,4,69.15,0.0,276.6
2958,1076,20,52,2,65.61,0.0,131.22
2959,1077,34,96,1,79.03,0.0,79.03
2960,1078,40,115,3,133.52,0.0,400.56
2961,1078,10,25,3,241.5,0.0,724.5
2962,1078,67,191,1,83.05,0.0,83.05
2963,1079,34,96,1,79.03,0.0,79.03
2964,1080,79,221,2,148.61,0.0,297.22
2965,1080,85,240,2,18.14,0.0,36.28
2966,1081,40,113,3,133.52,0.0,400.56
2967,1082,46,133,4,88.22,0.0,352.88
2968,1082,37,106,1,18.93,0.0,18.93
2969,1083,12,31,1,258.11,0.0,258.11
2970,1084,51,144,1,19.92,0.0,19.92
2971,1085,55,154,1,35.23,0.0,35.23
2972,1085,73,207,1,192.67,0.0,192.67
2973,1086,57,164,3,26.38,0.0,79.14
2974,1086,83,234,1,33.04,0.0,33.04
2975,1086,55,157,1,17.23,0.0,17.23
2976,1087,93,266,3,27.84,0.0,83.52
2977,1087,49,138,3,20.68,0.0,62.04
2978,1087,99,284,2,49.51,0.0,99.02
2979,1087,10,26,2,251.5,0.0,503.0
2980,1087,69,198,1,25.8,0.0,25.8
2981,1087,74,210,1,212.0,0.0,212.0
2982,1088,7,19,2,56.06,0.0,112.12
2983,1088,92,263,1,60.75,0.0,60.75
2984,1089,37,106,2,18.93,0.0,37.86
2985,1089,95,272,1,9.88,0.0,9.88
2986,1089,8,20,2,193.95,0.0,387.9
2987,1090,1,1,2,193.05,0.0,386.1
2988,1091,59,167,1,55.83,0.0,55.83
2989,1092,15,39,2,161.21,0.0,322.42
2990,1093,56,159,4,58.28,0.0,233.12
2991,1093,12,32,3,243.11,0.0,729.33
2992,1093,6,16,2,126.76,0.0,253.52
2993,1093,19,49,3,207.14,0.0,621.42
2994,1093,85,242,2,4.99,0.0,9.98
2995,1094,19,51,1,192.14,0.0,192.14
2996,1095,70,200,2,129.33,0.0,258.66
2997,1095,79,220,4,151.61,0.0,606.44
2998,1095,42,121,3,40.62,0.0,121.86
2999,1095,4,9,5,99.33,0.0,496.65
3000,1095,23,62,2,48.88,0.0,97.76
3001,1096,12,32,3,243.11,0.0,729.33
3002,1096,10,26,2,251.5,0.0,503.0
3003,1096,26,69,2,64.15,0.0,128.3
3004,1097,55,157,3,17.23,0.0,51.69
3005,1097,13,33,3,140.62,0.0,421.86
3006,1097,51,143,3,37.92,0.0,113.76
3007,1098,41,117,2,22.66,0.0,45.32
3008,1098,26,70,2,69.15,0.0,138.3
3009,1098,60,173,3,36.2,0.0,108.6
3010,1099,11,29,2,41.69,0.0,83.38
3011,1099,64,183,4,72.17,0.0,288.68
3012,1099,42,120,3,72.62,0.0,217.86
3013,1100,5,14,1,81.21,0.0,81.21
3014,1100,22,59,2,148.97,0.0,297.94
3015,1100,66,188,2,32.38,0.0,64.76
3016,1100,14,36,1,78.42,0.0,78.42
3017,1101,27,72,1,22.55,0.0,22.55
3018,1101,76,215,2,63.03,0.0,126.06
3019,1101,10,27,1,236.5,0.0,236.5
3020,1102,14,38,3,93.42,0.0,280.26
3021,1102,42,121,1,40.62,0.0,40.62
3022,1102,44,125,3,40.65,0.0,121.95
3023,1102,34,97,3,89.03,0.0,267.09
3024,1103,78,218,5,83.43,0.0,417.15
3025,1103,57,164,1,26.38,0.0,26.38
3026,1104,90,257,1,52.11,0.0,52.11
3027,1105,11,30,1,36.69,0.0,36.69
3028,1105,11,30,3,36.69,0.0,110.07
3029,1105,85,243,1,6.14,0.0,6.14
3030,1105,47,134,5,97.33,0.0,486.65
3031,1105,85,243,1,6.14,0.0,6.14
3032,1106,52,147,1,97.59,0.0,97.59
3033,1107,100,285,1,42.34,0.0,42.34
3034,1107,49,138,2,20.68,0.0,41.36
3035,1107,66,190,1,29.38,0.0,29.38
3036,1107,41,118,1,40.66,0.0,40.66
3037,1108,37,105,1,23.93,0.0,23.93
3038,1108,62,178,1,150.25,0.0,150.25
3039,1108,7,17,2,51.06,0.0,102.12
3040,1109,77,217,2,190.3,0.0,380.6
3041,1110,27,72,3,22.55,0.0,67.65
3042,1110,17,45,2,88.41,0.0,176.82
3043,1110,52,147,2,97.59,0.0,195.18
3044,1111,70,200,1,129.33,0.0,129.33
3045,1112,40,113,2,133.52,0.0,267.04
3046,1112,76,215,2,63.03,0.0,126.06
3047,1112,54,152,1,31.28,0.0,31.28
3048,1113,25,67,2,126.29,0.0,252.58
3049,1113,23,61,4,38.88,0.0,155.52
3050,1113,51,144,3,19.92,0.0,59.76
3051,1113,93,267,2,29.84,0.0,59.68
3052,1114,13,33,2,140.62,0.0,281.24
3053,1114,44,126,2,22.65,0.0,45.3
3054,1114,47,134,5,97.33,0.0,486.65
3055,1114,65,186,2,154.37,0.0,308.74
3056,1114,94,271,3,24.87,0.0,74.61
3057,1115,97,279,1,39.57,0.0,39.57
3058,1116,80,225,1,213.05,0.0,213.05
3059,1116,1,2,2,188.05,0.0,376.1
3060,1116,74,210,1,212.0,0.0,212.0
3061,1117,23,60,2,33.88,0.0,67.76
3062,1117,78,218,1,83.43,0.0,83.43
3063,1117,66,188,1,32.38,0.0,32.38
3064,1117,77,216,1,190.3,0.0,190.3
3065,1118,91,258,1,21.66,0.0,21.66
3066,1119,8,20,1,193.95,0.0,193.95
3067,1119,66,189,1,26.38,0.0,26.38
3068,1119,25,66,2,136.29,0.0,272.58
3069,1120,77,216,1,190.3,0.0,190.3
3070,1120,97,280,2,39.57,0.0,79.14
3071,1120,70,200,2,129.33,0.0,258.66
3072,1121,11,29,2,41.69,0.0,83.38
3073,1121,95,273,1,21.88,0.0,21.88
3074,1122,1,1,1,193.05,0.0,193.05
3075,1122,13,35,2,145.62,0.0,291.24
3076,1123,53,151,4,44.71,0.0,178.84
3077,1123,28,75,1,153.25,0.0,153.25
3078,1123,10,28,1,236.5,0.0,236.5
3079,1123,18,47,2,98.27,0.0,196.54
3080,1124,52,146,1,65.59,0.0,65.59
3081,1124,20,54,1,60.61,0.0,60.61
3082,1125,33,95,2,56.53,0.0,113.06
3083,1125,25,67,3,126.29,0.0,378.87
3084,1125,48,137,1,45.39,0.0,45.39
3085,1126,72,204,2,156.23,0.0,312.46
3086,1126,13,33,2,140.62,0.0,281.24
3087,1126,52,146,1,65.59,0.0,65.59
3088,1126,75,211,1,47.67,0.0,47.67
3089,1126,63,181,1,65.54,0.0,65.54
3090,1127,82,232,5,33.0,0.0,165.0
3091,1127,23,62,1,48.88,0.0,48.88
3092,1127,73,207,2,192.67,0.0,385.34
3093,1127,88,252,1,33.4,0.0,33.4
3094,1128,51,144,2,19.92,0.0,39.84
3095,1129,75,213,3,44.67,0.0,134.01
3096,1129,14,38,3,93.42,0.0,280.26
3097,1129,37,106,2,18.93,0.0,37.86
3098,1130,11,30,2,36.69,0.0,73.38
3099,1131,58,166,5,61.21,0.0,306.05
3100,1131,19,51,3,192.14,0.0,576.42
3101,1131,53,148,3,62.71,0.0,188.13
3102,1132,67,192,3,77.05,0.0,231.15
3103,1133,69,198,2,25.8,0.0,51.6
3104,1134,72,205,1,153.23,0.0,153.23
3105,1134,4,7,4,84.33,0.0,337.32
3106,1135,77,217,2,190.3,0.0,380.6
3107,1136,12,31,3,258.11,0.0,774.33
3108,1136,60,172,2,18.2,0.0,36.4
3109,1136,74,210,5,212.0,0.0,1060.0
3110,1137,71,201,5,15.78,0.0,78.9
3111,1137,65,186,2,154.37,0.0,308.74
3112,1137,54,153,1,13.28,0.0,13.28
3113,1137,47,135,1,79.33,0.0,79.33
3114,1137,56,160,4,40.28,0.0,161.12
3115,1138,32,89,1,171.3,0.0,171.3
3116,1138,95,272,5,9.88,0.0,49.4
3117,1139,10,26,5,251.5,0.0,1257.5
3118,1139,39,112,2,53.78,0.0,107.56
3119,1139,10,26,2,251.5,0.0,503.0
3120,1139,56,161,1,40.28,0.0,40.28
3121,1139,6,16,1,126.76,0.0,126.76
3122,1140,22,59,2,148.97,0.0,297.94
3123,1140,37,105,5,23.93,0.0,119.65
3124,1140,7,18,3,51.06,0.0,153.18
3125,1141,20,55,1,60.61,0.0,60.61
3126,1142,21,57,2,67.82,0.0,135.64
3127,1142,49,138,3,20.68,0.0,62.04
3128,1142,54,153,2,13.28,0.0,26.56
3129,1143,97,279,4,39.57,0.0,158.28
3130,1144,34,96,2,79.03,0.0,158.06
3131,1144,1,2,4,188.05,0.0,752.2
3132,1144,81,228,5,63.08,0.0,315.4
3133,1145,58,166,2,61.21,0.0,122.42
3134,1145,91,261,2,23.66,0.0,47.32
3135,1145,68,195,1,162.66,0.0,162.66
3136,1146,47,134,3,97.33,0.0,291.99
3137,1146,7,18,2,51.06,0.0,102.12
3138,1147,9,23,2,61.83,0.0,123.66
3139,1148,9,23,1,61.83,0.0,61.83
3140,1148,44,125,1,40.65,0.0,40.65
3141,1148,44,125,2,40.65,0.0,81.3
3142,1148,40,115,1,133.52,0.0,133.52
3143,1149,40,114,1,128.52,0.0,128.52
3144,1149,1,2,2,188.05,0.0,376.1
3145,1150,10,25,2,241.5,0.0,483.0
3146,1150,4,7,2,84.33,0.0,168.66
3147,1151,63,181,1,65.54,0.0,65.54
3148,1151,30,82,1,10.27,0.0,10.27
3149,1151,3,5,4,132.59,0.0,530.36
3150,1151,94,271,3,24.87,0.0,74.61
3151,1151,65,187,1,151.37,0.0,151.37
3152,1151,72,204,1,156.23,0.0,156.23
3153,1152,65,185,1,154.37,0.0,154.37
3154,1152,9,24,1,56.83,0.0,56.83
3155,1153,44,125,1,40.65,0.0,40.65
3156,1153,100,286,3,56.34,0.0,169.02
3157,1153,37,106,1,18.93,0.0,18.93
3158,1153,9,23,1,61.83,0.0,61.83
3159,1154,18,48,1,93.27,0.0,93.27
3160,1155,37,105,2,23.93,0.0,47.86
3161,1155,67,191,1,83.05,0.0,83.05
3162,1156,59,167,2,55.83,0.0,111.66
3163,1156,20,55,1,60.61,0.0,60.61
3164,1157,18,47,1,98.27,0.0,98.27
3165,1158,91,261,3,23.66,0.0,70.98
3166,1158,62,178,4,150.25,0.0,601.0
3167,1158,65,187,1,151.37,0.0,151.37
3168,1159,70,200,3,129.33,0.0,387.99
3169,1159,67,192,1,77.05,0.0,77.05
3170,1159,90,256,3,38.11,0.0,114.33
3171,1160,36,103,1,10.53,0.0,10.53
3172,1160,45,128,2,29.45,0.0,58.9
3173,1160,2,4,1,86.92,0.0,86.92
3174,1160,9,22,2,56.83,0.0,113.66
3175,1160,66,189,1,26.38,0.0,26.38
3176,1161,9,22,1,56.83,0.0,56.83
3177,1161,76,215,2,63.03,0.0,126.06
3178,1161,29,79,1,140.1,0.0,140.1
3179,1161,26,68,2,69.15,0.0,138.3
3180,1161,52,146,1,65.59,0.0,65.59
3181,1162,70,199,3,132.33,0.0,396.99
3182,1162,10,28,1,236.5,0.0,236.5
3183,1163,99,283,2,61.51,0.0,123.02
3184,1163,11,29,1,41.69,0.0,41.69
3185,1164,30,82,2,10.27,0.0,20.54
3186,1164,35,99,2,27.33,0.0,54.66
3187,1164,77,217,1,190.3,0.0,190.3
3188,1165,3,5,2,132.59,0.0,265.18
3189,1165,35,99,1,27.33,0.0,27.33
3190,1165,42,119,2,40.62,0.0,81.24
3191,1165,36,104,2,15.53,0.0,31.06
3192,1166,56,159,3,58.28,0.0,174.84
3193,1166,61,174,2,72.85,0.0,145.7
3194,1166,41,117,1,22.66,0.0,22.66
3195,1167,29,77,2,135.1,0.0,270.2
3196,1167,24,65,2,107.11,0.0,214.22
3197,1168,26,69,1,64.15,0.0,64.15
3198,1168,10,28,1,236.5,0.0,236.5
3199,1169,11,29,2,41.69,0.0,83.38
3200,1169,9,22,4,56.83,0.0,227.32
3201,1169,8,21,3,183.95,0.0,551.85
3202,1169,56,161,3,40.28,0.0,120.84
3203,1170,19,50,2,192.14,0.0,384.28
3204,1170,16,44,1,121.76,0.0,121.76
3205,1170,86,246,1,85.71,0.0,85.71
3206,1171,3,6,1,147.59,0.0,147.59
3207,1172,82,230,1,21.0,0.0,21.0
3208,1173,73,207,1,192.67,0.0,192.67
3209,1173,76,214,2,66.03,0.0,132.06
3210,1174,63,181,2,65.54,0.0,131.08
3211,1174,20,53,2,75.61,0.0,151.22
3212,1174,48,136,2,45.39,0.0,90.78
3213,1175,40,115,1,133.52,0.0,133.52
3214,1176,2,4,4,86.92,0.0,347.68
3215,1176,22,59,3,148.97,0.0,446.91
3216,1176,62,179,4,147.25,0.0,589.0
3217,1176,43,122,4,12.67,0.0,50.68
3218,1177,86,246,1,85.71,0.0,85.71
3219,1178,42,120,1,72.62,0.0,72.62
3220,1178,19,51,1,192.14,0.0,192.14
3221,1179,4,8,5,89.33,0.0,446.65
3222,1180,78,219,1,80.43,0.0,80.43
3223,1181,39,111,4,68.78,0.0,275.12
3224,1181,76,215,4,63.03,0.0,252.12
3225,1181,91,259,2,35.66,0.0,71.32
3226,1181,52,146,4,65.59,0.0,262.36
3227,1182,15,40,1,176.21,0.0,176.21
3228,1182,67,192,4,77.05,0.0,308.2
3229,1182,54,153,3,13.28,0.0,39.84
3230,1183,88,250,2,45.4,0.0,90.8
3231,1183,84,238,2,38.36,0.0,76.72
3232,1183,18,47,4,98.27,0.0,393.08
3233,1184,44,125,2,40.65,0.0,81.3
3234,1185,55,157,1,17.23,0.0,17.23
3235,1185,70,200,2,129.33,0.0,258.66
3236,1186,25,66,3,136.29,0.0,408.87
3237,1187,27,73,3,7.55,0.0,22.65
3238,1188,81,228,1,63.08,0.0,63.08
3239,1189,39,111,3,68.78,0.0,206.34
3240,1190,30,82,5,10.27,0.0,51.35
3241,1190,14,37,1,83.42,0.0,83.42
3242,1191,28,74,3,158.25,0.0,474.75
3243,1191,49,139,1,38.68,0.0,38.68
3244,1191,80,224,1,213.05,0.0,213.05
3245,1191,39,111,1,68.78,0.0,68.78
3246,1192,23,62,1,48.88,0.0,48.88
3247,1192,59,170,1,73.83,0.0,73.83
3248,1193,19,49,1,207.14,0.0,207.14
3249,1194,59,168,2,55.83,0.0,111.66
3250,1194,90,257,1,52.11,0.0,52.11
3251,1194,56,158,5,72.28,0.0,361.4
3252,1195,80,224,1,213.05,0.0,213.05
3253,1196,13,33,2,140.62,0.0,281.24
3254,1196,51,145,1,51.92,0.0,51.92
3255,1196,58,165,2,43.21,0.0,86.42
3256,1197,48,137,3,45.39,0.0,136.17
3257,1197,39,111,2,68.78,0.0,137.56
3258,1197,97,280,4,39.57,0.0,158.28
3259,1198,40,113,2,133.52,0.0,267.04
3260,1199,33,93,1,51.53,0.0,51.53
3261,1199,43,124,1,44.67,0.0,44.67
3262,1200,59,170,2,73.83,0.0,147.66
3263,1200,97,280,1,39.57,0.0,39.57
3264,1200,31,85,2,52.47,0.0,104.94
3265,1201,35,99,1,27.33,0.0,27.33
3266,1201,62,180,2,150.25,0.0,300.5
3267,1201,23,60,2,33.88,0.0,67.76
3268,1202,65,185,1,154.37,0.0,154.37
3269,1202,99,283,1,61.51,0.0,61.51
3270,1203,27,71,3,12.55,0.0,37.65
3271,1203,17,45,5,88.41,0.0,442.05
3272,1203,37,105,3,23.93,0.0,71.79
3273,1203,18,48,3,93.27,0.0,279.81
3274,1203,42,120,3,72.62,0.0,217.86
3275,1203,32,90,3,176.3,0.0,528.9
3276,1204,90,256,1,38.11,0.0,38.11
3277,1205,91,261,1,23.66,0.0,23.66
3278,1205,37,106,2,18.93,0.0,37.86
3279,1205,65,185,2,154.37,0.0,308.74
3280,1206,44,126,4,22.65,0.0,90.6
3281,1206,63,182,3,65.54,0.0,196.62
3282,1206,54,152,2,31.28,0.0,62.56
3283,1207,59,168,1,55.83,0.0,55.83
3284,1208,28,75,1,153.25,0.0,153.25
3285,1208,37,105,4,23.93,0.0,95.72
3286,1208,13,33,2,140.62,0.0,281.24
3287,1209,3,6,3,147.59,0.0,442.77
3288,1209,49,139,2,38.68,0.0,77.36
3289,1209,80,225,3,213.05,0.0,639.15
3290,1210,61,175,4,69.85,0.0,279.4
3291,1210,78,219,3,80.43,0.0,241.29
3292,1210,11,29,2,41.69,0.0,83.38
3293,1210,53,148,4,62.71,0.0,250.84
3294,1210,19,51,5,192.14,0.0,960.7
3295,1211,24,65,1,107.11,0.0,107.11
3296,1211,2,3,1,81.92,0.0,81.92
3297,1212,25,67,1,126.29,0.0,126.29
3298,1212,53,149,2,44.71,0.0,89.42
3299,1213,59,170,1,73.83,0.0,73.83
3300,1213,88,250,2,45.4,0.0,90.8
3301,1214,34,97,1,89.03,0.0,89.03
3302,1214,4,9,1,99.33,0.0,99.33
3303,1214,12,31,2,258.11,0.0,516.22
3304,1214,80,224,2,213.05,0.0,426.1
3305,1215,67,192,1,77.05,0.0,77.05
3306,1215,31,85,1,52.47,0.0,52.47
3307,1215,16,44,1,121.76,0.0,121.76
3308,1216,12,31,1,258.11,0.0,258.11
3309,1216,31,87,1,62.47,0.0,62.47
3310,1217,23,60,2,33.88,0.0,67.76
3311,1217,25,67,2,126.29,0.0,252.58
3312,1217,71,201,1,15.78,0.0,15.78
3313,1217,97,279,2,39.57,0.0,79.14
3314,1218,60,171,1,18.2,0.0,18.2
3315,1219,65,186,1,154.37,0.0,154.37
3316,1220,78,219,2,80.43,0.0,160.86
3317,1220,30,83,2,15.27,0.0,30.54
3318,1220,90,257,2,52.11,0.0,104.22
3319,1220,3,5,1,132.59,0.0,132.59
3320,1221,34,97,2,89.03,0.0,178.06
3321,1221,6,15,1,111.76,0.0,111.76
3322,1222,27,73,2,7.55,0.0,15.1
3323,1222,7,17,2,51.06,0.0,102.12
3324,1223,8,21,1,183.95,0.0,183.95
3325,1223,4,8,2,89.33,0.0,178.66
3326,1224,48,137,2,45.39,0.0,90.78
3327,1224,16,42,1,126.76,0.0,126.76
3328,1224,11,29,1,41.69,0.0,41.69
3329,1224,34,96,2,79.03,0.0,158.06
3330,1225,45,128,4,29.45,0.0,117.8
3331,1225,84,237,3,38.36,0.0,115.08
3332,1226,10,25,1,241.5,0.0,241.5
3333,1226,80,225,3,213.05,0.0,639.15
3334,1227,74,210,1,212.0,0.0,212.0
3335,1227,38,107,1,159.11,0.0,159.11
3336,1228,9,22,3,56.83,0.0,170.49
3337,1228,1,1,1,193.05,0.0,193.05
3338,1228,13,33,2,140.62,0.0,281.24
3339,1228,1,1,5,193.05,0.0,965.25
3340,1228,96,277,3,80.44,0.0,241.32
3341,1228,35,99,1,27.33,0.0,27.33
3342,1229,48,137,1,45.39,0.0,45.39
3343,1230,18,47,1,98.27,0.0,98.27
3344,1230,79,220,2,151.61,0.0,303.22
3345,1231,52,146,1,65.59,0.0,65.59
3346,1231,98,281,2,83.39,0.0,166.78
3347,1232,43,122,2,12.67,0.0,25.34
3348,1233,59,170,1,73.83,0.0,73.83
3349,1233,3,6,1,147.59,0.0,147.59
3350,1233,20,53,5,75.61,0.0,378.05
3351,1234,13,34,3,155.62,0.0,466.86
3352,1234,4,10,1,84.33,0.0,84.33
3353,1235,11,29,2,41.69,0.0,83.38
3354,1235,52,146,2,65.59,0.0,131.18
3355,1235,41,117,3,22.66,0.0,67.98
3356,1235,71,202,2,18.78,0.0,37.56
3357,1235,68,195,1,162.66,0.0,162.66
3358,1236,73,207,5,192.67,0.0,963.35
3359,1236,14,37,4,83.42,0.0,333.68
3360,1236,10,26,5,251.5,0.0,1257.5
3361,1236,35,100,3,32.33,0.0,96.99
3362,1236,10,25,2,241.5,0.0,483.0
3363,1236,11,29,2,41.69,0.0,83.38
3364,1237,57,164,3,26.38,0.0,79.14
3365,1237,18,47,1,98.27,0.0,98.27
3366,1237,91,258,1,21.66,0.0,21.66
3367,1237,9,22,1,56.83,0.0,56.83
3368,1237,77,217,5,190.3,0.0,951.5
3369,1238,31,84,2,47.47,0.0,94.94
3370,1238,21,56,1,72.82,0.0,72.82
3371,1239,42,119,1,40.62,0.0,40.62
3372,1240,11,30,3,36.69,0.0,110.07
3373,1241,91,260,3,23.66,0.0,70.98
3374,1241,62,180,2,150.25,0.0,300.5
3375,1241,90,256,1,38.11,0.0,38.11
3376,1241,67,192,2,77.05,0.0,154.1
3377,1242,85,242,4,4.99,0.0,19.96
3378,1242,45,128,4,29.45,0.0,117.8
3379,1242,14,37,1,83.42,0.0,83.42
3380,1243,48,137,4,45.39,0.0,181.56
3381,1243,31,85,1,52.47,0.0,52.47
3382,1243,70,200,1,129.33,0.0,129.33
3383,1244,7,18,5,51.06,0.0,255.3
3384,1245,4,7,5,84.33,0.0,421.65
3385,1245,42,121,3,40.62,0.0,121.86
3386,1245,31,87,4,62.47,0.0,249.88
3387,1245,18,47,5,98.27,0.0,491.35
3388,1245,11,30,3,36.69,0.0,110.07
3389,1246,14,38,2,93.42,0.0,186.84
3390,1246,12,31,1,258.11,0.0,258.11
3391,1246,76,215,1,63.03,0.0,63.03
3392,1247,49,138,4,20.68,0.0,82.72
3393,1247,39,110,2,58.78,0.0,117.56
3394,1247,72,204,3,156.23,0.0,468.69
3395,1247,39,110,3,58.78,0.0,176.34
3396,1248,43,124,2,44.67,0.0,89.34
3397,1248,13,33,4,140.62,0.0,562.48
3398,1248,60,171,3,18.2,0.0,54.6
3399,1249,39,111,2,68.78,0.0,137.56
3400,1249,65,185,1,154.37,0.0,154.37
3401,1249,86,245,1,85.71,0.0,85.71
3402,1249,32,88,3,176.3,0.0,528.9
3403,1250,6,16,2,126.76,0.0,253.52
3404,1251,70,199,1,132.33,0.0,132.33
3405,1251,2,4,3,86.92,0.0,260.76
3406,1252,71,203,1,18.78,0.0,18.78
3407,1253,56,161,2,40.28,0.0,80.56
3408,1253,100,285,1,42.34,0.0,42.34
3409,1253,46,133,1,88.22,0.0,88.22
3410,1253,55,155,1,49.23,0.0,49.23
3411,1254,48,136,1,45.39,0.0,45.39
3412,1254,11,29,2,41.69,0.0,83.38
3413,1254,62,178,5,150.25,0.0,751.25
3414,1254,39,111,5,68.78,0.0,343.9
3415,1255,16,42,3,126.76,0.0,380.28
3416,1255,36,101,5,15.53,0.0,77.65
3417,1256,98,282,4,69.39,0.0,277.56
3418,1256,20,53,1,75.61,0.0,75.61
3419,1256,84,239,3,36.36,0.0,109.08
3420,1256,66,188,1,32.38,0.0,32.38
3421,1256,1,1,1,193.05,0.0,193.05
3422,1256,40,114,1,128.52,0.0,128.52
3423,1257,4,7,2,84.33,0.0,168.66
3424,1257,2,4,3,86.92,0.0,260.76
3425,1257,30,82,2,10.27,0.0,20.54
3426,1257,16,41,1,121.76,0.0,121.76
3427,1258,18,47,2,98.27,0.0,196.54
3428,1258,77,217,1,190.3,0.0,190.3
3429,1258,98,282,1,69.39,0.0,69.39
3430,1258,58,165,5,43.21,0.0,216.05
3431,1259,14,37,2,83.42,0.0,166.84
3432,1259,33,93,2,51.53,0.0,103.06
3433,1260,28,74,2,158.25,0.0,316.5
3434,1260,24,63,1,122.11,0.0,122.11
3435,1260,16,44,2,121.76,0.0,243.52
3436,1261,32,89,1,171.3,0.0,171.3
3437,1261,4,10,2,84.33,0.0,168.66
3438,1261,10,26,2,251.5,0.0,503.0
3439,1261,56,159,1,58.28,0.0,58.28
3440,1261,71,201,4,15.78,0.0,63.12
3441,1262,66,190,2,29.38,0.0,58.76
3442,1263,38,107,2,159.11,0.0,318.22
3443,1263,74,210,1,212.0,0.0,212.0
3444,1263,35,99,3,27.33,0.0,81.99
3445,1263,30,81,1,25.27,0.0,25.27
3446,1263,22,59,4,148.97,0.0,595.88
3447,1263,92,264,1,62.75,0.0,62.75
3448,1264,8,21,3,183.95,0.0,551.85
3449,1264,2,4,2,86.92,0.0,173.84
3450,1264,53,151,1,44.71,0.0,44.71
3451,1264,9,23,4,61.83,0.0,247.32
3452,1264,37,106,1,18.93,0.0,18.93
3453,1265,18,47,3,98.27,0.0,294.81
3454,1265,25,67,1,126.29,0.0,126.29
3455,1266,73,207,1,192.67,0.0,192.67
3456,1266,42,121,2,40.62,0.0,81.24
3457,1266,31,84,1,47.47,0.0,47.47
3458,1266,1,2,3,188.05,0.0,564.15
3459,1266,83,234,1,33.04,0.0,33.04
3460,1267,86,246,1,85.71,0.0,85.71
3461,1267,53,151,1,44.71,0.0,44.71
3462,1267,33,92,1,56.53,0.0,56.53
3463,1268,98,281,1,83.39,0.0,83.39
3464,1268,83,233,3,35.04,0.0,105.12
3465,1269,79,221,2,148.61,0.0,297.22
3466,1269,39,110,2,58.78,0.0,117.56
3467,1269,10,27,1,236.5,0.0,236.5
3468,1270,77,217,2,190.3,0.0,380.6
3469,1271,27,72,2,22.55,0.0,45.1
3470,1271,29,78,1,150.1,0.0,150.1
3471,1271,58,166,1,61.21,0.0,61.21
3472,1271,18,48,1,93.27,0.0,93.27
3473,1272,9,22,1,56.83,0.0,56.83
3474,1272,60,171,1,18.2,0.0,18.2
3475,1272,39,111,3,68.78,0.0,206.34
3476,1272,77,217,1,190.3,0.0,190.3
3477,1272,71,203,1,18.78,0.0,18.78
3478,1273,15,40,5,176.21,0.0,881.05
3479,1273,84,238,1,38.36,0.0,38.36
3480,1274,89,255,1,61.85,0.0,61.85
3481,1274,60,173,2,36.2,0.0,72.4
3482,1275,98,282,1,69.39,0.0,69.39
3483,1275,76,215,4,63.03,0.0,252.12
3484,1275,94,270,1,36.87,0.0,36.87
3485,1275,29,78,1,150.1,0.0,150.1
3486,1275,91,258,5,21.66,0.0,108.3
3487,1276,58,166,1,61.21,0.0,61.21
3488,1276,79,221,3,148.61,0.0,445.83
3489,1277,41,117,2,22.66,0.0,45.32
3490,1277,30,82,2,10.27,0.0,20.54
3491,1278,64,184,1,66.17,0.0,66.17
3492,1278,35,100,1,32.33,0.0,32.33
3493,1279,36,102,1,25.53,0.0,25.53
3494,1279,2,3,1,81.92,0.0,81.92
3495,1280,7,19,1,56.06,0.0,56.06
3496,1281,26,69,3,64.15,0.0,192.45
3497,1281,1,1,4,193.05,0.0,772.2
3498,1281,52,146,1,65.59,0.0,65.59
3499,1281,59,169,3,87.83,0.0,263.49
3500,1281,8,20,5,193.95,0.0,969.75
3501,1282,79,222,5,145.61,0.0,728.05
3502,1282,100,286,5,56.34,0.0,281.7
3503,1282,59,169,1,87.83,0.0,87.83
3504,1282,50,140,2,111.34,0.0,222.68
3505,1283,30,83,2,15.27,0.0,30.54
3506,1283,62,178,1,150.25,0.0,150.25
3507,1284,32,88,4,176.3,0.0,705.2
3508,1284,27,71,1,12.55,0.0,12.55
3509,1284,45,129,3,47.45,0.0,142.35
3510,1284,50,142,2,79.34,0.0,158.68
3511,1285,49,138,3,20.68,0.0,62.04
3512,1285,74,210,1,212.0,0.0,212.0
3513,1285,29,80,3,140.1,0.0,420.3
3514,1286,31,87,1,62.47,0.0,62.47
3515,1286,42,119,1,40.62,0.0,40.62
3516,1286,3,5,1,132.59,0.0,132.59
3517,1286,3,5,2,132.59,0.0,265.18
3518,1287,71,201,1,15.78,0.0,15.78
3519,1287,7,17,2,51.06,0.0,102.12
3520,1288,63,182,1,65.54,0.0,65.54
3521,1288,15,40,1,176.21,0.0,176.21
3522,1288,16,42,1,126.76,0.0,126.76
3523,1289,42,119,3,40.62,0.0,121.86
3524,1289,64,184,2,66.17,0.0,132.34
3525,1290,29,80,4,140.1,0.0,560.4
3526,1291,18,47,5,98.27,0.0,491.35
3527,1291,10,27,1,236.5,0.0,236.5
3528,1291,88,250,2,45.4,0.0,90.8
3529,1291,51,145,5,51.92,0.0,259.6
3530,1292,31,86,4,52.47,0.0,209.88
3531,1292,71,202,1,18.78,0.0,18.78
3532,1292,21,57,1,67.82,0.0,67.82
3533,1293,71,202,3,18.78,0.0,56.34
3534,1293,66,189,2,26.38,0.0,52.76
3535,1293,4,9,2,99.33,0.0,198.66
3536,1293,64,184,1,66.17,0.0,66.17
3537,1294,71,201,1,15.78,0.0,15.78
3538,1294,63,182,4,65.54,0.0,262.16
3539,1295,52,146,1,65.59,0.0,65.59
3540,1296,55,154,2,35.23,0.0,70.46
3541,1296,14,38,3,93.42,0.0,280.26
3542,1297,23,61,1,38.88,0.0,38.88
3543,1298,24,65,1,107.11,0.0,107.11
3544,1298,15,39,1,161.21,0.0,161.21
3545,1299,10,27,1,236.5,0.0,236.5
3546,1299,37,106,4,18.93,0.0,75.72
3547,1300,69,197,1,22.8,0.0,22.8
3548,1301,47,135,4,79.33,0.0,317.32
3549,1301,29,77,3,135.1,0.0,405.3
3550,1301,44,125,2,40.65,0.0,81.3
3551,1302,13,33,1,140.62,0.0,140.62
3552,1302,4,7,3,84.33,0.0,252.99
3553,1302,45,129,1,47.45,0.0,47.45
3554,1303,91,260,3,23.66,0.0,70.98
3555,1304,93,268,2,29.84,0.0,59.68
3556,1304,27,72,3,22.55,0.0,67.65
3557,1305,38,107,2,159.11,0.0,318.22
3558,1305,20,55,3,60.61,0.0,181.83
3559,1305,87,249,5,78.46,0.0,392.3
3560,1305,24,65,5,107.11,0.0,535.55
3561,1305,50,140,4,111.34,0.0,445.36
3562,1306,2,3,2,81.92,0.0,163.84
3563,1306,34,96,2,79.03,0.0,158.06
3564,1306,56,158,1,72.28,0.0,72.28
3565,1307,68,193,1,165.66,0.0,165.66
3566,1307,16,41,1,121.76,0.0,121.76
3567,1307,29,79,1,140.1,0.0,140.1
3568,1307,2,4,4,86.92,0.0,347.68
3569,1307,64,184,4,66.17,0.0,264.68
3570,1308,28,74,1,158.25,0.0,158.25
3571,1308,58,166,1,61.21,0.0,61.21
3572,1309,52,146,4,65.59,0.0,262.36
3573,1309,20,52,5,65.61,0.0,328.05
3574,1309,43,124,1,44.67,0.0,44.67
3575,1310,92,262,2,62.75,0.0,125.5
3576,1310,47,134,4,97.33,0.0,389.32
3577,1310,14,38,3,93.42,0.0,280.26
3578,1310,73,208,3,198.67,0.0,596.01
3579,1310,89,254,2,59.85,0.0,119.7
3580,1310,40,114,1,128.52,0.0,128.52
3581,1311,80,223,1,216.05,0.0,216.05
3582,1312,27,72,1,22.55,0.0,22.55
3583,1312,43,124,1,44.67,0.0,44.67
3584,1312,71,203,5,18.78,0.0,93.9
3585,1312,89,254,4,59.85,0.0,239.4
3586,1313,68,194,5,168.66,0.0,843.3
3587,1313,65,185,1,154.37,0.0,154.37
3588,1314,41,117,2,22.66,0.0,45.32
3589,1314,45,129,1,47.45,0.0,47.45
3590,1315,26,69,1,64.15,0.0,64.15
3591,1315,80,224,4,213.05,0.0,852.2
3592,1315,17,45,1,88.41,0.0,88.41
3593,1316,41,117,2,22.66,0.0,45.32
3594,1316,98,281,1,83.39,0.0,83.39
3595,1316,35,100,1,32.33,0.0,32.33
3596,1316,53,149,1,44.71,0.0,44.71
3597,1317,78,219,1,80.43,0.0,80.43
3598,1317,33,92,3,56.53,0.0,169.59
3599,1317,19,49,1,207.14,0.0,207.14
3600,1318,25,66,2,136.29,0.0,272.58
3601,1319,7,18,2,51.06,0.0,102.12
3602,1320,18,47,1,98.27,0.0,98.27
3603,1320,31,87,4,62.47,0.0,249.88
3604,1320,25,67,1,126.29,0.0,126.29
3605,1320,3,5,1,132.59,0.0,132.59
3606,1321,61,176,1,66.85,0.0,66.85
3607,1321,51,145,4,51.92,0.0,207.68
3608,1322,71,202,2,18.78,0.0,37.56
3609,1323,16,43,2,136.76,0.0,273.52
3610,1323,16,43,5,136.76,0.0,683.8
3611,1323,7,17,3,51.06,0.0,153.18
3612,1323,55,155,4,49.23,0.0,196.92
3613,1323,20,55,3,60.61,0.0,181.83
3614,1323,17,46,4,83.41,0.0,333.64
3615,1324,51,144,1,19.92,0.0,19.92
3616,1324,11,30,1,36.69,0.0,36.69
3617,1324,34,97,1,89.03,0.0,89.03
3618,1325,29,77,1,135.1,0.0,135.1
3619,1326,78,219,1,80.43,0.0,80.43
3620,1326,29,80,2,140.1,0.0,280.2
3621,1326,66,190,1,29.38,0.0,29.38
3622,1327,79,220,1,151.61,0.0,151.61
3623,1327,32,88,2,176.3,0.0,352.6
3624,1327,3,5,3,132.59,0.0,397.77
3625,1327,30,82,2,10.27,0.0,20.54
3626,1327,14,36,1,78.42,0.0,78.42
3627,1328,37,106,3,18.93,0.0,56.79
3628,1329,65,186,2,154.37,0.0,308.74
3629,1329,57,163,2,58.38,0.0,116.76
3630,1330,53,148,3,62.71,0.0,188.13
3631,1330,63,181,2,65.54,0.0,131.08
3632,1331,89,253,1,73.85,0.0,73.85
3633,1331,50,142,1,79.34,0.0,79.34
3634,1331,14,38,2,93.42,0.0,186.84
3635,1331,31,85,1,52.47,0.0,52.47
3636,1331,89,253,1,73.85,0.0,73.85
3637,1331,26,70,1,69.15,0.0,69.15
3638,1332,62,179,2,147.25,0.0,294.5
3639,1332,51,143,5,37.92,0.0,189.6
3640,1333,61,176,1,66.85,0.0,66.85
3641,1333,85,243,1,6.14,0.0,6.14
3642,1333,10,26,1,251.5,0.0,251.5
3643,1333,65,187,2,151.37,0.0,302.74
3644,1333,35,100,4,32.33,0.0,129.32
3645,1334,77,216,2,190.3,0.0,380.6
3646,1334,39,110,1,58.78,0.0,58.78
3647,1334,43,122,1,12.67,0.0,12.67
3648,1334,58,166,1,61.21,0.0,61.21
3649,1335,96,275,5,92.44,0.0,462.2
3650,1335,66,189,2,26.38,0.0,52.76
3651,1336,68,195,2,162.66,0.0,325.32
3652,1336,33,94,5,66.53,0.0,332.65
3653,1336,48,137,1,45.39,0.0,45.39
3654,1336,2,4,2,86.92,0.0,173.84
3655,1337,67,191,1,83.05,0.0,83.05
3656,1337,4,7,1,84.33,0.0,84.33
3657,1337,25,66,5,136.29,0.0,681.45
3658,1338,32,88,1,176.3,0.0,176.3
3659,1338,41,118,4,40.66,0.0,162.64
3660,1339,16,41,1,121.76,0.0,121.76
3661,1339,36,102,1,25.53,0.0,25.53
3662,1340,44,127,1,22.65,0.0,22.65
3663,1341,39,110,3,58.78,0.0,176.34
3664,1341,25,66,1,136.29,0.0,136.29
3665,1341,72,204,2,156.23,0.0,312.46
3666,1341,71,201,3,15.78,0.0,47.34
3667,1341,38,109,5,164.11,0.0,820.55
3668,1342,36,103,5,10.53,0.0,52.65
3669,1342,80,224,4,213.05,0.0,852.2
3670,1343,50,142,2,79.34,0.0,158.68
3671,1344,51,143,2,37.92,0.0,75.84
3672,1344,54,152,1,31.28,0.0,31.28
3673,1345,39,112,2,53.78,0.0,107.56
3674,1345,76,215,4,63.03,0.0,252.12
3675,1345,66,188,2,32.38,0.0,64.76
3676,1345,60,172,2,18.2,0.0,36.4
3677,1346,49,139,3,38.68,0.0,116.04
3678,1346,79,222,2,145.61,0.0,291.22
3679,1347,45,129,1,47.45,0.0,47.45
3680,1348,31,84,3,47.47,0.0,142.41
3681,1349,21,57,2,67.82,0.0,135.64
3682,1349,9,24,2,56.83,0.0,113.66
3683,1349,23,62,3,48.88,0.0,146.64
3684,1350,61,174,2,72.85,0.0,145.7
3685,1350,35,100,4,32.33,0.0,129.32
3686,1350,34,98,4,79.03,0.0,316.12
3687,1350,73,207,4,192.67,0.0,770.68
3688,1350,85,243,3,6.14,0.0,18.42
3689,1350,22,59,1,148.97,0.0,148.97
3690,1351,54,152,3,31.28,0.0,93.84
3691,1351,91,259,3,35.66,0.0,106.98
3692,1351,88,250,1,45.4,0.0,45.4
3693,1352,93,266,1,27.84,0.0,27.84
3694,1353,19,49,1,207.14,0.0,207.14
3695,1353,19,51,3,192.14,0.0,576.42
3696,1353,40,116,2,143.52,0.0,287.04
3697,1353,19,50,1,192.14,0.0,192.14
3698,1354,37,106,4,18.93,0.0,75.72
3699,1354,39,112,3,53.78,0.0,161.34
3700,1354,49,138,3,20.68,0.0,62.04
3701,1354,57,164,2,26.38,0.0,52.76
3702,1355,31,86,1,52.47,0.0,52.47
3703,1355,67,191,1,83.05,0.0,83.05
3704,1356,86,245,4,85.71,0.0,342.84
3705,1356,40,113,3,133.52,0.0,400.56
3706,1356,34,97,1,89.03,0.0,89.03
3707,1357,48,136,3,45.39,0.0,136.17
3708,1357,63,182,1,65.54,0.0,65.54
3709,1358,30,82,2,10.27,0.0,20.54
3710,1358,12,31,1,258.11,0.0,258.11
3711,1358,48,137,4,45.39,0.0,181.56
3712,1359,42,119,2,40.62,0.0,81.24
3713,1359,74,209,2,215.0,0.0,430.0
3714,1359,77,216,3,190.3,0.0,570.9
3715,1359,70,199,1,132.33,0.0,132.33
3716,1360,96,275,2,92.44,0.0,184.88
3717,1361,91,261,1,23.66,0.0,23.66
3718,1361,82,230,1,21.0,0.0,21.0
3719,1361,3,6,1,147.59,0.0,147.59
3720,1362,44,127,1,22.65,0.0,22.65
3721,1362,92,263,1,60.75,0.0,60.75
3722,1363,65,186,5,154.37,0.0,771.85
3723,1363,36,101,3,15.53,0.0,46.59
3724,1363,46,133,3,88.22,0.0,264.66
3725,1363,12,32,2,243.11,0.0,486.22
3726,1363,49,138,1,20.68,0.0,20.68
3727,1363,41,117,1,22.66,0.0,22.66
3728,1364,7,18,1,51.06,0.0,51.06
3729,1364,47,135,1,79.33,0.0,79.33
3730,1364,26,69,1,64.15,0.0,64.15
3731,1364,88,250,1,45.4,0.0,45.4
3732,1365,7,17,1,51.06,0.0,51.06
3733,1366,18,47,2,98.27,0.0,196.54
3734,1366,12,32,2,243.11,0.0,486.22
3735,1366,55,154,2,35.23,0.0,70.46
3736,1366,66,190,2,29.38,0.0,58.76
3737,1366,75,213,1,44.67,0.0,44.67
3738,1367,7,17,3,51.06,0.0,153.18
3739,1368,95,273,5,21.88,0.0,109.4
3740,1368,78,219,2,80.43,0.0,160.86
3741,1368,28,75,5,153.25,0.0,766.25
3742,1368,56,158,3,72.28,0.0,216.84
3743,1368,71,201,3,15.78,0.0,47.34
3744,1369,52,146,4,65.59,0.0,262.36
3745,1369,33,94,4,66.53,0.0,266.12
3746,1369,26,70,2,69.15,0.0,138.3
3747,1370,65,187,2,151.37,0.0,302.74
3748,1370,64,183,2,72.17,0.0,144.34
3749,1370,38,109,3,164.11,0.0,492.33
3750,1371,37,105,2,23.93,0.0,47.86
3751,1372,26,69,3,64.15,0.0,192.45
3752,1372,64,183,2,72.17,0.0,144.34
3753,1372,41,118,2,40.66,0.0,81.32
3754,1373,6,15,2,111.76,0.0,223.52
3755,1374,30,83,2,15.27,0.0,30.54
3756,1374,87,249,1,78.46,0.0,78.46
3757,1374,14,38,1,93.42,0.0,93.42
3758,1374,58,166,1,61.21,0.0,61.21
3759,1374,67,192,1,77.05,0.0,77.05
3760,1375,57,162,3,44.38,0.0,133.14
3761,1376,93,268,1,29.84,0.0,29.84
3762,1376,58,165,1,43.21,0.0,43.21
3763,1377,35,100,1,32.33,0.0,32.33
3764,1377,5,12,1,81.21,0.0,81.21
3765,1377,17,45,1,88.41,0.0,88.41
3766,1377,70,199,2,132.33,0.0,264.66
3767,1377,76,215,2,63.03,0.0,126.06
3768,1377,43,124,1,44.67,0.0,44.67
3769,1378,83,234,2,33.04,0.0,66.08
3770,1379,15,39,1,161.21,0.0,161.21
3771,1379,78,218,3,83.43,0.0,250.29
3772,1379,23,61,1,38.88,0.0,38.88
3773,1380,39,112,1,53.78,0.0,53.78
3774,1380,67,192,1,77.05,0.0,77.05
3775,1380,92,262,1,62.75,0.0,62.75
3776,1381,12,31,3,258.11,0.0,774.33
3777,1382,79,220,2,151.61,0.0,303.22
3778,1383,13,33,2,140.62,0.0,281.24
3779,1383,52,147,1,97.59,0.0,97.59
3780,1384,33,95,1,56.53,0.0,56.53
3781,1385,61,174,2,72.85,0.0,145.7
3782,1386,42,119,2,40.62,0.0,81.24
3783,1386,80,223,1,216.05,0.0,216.05
3784,1386,4,10,5,84.33,0.0,421.65
3785,1387,11,29,5,41.69,0.0,208.45
3786,1387,66,189,4,26.38,0.0,105.52
3787,1387,32,88,2,176.3,0.0,352.6
3788,1387,13,35,2,145.62,0.0,291.24
3789,1388,56,159,1,58.28,0.0,58.28
3790,1388,89,255,5,61.85,0.0,309.25
3791,1388,1,1,1,193.05,0.0,193.05
3792,1389,90,257,1,52.11,0.0,52.11
3793,1389,72,205,1,153.23,0.0,153.23
3794,1389,82,230,1,21.0,0.0,21.0
3795,1389,41,118,2,40.66,0.0,81.32
3796,1389,36,102,5,25.53,0.0,127.65
3797,1390,11,29,2,41.69,0.0,83.38
3798,1390,14,38,1,93.42,0.0,93.42
3799,1391,27,73,4,7.55,0.0,30.2
3800,1391,3,6,3,147.59,0.0,442.77
3801,1392,8,21,2,183.95,0.0,367.9
3802,1392,38,108,2,174.11,0.0,348.22
3803,1392,55,155,2,49.23,0.0,98.46
3804,1393,52,147,4,97.59,0.0,390.36
3805,1393,2,4,1,86.92,0.0,86.92
3806,1394,9,23,1,61.83,0.0,61.83
3807,1394,50,140,3,111.34,0.0,334.02
3808,1395,12,32,2,243.11,0.0,486.22
3809,1396,74,210,3,212.0,0.0,636.0
3810,1396,4,7,2,84.33,0.0,168.66
3811,1396,7,19,2,56.06,0.0,112.12
3812,1397,90,256,1,38.11,0.0,38.11
3813,1397,36,104,4,15.53,0.0,62.12
3814,1398,99,284,1,49.51,0.0,49.51
3815,1398,36,103,5,10.53,0.0,52.65
3816,1398,72,205,1,153.23,0.0,153.23
3817,1398,24,64,1,112.11,0.0,112.11
3818,1399,31,87,3,62.47,0.0,187.41
3819,1399,46,133,2,88.22,0.0,176.44
3820,1399,67,191,5,83.05,0.0,415.25
3821,1400,89,253,2,73.85,0.0,147.7
3822,1400,21,57,1,67.82,0.0,67.82
3823,1400,48,136,4,45.39,0.0,181.56
3824,1400,75,212,3,50.67,0.0,152.01
3825,1400,54,152,4,31.28,0.0,125.12
3826,1400,63,181,1,65.54,0.0,65.54
3827,1401,36,101,3,15.53,0.0,46.59
3828,1402,7,18,3,51.06,0.0,153.18
3829,1402,28,76,2,158.25,0.0,316.5
3830,1402,11,30,4,36.69,0.0,146.76
3831,1402,30,82,5,10.27,0.0,51.35
3832,1402,83,235,1,35.04,0.0,35.04
3833,1403,18,48,1,93.27,0.0,93.27
3834,1404,89,253,2,73.85,0.0,147.7
3835,1404,45,129,1,47.45,0.0,47.45
3836,1404,26,70,2,69.15,0.0,138.3
3837,1404,3,6,1,147.59,0.0,147.59
3838,1404,42,121,1,40.62,0.0,40.62
3839,1404,74,209,1,215.0,0.0,215.0
3840,1405,17,45,1,88.41,0.0,88.41
3841,1405,3,6,1,147.59,0.0,147.59
3842,1405,39,110,2,58.78,0.0,117.56
3843,1406,38,107,2,159.11,0.0,318.22
3844,1407,16,41,1,121.76,0.0,121.76
3845,1408,40,113,3,133.52,0.0,400.56
3846,1408,29,77,1,135.1,0.0,135.1
3847,1409,58,166,5,61.21,0.0,306.05
3848,1409,42,121,5,40.62,0.0,203.1
3849,1409,86,245,3,85.71,0.0,257.13
3850,1409,49,139,3,38.68,0.0,116.04
3851,1410,74,209,3,215.0,0.0,645.0
3852,1410,14,38,3,93.42,0.0,280.26
3853,1410,66,188,5,32.38,0.0,161.9
3854,1411,85,240,2,18.14,0.0,36.28
3855,1411,26,68,5,69.15,0.0,345.75
3856,1412,58,166,2,61.21,0.0,122.42
3857,1412,28,74,3,158.25,0.0,474.75
3858,1412,34,96,2,79.03,0.0,158.06
3859,1412,87,249,3,78.46,0.0,235.38
3860,1413,49,138,4,20.68,0.0,82.72
3861,1413,28,76,1,158.25,0.0,158.25
3862,1413,72,205,3,153.23,0.0,459.69
3863,1414,11,29,1,41.69,0.0,41.69
3864,1414,57,164,1,26.38,0.0,26.38
3865,1414,38,109,4,164.11,0.0,656.44
3866,1415,22,58,1,138.97,0.0,138.97
3867,1415,37,105,3,23.93,0.0,71.79
3868,1415,79,222,3,145.61,0.0,436.83
3869,1415,13,33,4,140.62,0.0,562.48
3870,1415,95,274,3,7.88,0.0,23.64
3871,1416,24,63,3,122.11,0.0,366.33
3872,1416,64,184,5,66.17,0.0,330.85
3873,1416,16,42,3,126.76,0.0,380.28
3874,1417,32,90,1,176.3,0.0,176.3
3875,1417,47,134,2,97.33,0.0,194.66
3876,1418,31,87,1,62.47,0.0,62.47
3877,1418,70,199,1,132.33,0.0,132.33
3878,1418,21,57,4,67.82,0.0,271.28
3879,1418,74,209,2,215.0,0.0,430.0
3880,1419,13,35,5,145.62,0.0,728.1
3881,1420,94,270,1,36.87,0.0,36.87
3882,1421,64,184,2,66.17,16.54,99.26
3883,1421,42,120,1,72.62,18.16,54.46
3884,1421,47,135,5,79.33,19.83,297.5
3885,1422,20,53,5,75.61,0.0,378.05
3886,1422,50,141,2,97.34,0.0,194.68
3887,1422,86,244,4,83.71,0.0,334.84
3888,1422,11,30,4,36.69,0.0,146.76
3889,1422,60,171,5,18.2,0.0,91.0
3890,1423,23,62,2,48.88,0.0,97.76
3891,1423,2,4,1,86.92,0.0,86.92
3892,1423,35,100,4,32.33,0.0,129.32
3893,1423,100,286,3,56.34,0.0,169.02
3894,1423,47,134,2,97.33,0.0,194.66
3895,1423,20,55,1,60.61,0.0,60.61
3896,1424,69,198,1,25.8,6.45,19.35
3897,1425,36,103,2,10.53,0.0,21.06
3898,1426,43,123,1,12.67,0.0,12.67
3899,1426,51,145,1,51.92,0.0,51.92
3900,1427,10,27,1,236.5,59.12,177.38
3901,1428,100,285,2,42.34,0.0,84.68
3902,1428,93,266,1,27.84,0.0,27.84
3903,1429,98,282,2,69.39,0.0,138.78
3904,1430,80,225,2,213.05,0.0,426.1
3905,1430,35,100,4,32.33,0.0,129.32
3906,1430,33,93,1,51.53,0.0,51.53
3907,1430,96,275,3,92.44,0.0,277.32
3908,1431,1,1,1,193.05,0.0,193.05
3909,1431,65,186,2,154.37,0.0,308.74
3910,1431,54,153,1,13.28,0.0,13.28
3911,1431,13,34,3,155.62,0.0,466.86
3912,1432,26,68,4,69.15,17.29,207.44
3913,1433,1,1,3,193.05,0.0,579.15
3914,1434,47,134,1,97.33,24.33,73.0
3915,1434,85,242,1,4.99,1.25,3.74
3916,1434,4,9,2,99.33,24.83,149.0
3917,1434,29,78,1,150.1,37.52,112.58
3918,1434,43,124,3,44.67,11.17,100.5
3919,1435,18,48,2,93.27,0.0,186.54
3920,1435,33,95,1,56.53,0.0,56.53
3921,1435,66,190,4,29.38,0.0,117.52
3922,1435,92,262,4,62.75,0.0,251.0
3923,1435,21,56,1,72.82,0.0,72.82
3924,1436,92,264,1,62.75,0.0,62.75
3925,1436,2,3,2,81.92,0.0,163.84
3926,1437,77,216,2,190.3,47.58,285.44
3927,1437,60,171,3,18.2,4.55,40.95
3928,1437,51,143,1,37.92,9.48,28.44
3929,1438,83,233,3,35.04,0.0,105.12
3930,1438,90,257,3,52.11,0.0,156.33
3931,1439,58,165,2,43.21,0.0,86.42
3932,1440,44,125,2,40.65,0.0,81.3
3933,1440,72,205,1,153.23,0.0,153.23
3934,1440,31,85,3,52.47,0.0,157.41
3935,1441,46,131,1,70.22,0.0,70.22
3936,1442,2,3,2,81.92,0.0,163.84
3937,1443,52,147,4,97.59,24.4,292.76
3938,1443,73,206,3,195.67,48.92,440.25
3939,1443,36,103,1,10.53,2.63,7.9
3940,1443,35,99,3,27.33,6.83,61.5
3941,1443,80,223,2,216.05,54.01,324.08
3942,1444,77,216,2,190.3,0.0,380.6
3943,1444,41,117,2,22.66,0.0,45.32
3944,1445,15,40,1,176.21,0.0,176.21
3945,1445,31,87,2,62.47,0.0,124.94
3946,1445,7,17,1,51.06,0.0,51.06
3947,1446,85,240,1,18.14,4.54,13.6
3948,1446,79,220,3,151.61,37.9,341.13
3949,1447,10,27,4,236.5,0.0,946.0
3950,1447,61,176,3,66.85,0.0,200.55
3951,1447,59,170,1,73.83,0.0,73.83
3952,1447,60,173,4,36.2,0.0,144.8
3953,1448,14,36,5,78.42,0.0,392.1
3954,1449,52,146,1,65.59,0.0,65.59
3955,1449,25,66,2,136.29,0.0,272.58
3956,1450,68,194,1,168.66,0.0,168.66
3957,1451,69,197,4,22.8,0.0,91.2
3958,1451,41,118,1,40.66,0.0,40.66
3959,1451,68,193,1,165.66,0.0,165.66
3960,1452,34,97,4,89.03,0.0,356.12
3961,1453,2,4,1,86.92,0.0,86.92
3962,1454,2,4,2,86.92,0.0,173.84
3963,1455,48,136,1,45.39,0.0,45.39
3964,1455,31,86,2,52.47,0.0,104.94
3965,1456,16,43,2,136.76,0.0,273.52
3966,1456,71,201,1,15.78,0.0,15.78
3967,1456,1,2,1,188.05,0.0,188.05
3968,1456,9,22,1,56.83,0.0,56.83
3969,1457,23,61,1,38.88,0.0,38.88
3970,1457,3,5,1,132.59,0.0,132.59
3971,1458,13,33,2,140.62,0.0,281.24
3972,1458,78,218,3,83.43,0.0,250.29
3973,1458,69,197,2,22.8,0.0,45.6
3974,1458,54,152,1,31.28,0.0,31.28
3975,1459,33,92,1,56.53,0.0,56.53
3976,1460,85,240,2,18.14,0.0,36.28
3977,1460,96,276,4,78.44,0.0,313.76
3978,1460,23,60,3,33.88,0.0,101.64
3979,1460,13,35,3,145.62,0.0,436.86
3980,1460,49,139,5,38.68,0.0,193.4
3981,1460,64,184,3,66.17,0.0,198.51
3982,1461,59,170,2,73.83,0.0,147.66
3983,1461,68,195,1,162.66,0.0,162.66
3984,1462,1,2,4,188.05,0.0,752.2
3985,1462,95,274,4,7.88,0.0,31.52
3986,1462,24,65,3,107.11,0.0,321.33
3987,1462,28,74,2,158.25,0.0,316.5
3988,1462,56,161,2,40.28,0.0,80.56
3989,1463,33,93,4,51.53,0.0,206.12
3990,1463,99,283,1,61.51,0.0,61.51
3991,1464,81,226,2,61.08,0.0,122.16
3992,1464,17,45,2,88.41,0.0,176.82
3993,1464,19,49,3,207.14,0.0,621.42
3994,1464,37,105,4,23.93,0.0,95.72
3995,1464,96,278,3,80.44,0.0,241.32
3996,1465,30,81,1,25.27,0.0,25.27
3997,1465,36,103,1,10.53,0.0,10.53
3998,1465,45,129,2,47.45,0.0,94.9
3999,1465,77,217,1,190.3,0.0,190.3
4000,1466,45,129,1,47.45,0.0,47.45
4001,1466,27,71,1,12.55,0.0,12.55
4002,1467,9,22,3,56.83,0.0,170.49
4003,1467,89,254,5,59.85,0.0,299.25
4004,1467,31,85,4,52.47,0.0,209.88
4005,1468,12,31,2,258.11,0.0,516.22
4006,1469,89,255,1,61.85,0.0,61.85
4007,1469,42,120,1,72.62,0.0,72.62
4008,1470,28,74,1,158.25,0.0,158.25
4009,1470,26,70,4,69.15,0.0,276.6
4010,1471,12,31,1,258.11,0.0,258.11
4011,1472,44,125,2,40.65,0.0,81.3
4012,1472,35,99,2,27.33,0.0,54.66
4013,1472,43,124,1,44.67,0.0,44.67
4014,1473,25,67,5,126.29,0.0,631.45
4015,1474,64,184,1,66.17,0.0,66.17
4016,1474,29,77,4,135.1,0.0,540.4
4017,1474,7,17,3,51.06,0.0,153.18
4018,1475,71,203,4,18.78,0.0,75.12
4019,1475,19,49,3,207.14,0.0,621.42
4020,1475,5,14,3,81.21,0.0,243.63
4021,1475,45,128,5,29.45,0.0,147.25
4022,1476,58,165,1,43.21,0.0,43.21
4023,1477,56,159,4,58.28,0.0,233.12
4024,1477,45,128,5,29.45,0.0,147.25
4025,1477,81,229,1,75.08,0.0,75.08
4026,1478,46,130,1,70.22,0.0,70.22
4027,1478,3,5,1,132.59,0.0,132.59
4028,1479,54,152,2,31.28,0.0,62.56
4029,1479,68,195,3,162.66,0.0,487.98
4030,1479,73,206,3,195.67,0.0,587.01
4031,1479,78,219,3,80.43,0.0,241.29
4032,1479,11,30,3,36.69,0.0,110.07
4033,1479,5,12,5,81.21,0.0,406.05
4034,1480,83,235,2,35.04,0.0,70.08
4035,1480,38,108,1,174.11,0.0,174.11
4036,1480,5,14,1,81.21,0.0,81.21
4037,1481,26,70,1,69.15,0.0,69.15
4038,1481,37,105,1,23.93,0.0,23.93
4039,1482,17,46,3,83.41,0.0,250.23
4040,1482,39,111,1,68.78,0.0,68.78
4041,1483,1,1,2,193.05,0.0,386.1
4042,1483,52,147,3,97.59,0.0,292.77
4043,1484,92,265,2,74.75,0.0,149.5
4044,1484,78,219,1,80.43,0.0,80.43
4045,1484,41,117,1,22.66,0.0,22.66
4046,1484,58,165,1,43.21,0.0,43.21
4047,1484,5,13,2,96.21,0.0,192.42
4048,1484,30,82,2,10.27,0.0,20.54
4049,1485,78,219,1,80.43,0.0,80.43
4050,1485,28,74,4,158.25,0.0,633.0
4051,1485,51,144,1,19.92,0.0,19.92
4052,1485,41,117,3,22.66,0.0,67.98
4053,1485,42,121,2,40.62,0.0,81.24
4054,1486,19,50,3,192.14,0.0,576.42
4055,1487,35,100,4,32.33,0.0,129.32
4056,1487,31,87,3,62.47,0.0,187.41
4057,1487,98,282,1,69.39,0.0,69.39
4058,1487,93,268,5,29.84,0.0,149.2
4059,1487,57,162,4,44.38,0.0,177.52
4060,1488,39,111,2,68.78,0.0,137.56
4061,1488,90,257,1,52.11,0.0,52.11
4062,1488,24,65,2,107.11,0.0,214.22
4063,1489,77,216,3,190.3,0.0,570.9
4064,1489,47,135,5,79.33,0.0,396.65
4065,1489,40,115,2,133.52,0.0,267.04
4066,1489,6,15,4,111.76,0.0,447.04
4067,1490,70,199,1,132.33,0.0,132.33
4068,1490,78,218,3,83.43,0.0,250.29
4069,1491,87,249,1,78.46,0.0,78.46
4070,1491,37,105,2,23.93,0.0,47.86
4071,1492,22,59,1,148.97,0.0,148.97
4072,1492,74,210,1,212.0,0.0,212.0
4073,1492,15,39,2,161.21,0.0,322.42
4074,1492,11,29,2,41.69,0.0,83.38
4075,1492,14,36,1,78.42,0.0,78.42
4076,1492,56,160,1,40.28,0.0,40.28
4077,1493,54,152,1,31.28,0.0,31.28
4078,1493,28,75,3,153.25,0.0,459.75
4079,1493,17,45,1,88.41,0.0,88.41
4080,1493,84,237,2,38.36,0.0,76.72
4081,1494,36,101,5,15.53,0.0,77.65
4082,1494,66,190,3,29.38,0.0,88.14
4083,1495,7,17,1,51.06,0.0,51.06
4084,1495,42,119,2,40.62,0.0,81.24
4085,1496,93,267,1,29.84,0.0,29.84
4086,1497,26,69,1,64.15,0.0,64.15
4087,1497,23,61,2,38.88,0.0,77.76
4088,1497,88,251,3,33.4,0.0,100.2
4089,1498,5,12,1,81.21,0.0,81.21
4090,1499,13,33,5,140.62,0.0,703.1
4091,1499,100,285,1,42.34,0.0,42.34
4092,1499,37,105,3,23.93,0.0,71.79
4093,1499,66,188,2,32.38,0.0,64.76
4094,1499,42,120,3,72.62,0.0,217.86
4095,1500,7,19,2,56.06,0.0,112.12
4096,1501,27,71,4,12.55,0.0,50.2
4097,1501,20,53,1,75.61,0.0,75.61
4098,1501,39,112,1,53.78,0.0,53.78
4099,1502,31,84,3,47.47,0.0,142.41
4100,1502,33,95,5,56.53,0.0,282.65
4101,1502,65,185,2,154.37,0.0,308.74
4102,1502,22,59,2,148.97,0.0,297.94
4103,1502,8,20,3,193.95,0.0,581.85
4104,1503,63,182,5,65.54,0.0,327.7
4105,1503,2,3,2,81.92,0.0,163.84
4106,1503,5,12,1,81.21,0.0,81.21
4107,1503,24,64,1,112.11,0.0,112.11
4108,1504,42,119,1,40.62,0.0,40.62
4109,1504,15,39,3,161.21,0.0,483.63
4110,1505,6,16,5,126.76,0.0,633.8
4111,1505,16,44,2,121.76,0.0,243.52
4112,1506,80,224,1,213.05,0.0,213.05
4113,1506,87,248,1,66.46,0.0,66.46
4114,1506,18,47,1,98.27,0.0,98.27
4115,1506,40,113,1,133.52,0.0,133.52
4116,1507,87,248,1,66.46,0.0,66.46
4117,1507,11,30,2,36.69,0.0,73.38
4118,1507,67,191,2,83.05,0.0,166.1
4119,1508,17,46,2,83.41,0.0,166.82
4120,1508,11,29,2,41.69,0.0,83.38
4121,1508,21,57,5,67.82,0.0,339.1
4122,1508,62,177,5,153.25,0.0,766.25
4123,1509,59,168,2,55.83,0.0,111.66
4124,1510,47,134,2,97.33,0.0,194.66
4125,1510,24,64,4,112.11,0.0,448.44
4126,1510,78,218,1,83.43,0.0,83.43
4127,1511,49,139,2,38.68,0.0,77.36
4128,1511,32,88,2,176.3,0.0,352.6
4129,1511,92,265,1,74.75,0.0,74.75
4130,1511,7,17,1,51.06,0.0,51.06
4131,1512,20,52,1,65.61,0.0,65.61
4132,1512,12,32,3,243.11,0.0,729.33
4133,1512,13,35,1,145.62,0.0,145.62
4134,1513,69,197,3,22.8,0.0,68.4
4135,1513,62,179,1,147.25,0.0,147.25
4136,1514,19,50,4,192.14,0.0,768.56
4137,1514,79,221,1,148.61,0.0,148.61
4138,1514,7,18,3,51.06,0.0,153.18
4139,1515,14,38,1,93.42,0.0,93.42
4140,1515,90,256,2,38.11,0.0,76.22
4141,1515,87,248,1,66.46,0.0,66.46
4142,1516,66,188,5,32.38,0.0,161.9
4143,1516,13,34,2,155.62,0.0,311.24
4144,1516,38,108,1,174.11,0.0,174.11
4145,1516,33,94,1,66.53,0.0,66.53
4146,1516,48,136,1,45.39,0.0,45.39
4147,1517,84,236,2,50.36,0.0,100.72
4148,1517,39,112,1,53.78,0.0,53.78
4149,1517,19,49,3,207.14,0.0,621.42
4150,1518,41,118,1,40.66,0.0,40.66
4151,1519,12,32,4,243.11,0.0,972.44
4152,1519,12,32,3,243.11,0.0,729.33
4153,1520,13,33,2,140.62,0.0,281.24
4154,1520,5,14,1,81.21,0.0,81.21
4155,1521,76,214,2,66.03,0.0,132.06
4156,1521,80,223,2,216.05,0.0,432.1
4157,1521,4,10,5,84.33,0.0,421.65
4158,1522,15,39,2,161.21,0.0,322.42
4159,1523,51,143,3,37.92,0.0,113.76
4160,1523,24,65,1,107.11,0.0,107.11
4161,1524,2,3,3,81.92,0.0,245.76
4162,1524,57,162,1,44.38,0.0,44.38
4163,1524,80,224,4,213.05,0.0,852.2
4164,1525,7,18,2,51.06,0.0,102.12
4165,1525,65,186,1,154.37,0.0,154.37
4166,1525,56,159,2,58.28,0.0,116.56
4167,1525,80,224,3,213.05,0.0,639.15
4168,1526,76,215,1,63.03,0.0,63.03
4169,1527,89,253,2,73.85,0.0,147.7
4170,1527,72,204,2,156.23,0.0,312.46
4171,1528,54,153,1,13.28,0.0,13.28
4172,1528,66,188,1,32.38,0.0,32.38
4173,1529,18,48,4,93.27,0.0,373.08
4174,1529,24,63,3,122.11,0.0,366.33
4175,1529,9,22,2,56.83,0.0,113.66
4176,1529,59,168,2,55.83,0.0,111.66
4177,1530,80,225,5,213.05,0.0,1065.25
4178,1531,51,143,2,37.92,0.0,75.84
4179,1531,7,17,1,51.06,0.0,51.06
4180,1531,52,146,2,65.59,0.0,131.18
4181,1532,69,197,1,22.8,0.0,22.8
4182,1532,32,88,2,176.3,0.0,352.6
4183,1532,59,167,1,55.83,0.0,55.83
4184,1532,4,7,2,84.33,0.0,168.66
4185,1533,63,181,2,65.54,0.0,131.08
4186,1534,47,134,1,97.33,0.0,97.33
4187,1534,25,66,2,136.29,0.0,272.58
4188,1535,73,207,4,192.67,0.0,770.68
4189,1535,71,201,3,15.78,0.0,47.34
4190,1536,15,39,2,161.21,0.0,322.42
4191,1536,67,192,2,77.05,0.0,154.1
4192,1537,93,266,3,27.84,0.0,83.52
4193,1537,59,170,2,73.83,0.0,147.66
4194,1538,30,82,3,10.27,0.0,30.81
4195,1538,8,21,2,183.95,0.0,367.9
4196,1539,55,155,1,49.23,0.0,49.23
4197,1539,9,24,3,56.83,0.0,170.49
4198,1539,86,246,1,85.71,0.0,85.71
4199,1539,66,190,2,29.38,0.0,58.76
4200,1539,74,210,2,212.0,0.0,424.0
4201,1539,43,124,2,44.67,0.0,89.34
4202,1540,98,281,1,83.39,0.0,83.39
4203,1540,58,166,1,61.21,0.0,61.21
4204,1540,70,200,1,129.33,0.0,129.33
4205,1540,68,196,4,165.66,0.0,662.64
4206,1541,47,135,2,79.33,0.0,158.66
4207,1541,41,117,2,22.66,0.0,45.32
4208,1542,3,5,1,132.59,0.0,132.59
4209,1542,76,215,2,63.03,0.0,126.06
4210,1542,80,224,1,213.05,0.0,213.05
4211,1542,14,37,2,83.42,0.0,166.84
4212,1542,57,164,1,26.38,0.0,26.38
4213,1543,31,84,2,47.47,0.0,94.94
4214,1543,98,282,1,69.39,0.0,69.39
4215,1544,42,119,2,40.62,0.0,81.24
4216,1545,81,229,1,75.08,0.0,75.08
4217,1545,84,236,3,50.36,0.0,151.08
4218,1546,91,258,1,21.66,0.0,21.66
4219,1547,16,41,1,121.76,0.0,121.76
4220,1547,30,81,3,25.27,0.0,75.81
4221,1548,55,157,5,17.23,0.0,86.15
4222,1549,53,148,4,62.71,0.0,250.84
4223,1549,35,99,2,27.33,0.0,54.66
4224,1549,29,78,5,150.1,0.0,750.5
4225,1549,23,61,4,38.88,0.0,155.52
4226,1549,14,38,2,93.42,0.0,186.84
4227,1550,35,99,2,27.33,0.0,54.66
4228,1550,56,161,1,40.28,0.0,40.28
4229,1551,22,58,3,138.97,0.0,416.91
4230,1551,51,144,2,19.92,0.0,39.84
4231,1551,71,203,2,18.78,0.0,37.56
4232,1552,16,41,1,121.76,0.0,121.76
4233,1553,74,210,1,212.0,0.0,212.0
4234,1553,13,34,1,155.62,0.0,155.62
4235,1554,99,283,2,61.51,0.0,123.02
4236,1554,32,90,1,176.3,0.0,176.3
4237,1554,46,131,2,70.22,0.0,140.44
4238,1555,61,174,4,72.85,0.0,291.4
4239,1555,75,212,2,50.67,0.0,101.34
4240,1555,66,189,1,26.38,0.0,26.38
4241,1555,77,217,4,190.3,0.0,761.2
4242,1556,55,155,2,49.23,0.0,98.46
4243,1557,18,47,1,98.27,0.0,98.27
4244,1557,37,106,2,18.93,0.0,37.86
4245,1557,100,287,4,44.34,0.0,177.36
4246,1557,42,121,2,40.62,0.0,81.24
4247,1557,29,78,1,150.1,0.0,150.1
4248,1557,35,99,1,27.33,0.0,27.33
4249,1558,23,61,1,38.88,0.0,38.88
4250,1558,47,134,2,97.33,0.0,194.66
4251,1559,58,166,1,61.21,0.0,61.21
4252,1559,86,246,1,85.71,0.0,85.71
4253,1559,10,28,2,236.5,0.0,473.0
4254,1560,9,24,2,56.83,0.0,113.66
4255,1560,40,114,1,128.52,0.0,128.52
4256,1560,46,131,4,70.22,0.0,280.88
4257,1560,100,287,1,44.34,0.0,44.34
4258,1561,64,183,2,72.17,0.0,144.34
4259,1561,26,68,5,69.15,0.0,345.75
4260,1562,47,134,2,97.33,0.0,194.66
4261,1562,73,207,2,192.67,0.0,385.34
4262,1562,47,135,5,79.33,0.0,396.65
4263,1563,33,95,2,56.53,11.31,90.44
4264,1563,63,182,3,65.54,13.11,157.29
4265,1563,52,147,3,97.59,19.52,234.21
4266,1564,7,18,1,51.06,10.21,40.85
4267,1565,70,200,2,129.33,0.0,258.66
4268,1565,97,279,1,39.57,0.0,39.57
4269,1566,5,13,1,96.21,19.24,76.97
4270,1566,45,128,1,29.45,5.89,23.56
4271,1566,69,198,1,25.8,5.16,20.64
4272,1567,24,63,1,122.11,0.0,122.11
4273,1567,17,45,4,88.41,0.0,353.64
4274,1568,72,205,4,153.23,30.65,490.32
4275,1568,34,96,1,79.03,15.81,63.22
4276,1568,82,232,2,33.0,6.6,52.8
4277,1569,7,17,3,51.06,10.21,122.55
4278,1569,87,247,1,64.46,12.89,51.57
4279,1570,45,128,2,29.45,0.0,58.9
4280,1570,24,65,1,107.11,0.0,107.11
4281,1570,100,287,1,44.34,0.0,44.34
4282,1571,58,165,3,43.21,0.0,129.63
4283,1571,19,49,3,207.14,0.0,621.42
4284,1572,27,73,1,7.55,0.0,7.55
4285,1573,24,64,1,112.11,22.42,89.69
4286,1573,1,2,1,188.05,37.61,150.44
4287,1573,72,205,2,153.23,30.65,245.16
4288,1573,98,281,3,83.39,16.68,200.13
4289,1574,11,30,2,36.69,7.34,58.7
4290,1574,50,140,1,111.34,22.27,89.07
4291,1574,47,135,1,79.33,15.87,63.46
4292,1575,37,106,2,18.93,0.0,37.86
4293,1575,69,197,2,22.8,0.0,45.6
4294,1575,1,1,5,193.05,0.0,965.25
4295,1575,57,164,5,26.38,0.0,131.9
4296,1575,38,109,1,164.11,0.0,164.11
4297,1576,50,142,1,79.34,0.0,79.34
4298,1576,55,156,2,17.23,0.0,34.46
4299,1577,23,62,1,48.88,9.78,39.1
4300,1577,73,206,3,195.67,39.13,469.62
4301,1578,19,50,4,192.14,38.43,614.84
4302,1578,11,29,4,41.69,8.34,133.4
4303,1578,31,86,3,52.47,10.49,125.94
4304,1578,4,8,4,89.33,17.87,285.84
4305,1578,79,222,3,145.61,29.12,349.47
4306,1578,2,3,4,81.92,16.38,262.16
4307,1579,23,60,1,33.88,0.0,33.88
4308,1579,74,210,2,212.0,0.0,424.0
4309,1579,82,230,1,21.0,0.0,21.0
4310,1579,7,17,5,51.06,0.0,255.3
4311,1579,14,37,2,83.42,0.0,166.84
4312,1580,26,68,4,69.15,13.83,221.28
4313,1580,16,43,4,136.76,27.35,437.64
4314,1581,69,197,3,22.8,0.0,68.4
4315,1582,24,63,4,122.11,0.0,488.44
4316,1582,23,61,4,38.88,0.0,155.52
4317,1583,66,190,1,29.38,0.0,29.38
4318,1583,11,29,1,41.69,0.0,41.69
4319,1583,25,67,1,126.29,0.0,126.29
4320,1584,26,69,2,64.15,0.0,128.3
4321,1584,8,21,1,183.95,0.0,183.95
4322,1584,31,87,3,62.47,0.0,187.41
4323,1584,8,20,2,193.95,0.0,387.9
4324,1585,14,37,4,83.42,16.68,266.96
4325,1585,10,26,3,251.5,50.3,603.6
4326,1586,5,14,1,81.21,0.0,81.21
4327,1586,35,100,2,32.33,0.0,64.66
4328,1586,60,173,2,36.2,0.0,72.4
4329,1586,55,155,1,49.23,0.0,49.23
4330,1586,54,153,1,13.28,0.0,13.28
4331,1586,1,2,2,188.05,0.0,376.1
4332,1587,22,59,3,148.97,29.79,357.54
4333,1587,4,7,1,84.33,16.87,67.46
4334,1587,76,214,4,66.03,13.21,211.28
4335,1587,12,31,2,258.11,51.62,412.98
4336,1587,65,185,4,154.37,30.87,494.0
4337,1588,71,201,3,15.78,0.0,47.34
4338,1588,16,44,1,121.76,0.0,121.76
4339,1589,26,70,3,69.15,0.0,207.45
4340,1590,52,146,2,65.59,0.0,131.18
4341,1590,15,39,1,161.21,0.0,161.21
4342,1591,49,138,1,20.68,0.0,20.68
4343,1592,95,272,1,9.88,0.0,9.88
4344,1592,54,152,2,31.28,0.0,62.56
4345,1593,25,67,3,126.29,0.0,378.87
4346,1593,48,136,2,45.39,0.0,90.78
4347,1594,72,205,4,153.23,0.0,612.92
4348,1594,41,118,3,40.66,0.0,121.98
4349,1595,24,64,1,112.11,22.42,89.69
4350,1596,31,85,1,52.47,0.0,52.47
4351,1597,89,253,1,73.85,0.0,73.85
4352,1597,5,12,1,81.21,0.0,81.21
4353,1598,64,184,2,66.17,0.0,132.34
4354,1598,40,116,1,143.52,0.0,143.52
4355,1598,6,16,1,126.76,0.0,126.76
4356,1598,46,130,2,70.22,0.0,140.44
4357,1598,40,114,3,128.52,0.0,385.56
4358,1599,1,1,3,193.05,38.61,463.32
4359,1599,42,121,2,40.62,8.12,65.0
4360,1599,22,59,1,148.97,29.79,119.18
4361,1599,65,185,4,154.37,30.87,494.0
4362,1599,12,31,2,258.11,51.62,412.98
4363,1600,69,197,1,22.8,4.56,18.24
4364,1601,20,54,5,60.61,12.12,242.45
4365,1601,53,151,5,44.71,8.94,178.85
4366,1601,13,33,1,140.62,28.12,112.5
4367,1601,76,215,5,63.03,12.61,252.1
4368,1602,52,146,1,65.59,0.0,65.59
4369,1602,31,84,2,47.47,0.0,94.94
4370,1602,61,175,4,69.85,0.0,279.4
4371,1602,49,139,3,38.68,0.0,116.04
4372,1602,58,166,3,61.21,0.0,183.63
4373,1602,4,8,3,89.33,0.0,267.99
4374,1603,80,225,2,213.05,0.0,426.1
4375,1603,33,92,1,56.53,0.0,56.53
4376,1604,67,192,1,77.05,0.0,77.05
4377,1605,9,23,5,61.83,0.0,309.15
4378,1605,61,175,2,69.85,0.0,139.7
4379,1605,92,262,1,62.75,0.0,62.75
4380,1605,53,150,2,76.71,0.0,153.42
4381,1605,66,188,2,32.38,0.0,64.76
4382,1605,23,60,1,33.88,0.0,33.88
4383,1606,15,40,3,176.21,0.0,528.63
4384,1606,33,92,1,56.53,0.0,56.53
4385,1607,10,25,3,241.5,48.3,579.6
4386,1607,67,192,3,77.05,15.41,184.92
4387,1607,24,64,4,112.11,22.42,358.76
4388,1607,53,151,3,44.71,8.94,107.31
4389,1608,41,118,1,40.66,8.13,32.53
4390,1608,5,11,1,86.21,17.24,68.97
4391,1608,3,6,1,147.59,29.52,118.07
4392,1609,80,224,3,213.05,0.0,639.15
4393,1609,26,69,3,64.15,0.0,192.45
4394,1609,65,187,1,151.37,0.0,151.37
4395,1609,68,196,2,165.66,0.0,331.32
4396,1609,77,216,1,190.3,0.0,190.3
4397,1609,36,102,3,25.53,0.0,76.59
4398,1610,7,17,1,51.06,0.0,51.06
4399,1611,28,74,4,158.25,31.65,506.4
4400,1611,76,214,2,66.03,13.21,105.64
4401,1612,79,221,1,148.61,0.0,148.61
4402,1613,54,152,4,31.28,0.0,125.12
4403,1614,5,11,3,86.21,0.0,258.63
4404,1614,19,49,3,207.14,0.0,621.42
4405,1614,9,23,2,61.83,0.0,123.66
4406,1615,72,204,4,156.23,0.0,624.92
4407,1615,54,153,1,13.28,0.0,13.28
4408,1616,49,138,3,20.68,0.0,62.04
4409,1617,69,197,2,22.8,4.56,36.48
4410,1617,6,16,1,126.76,25.35,101.41
4411,1617,59,170,2,73.83,14.77,118.12
4412,1618,59,169,2,87.83,0.0,175.66
4413,1619,71,201,5,15.78,3.16,63.1
4414,1619,34,98,1,79.03,15.81,63.22
4415,1620,88,250,4,45.4,0.0,181.6
4416,1621,91,260,1,23.66,0.0,23.66
4417,1621,78,218,2,83.43,0.0,166.86
4418,1622,38,108,2,174.11,0.0,348.22
4419,1622,44,127,2,22.65,0.0,45.3
4420,1623,71,201,1,15.78,0.0,15.78
4421,1623,94,270,3,36.87,0.0,110.61
4422,1624,8,21,1,183.95,36.79,147.16
4423,1624,9,23,1,61.83,12.37,49.46
4424,1625,21,57,2,67.82,13.56,108.52
4425,1625,40,116,1,143.52,28.7,114.82
4426,1625,2,4,1,86.92,17.38,69.54
4427,1625,40,114,1,128.52,25.7,102.82
4428,1626,84,237,2,38.36,0.0,76.72
4429,1627,28,76,3,158.25,0.0,474.75
4430,1627,89,253,1,73.85,0.0,73.85
4431,1628,5,13,4,96.21,0.0,384.84
4432,1628,80,224,1,213.05,0.0,213.05
4433,1628,22,58,2,138.97,0.0,277.94
4434,1629,32,90,3,176.3,35.26,423.12
4435,1629,20,55,5,60.61,12.12,242.45
4436,1629,28,76,2,158.25,31.65,253.2
4437,1629,99,283,1,61.51,12.3,49.21
4438,1629,69,197,3,22.8,4.56,54.72
4439,1630,74,210,2,212.0,0.0,424.0
4440,1630,60,172,2,18.2,0.0,36.4
4441,1630,2,4,2,86.92,0.0,173.84
4442,1630,51,145,2,51.92,0.0,103.84
4443,1630,19,49,2,207.14,0.0,414.28
4444,1631,55,157,1,17.23,0.0,17.23
4445,1631,98,282,3,69.39,0.0,208.17
4446,1631,1,2,2,188.05,0.0,376.1
4447,1631,56,161,5,40.28,0.0,201.4
4448,1631,67,192,2,77.05,0.0,154.1
4449,1632,44,127,3,22.65,0.0,67.95
4450,1632,6,15,1,111.76,0.0,111.76
4451,1633,63,181,2,65.54,13.11,104.86
4452,1633,19,51,1,192.14,38.43,153.71
4453,1633,3,6,1,147.59,29.52,118.07
4454,1634,49,139,1,38.68,0.0,38.68
4455,1635,68,195,3,162.66,0.0,487.98
4456,1636,3,5,1,132.59,26.52,106.07
4457,1637,68,195,5,162.66,32.53,650.65
4458,1637,16,44,4,121.76,24.35,389.64
4459,1637,47,134,2,97.33,19.47,155.72
4460,1638,18,47,1,98.27,0.0,98.27
4461,1638,21,57,2,67.82,0.0,135.64
4462,1638,48,136,2,45.39,0.0,90.78
4463,1638,37,105,2,23.93,0.0,47.86
4464,1639,72,205,2,153.23,0.0,306.46
4465,1640,95,274,1,7.88,0.0,7.88
4466,1640,39,112,2,53.78,0.0,107.56
4467,1641,49,139,1,38.68,7.74,30.94
4468,1641,1,1,2,193.05,38.61,308.88
4469,1641,36,102,2,25.53,5.11,40.84
4470,1642,17,45,1,88.41,0.0,88.41
4471,1643,40,114,1,128.52,0.0,128.52
4472,1643,58,166,2,61.21,0.0,122.42
4473,1644,25,66,1,136.29,27.26,109.03
4474,1644,4,10,1,84.33,16.87,67.46
4475,1644,5,12,1,81.21,16.24,64.97
4476,1644,55,156,2,17.23,3.45,27.56
4477,1645,16,42,2,126.76,0.0,253.52
4478,1645,5,14,1,81.21,0.0,81.21
4479,1645,35,100,5,32.33,0.0,161.65
4480,1646,34,98,2,79.03,15.81,126.44
4481,1647,92,263,2,60.75,12.15,97.2
4482,1647,93,268,1,29.84,5.97,23.87
4483,1648,27,72,2,22.55,0.0,45.1
4484,1648,86,245,5,85.71,0.0,428.55
4485,1648,97,280,2,39.57,0.0,79.14
4486,1648,96,278,1,80.44,0.0,80.44
4487,1649,29,79,1,140.1,0.0,140.1
4488,1649,21,57,3,67.82,0.0,203.46
4489,1649,71,202,3,18.78,0.0,56.34
4490,1649,6,16,2,126.76,0.0,253.52
4491,1649,96,277,1,80.44,0.0,80.44
4492,1650,26,68,2,69.15,0.0,138.3
4493,1650,11,29,1,41.69,0.0,41.69
4494,1650,68,193,1,165.66,0.0,165.66
4495,1650,70,200,2,129.33,0.0,258.66
4496,1651,51,145,1,51.92,10.38,41.54
4497,1651,51,144,1,19.92,3.98,15.94
4498,1651,80,223,2,216.05,43.21,345.68
4499,1651,48,136,1,45.39,9.08,36.31
4500,1652,51,143,1,37.92,0.0,37.92
4501,1652,71,201,1,15.78,0.0,15.78
4502,1652,2,3,2,81.92,0.0,163.84
4503,1653,44,125,2,40.65,8.13,65.04
4504,1654,37,105,1,23.93,0.0,23.93
4505,1654,50,141,2,97.34,0.0,194.68
4506,1655,54,153,1,13.28,0.0,13.28
4507,1656,7,18,2,51.06,0.0,102.12
4508,1656,35,99,5,27.33,0.0,136.65
4509,1657,12,31,1,258.11,0.0,258.11
4510,1657,58,165,1,43.21,0.0,43.21
4511,1657,52,147,2,97.59,0.0,195.18
4512,1658,54,152,3,31.28,0.0,93.84
4513,1658,56,161,1,40.28,0.0,40.28
4514,1658,8,21,3,183.95,0.0,551.85
4515,1658,41,118,1,40.66,0.0,40.66
4516,1658,53,148,1,62.71,0.0,62.71
4517,1659,79,222,1,145.61,0.0,145.61
4518,1659,76,215,3,63.03,0.0,189.09
4519,1660,26,68,1,69.15,13.83,55.32
4520,1660,6,16,1,126.76,25.35,101.41
4521,1661,62,177,2,153.25,0.0,306.5
4522,1661,86,246,1,85.71,0.0,85.71
4523,1661,45,128,5,29.45,0.0,147.25
4524,1662,2,4,5,86.92,0.0,434.6
4525,1662,51,145,2,51.92,0.0,103.84
4526,1663,4,8,1,89.33,0.0,89.33
4527,1663,47,135,1,79.33,0.0,79.33
4528,1663,82,231,2,21.0,0.0,42.0
4529,1663,26,69,2,64.15,0.0,128.3
4530,1663,56,159,1,58.28,0.0,58.28
4531,1664,50,141,2,97.34,0.0,194.68
4532,1664,15,39,3,161.21,0.0,483.63
4533,1664,22,58,5,138.97,0.0,694.85
4534,1664,69,197,3,22.8,0.0,68.4
4535,1665,24,63,1,122.11,0.0,122.11
4536,1665,20,55,2,60.61,0.0,121.22
4537,1665,59,169,1,87.83,0.0,87.83
4538,1665,19,49,3,207.14,0.0,621.42
4539,1665,57,164,4,26.38,0.0,105.52
4540,1666,65,187,1,151.37,0.0,151.37
4541,1667,70,200,1,129.33,0.0,129.33
4542,1667,52,147,1,97.59,0.0,97.59
4543,1668,21,56,5,72.82,0.0,364.1
4544,1668,3,6,5,147.59,0.0,737.95
4545,1668,23,60,5,33.88,0.0,169.4
4546,1669,25,67,2,126.29,0.0,252.58
4547,1669,89,253,1,73.85,0.0,73.85
4548,1670,25,66,1,136.29,0.0,136.29
4549,1671,62,177,3,153.25,0.0,459.75
4550,1671,8,21,4,183.95,0.0,735.8
4551,1672,38,107,5,159.11,0.0,795.55
4552,1672,86,244,3,83.71,0.0,251.13
4553,1672,32,88,4,176.3,0.0,705.2
4554,1673,100,286,1,56.34,0.0,56.34
4555,1674,7,19,4,56.06,0.0,224.24
4556,1675,24,65,1,107.11,0.0,107.11
4557,1675,49,138,3,20.68,0.0,62.04
4558,1676,1,1,4,193.05,0.0,772.2
4559,1676,95,272,1,9.88,0.0,9.88
4560,1676,5,13,3,96.21,0.0,288.63
4561,1676,17,46,4,83.41,0.0,333.64
4562,1676,9,23,3,61.83,0.0,185.49
4563,1677,17,45,1,88.41,0.0,88.41
4564,1677,9,23,2,61.83,0.0,123.66
4565,1678,3,6,1,147.59,0.0,147.59
4566,1678,44,126,1,22.65,0.0,22.65
4567,1678,62,177,3,153.25,0.0,459.75
4568,1678,12,32,1,243.11,0.0,243.11
4569,1678,5,14,1,81.21,0.0,81.21
4570,1679,76,214,2,66.03,0.0,132.06
4571,1680,13,33,3,140.62,0.0,421.86
4572,1680,84,237,2,38.36,0.0,76.72
4573,1681,87,249,1,78.46,0.0,78.46
4574,1681,5,12,1,81.21,0.0,81.21
4575,1681,33,95,2,56.53,0.0,113.06
4576,1682,29,80,2,140.1,0.0,280.2
4577,1682,74,209,2,215.0,0.0,430.0
4578,1682,40,113,2,133.52,0.0,267.04
4579,1682,32,90,2,176.3,0.0,352.6
4580,1682,95,272,5,9.88,0.0,49.4
4581,1683,12,32,4,243.11,0.0,972.44
4582,1683,70,199,2,132.33,0.0,264.66
4583,1684,3,6,1,147.59,0.0,147.59
4584,1684,50,142,2,79.34,0.0,158.68
4585,1685,46,130,1,70.22,0.0,70.22
4586,1685,71,202,4,18.78,0.0,75.12
4587,1685,3,6,1,147.59,0.0,147.59
4588,1685,67,192,3,77.05,0.0,231.15
4589,1685,77,217,4,190.3,0.0,761.2
4590,1686,75,213,2,44.67,0.0,89.34
4591,1686,76,215,1,63.03,0.0,63.03
4592,1687,33,94,2,66.53,0.0,133.06
4593,1688,11,29,1,41.69,0.0,41.69
4594,1688,51,145,1,51.92,0.0,51.92
4595,1689,86,245,1,85.71,0.0,85.71
4596,1689,19,51,2,192.14,0.0,384.28
4597,1689,26,68,1,69.15,0.0,69.15
4598,1689,1,1,2,193.05,0.0,386.1
4599,1689,52,147,1,97.59,0.0,97.59
4600,1690,34,97,4,89.03,0.0,356.12
4601,1691,37,105,1,23.93,0.0,23.93
4602,1692,27,71,4,12.55,0.0,50.2
4603,1692,96,275,3,92.44,0.0,277.32
4604,1692,9,23,4,61.83,0.0,247.32
4605,1692,58,166,3,61.21,0.0,183.63
4606,1692,56,159,5,58.28,0.0,291.4
4607,1692,14,38,4,93.42,0.0,373.68
4608,1693,7,17,1,51.06,0.0,51.06
4609,1693,53,151,2,44.71,0.0,89.42
4610,1694,65,187,1,151.37,0.0,151.37
4611,1694,78,218,3,83.43,0.0,250.29
4612,1694,82,231,1,21.0,0.0,21.0
4613,1694,64,183,2,72.17,0.0,144.34
4614,1694,83,235,1,35.04,0.0,35.04
4615,1695,14,36,3,78.42,0.0,235.26
4616,1695,45,129,1,47.45,0.0,47.45
4617,1696,16,41,3,121.76,0.0,365.28
4618,1696,11,30,3,36.69,0.0,110.07
4619,1697,65,186,3,154.37,0.0,463.11
4620,1697,17,45,1,88.41,0.0,88.41
4621,1697,32,90,1,176.3,0.0,176.3
4622,1698,31,86,2,52.47,0.0,104.94
4623,1699,60,173,1,36.2,0.0,36.2
4624,1699,17,46,3,83.41,0.0,250.23
4625,1699,75,212,2,50.67,0.0,101.34
4626,1700,34,96,1,79.03,0.0,79.03
4627,1700,53,151,1,44.71,0.0,44.71
4628,1700,34,96,2,79.03,0.0,158.06
4629,1700,6,16,4,126.76,0.0,507.04
4630,1701,35,99,1,27.33,0.0,27.33
4631,1701,75,211,1,47.67,0.0,47.67
4632,1701,15,39,2,161.21,0.0,322.42
4633,1701,15,39,1,161.21,0.0,161.21
4634,1701,66,189,2,26.38,0.0,52.76
4635,1702,2,3,3,81.92,0.0,245.76
4636,1702,1,1,2,193.05,0.0,386.1
4637,1703,85,241,1,6.14,0.0,6.14
4638,1704,77,217,3,190.3,0.0,570.9
4639,1704,72,205,2,153.23,0.0,306.46
4640,1704,41,117,3,22.66,0.0,67.98
4641,1704,41,117,1,22.66,0.0,22.66
4642,1704,75,213,1,44.67,0.0,44.67
4643,1704,63,182,2,65.54,0.0,131.08
4644,1705,73,207,1,192.67,0.0,192.67
4645,1705,73,206,3,195.67,0.0,587.01
4646,1706,98,281,1,83.39,0.0,83.39
4647,1707,51,144,2,19.92,1.99,35.86
4648,1707,14,38,1,93.42,9.34,84.08
4649,1707,17,45,1,88.41,8.84,79.57
4650,1708,77,217,5,190.3,19.03,856.35
4651,1708,9,22,3,56.83,5.68,153.45
4652,1708,85,241,1,6.14,0.61,5.53
4653,1709,60,172,4,18.2,0.0,72.8
4654,1709,72,205,2,153.23,0.0,306.46
4655,1709,18,48,1,93.27,0.0,93.27
4656,1710,46,132,1,102.22,0.0,102.22
4657,1710,41,118,1,40.66,0.0,40.66
4658,1710,4,9,2,99.33,0.0,198.66
4659,1710,44,125,2,40.65,0.0,81.3
4660,1710,75,213,1,44.67,0.0,44.67
4661,1711,68,195,3,162.66,0.0,487.98
4662,1712,53,149,1,44.71,0.0,44.71
4663,1713,64,183,5,72.17,0.0,360.85
4664,1713,64,183,1,72.17,0.0,72.17
4665,1713,8,20,1,193.95,0.0,193.95
4666,1713,5,13,3,96.21,0.0,288.63
4667,1714,17,45,4,88.41,0.0,353.64
4668,1714,89,255,3,61.85,0.0,185.55
4669,1714,66,189,1,26.38,0.0,26.38
4670,1714,76,214,2,66.03,0.0,132.06
4671,1714,67,191,3,83.05,0.0,249.15
4672,1715,19,50,5,192.14,19.21,864.65
4673,1715,72,204,4,156.23,15.62,562.44
4674,1715,39,110,4,58.78,5.88,211.6
4675,1716,4,7,1,84.33,0.0,84.33
4676,1716,38,108,1,174.11,0.0,174.11
4677,1716,13,35,3,145.62,0.0,436.86
4678,1716,2,4,2,86.92,0.0,173.84
4679,1717,27,73,3,7.55,0.76,20.37
4680,1717,68,196,1,165.66,16.57,149.09
4681,1717,57,163,2,58.38,5.84,105.08
4682,1717,90,256,1,38.11,3.81,34.3
4683,1718,77,216,1,190.3,0.0,190.3
4684,1718,6,16,1,126.76,0.0,126.76
4685,1718,68,196,1,165.66,0.0,165.66
4686,1718,32,91,2,186.3,0.0,372.6
4687,1719,2,4,3,86.92,8.69,234.69
4688,1719,32,89,1,171.3,17.13,154.17
4689,1720,67,192,2,77.05,7.71,138.68
4690,1720,47,135,2,79.33,7.93,142.8
4691,1720,62,177,1,153.25,15.32,137.93
4692,1721,59,168,2,55.83,0.0,111.66
4693,1721,80,225,1,213.05,0.0,213.05
4694,1722,94,271,2,24.87,2.49,44.76
4695,1722,25,66,1,136.29,13.63,122.66
4696,1723,34,97,3,89.03,0.0,267.09
4697,1723,16,42,1,126.76,0.0,126.76
4698,1723,20,55,4,60.61,0.0,242.44
4699,1723,44,125,1,40.65,0.0,40.65
4700,1723,76,215,3,63.03,0.0,189.09
4701,1723,72,205,2,153.23,0.0,306.46
4702,1724,38,109,1,164.11,16.41,147.7
4703,1725,13,33,4,140.62,0.0,562.48
4704,1726,78,218,1,83.43,0.0,83.43
4705,1726,76,214,2,66.03,0.0,132.06
4706,1727,62,178,2,150.25,0.0,300.5
4707,1728,39,111,4,68.78,0.0,275.12
4708,1728,16,43,2,136.76,0.0,273.52
4709,1728,83,233,2,35.04,0.0,70.08
4710,1729,65,187,2,151.37,15.14,272.46
4711,1729,100,286,1,56.34,5.63,50.71
4712,1730,13,34,5,155.62,0.0,778.1
4713,1730,29,79,4,140.1,0.0,560.4
4714,1730,18,48,2,93.27,0.0,186.54
4715,1730,24,65,4,107.11,0.0,428.44
4716,1730,6,15,5,111.76,0.0,558.8
4717,1731,34,98,1,79.03,0.0,79.03
4718,1731,77,217,1,190.3,0.0,190.3
4719,1732,76,215,1,63.03,0.0,63.03
4720,1732,43,122,1,12.67,0.0,12.67
4721,1733,8,21,1,183.95,0.0,183.95
4722,1733,47,134,2,97.33,0.0,194.66
4723,1733,53,151,2,44.71,0.0,89.42
4724,1733,40,115,1,133.52,0.0,133.52
4725,1733,6,16,4,126.76,0.0,507.04
4726,1734,6,16,2,126.76,12.68,228.16
4727,1734,22,58,2,138.97,13.9,250.14
4728,1734,59,170,3,73.83,7.38,199.35
4729,1734,1,2,3,188.05,18.8,507.75
4730,1735,75,212,1,50.67,0.0,50.67
4731,1736,84,238,2,38.36,0.0,76.72
4732,1736,97,279,2,39.57,0.0,79.14
4733,1736,39,112,2,53.78,0.0,107.56
4734,1737,9,22,5,56.83,0.0,284.15
4735,1737,68,194,1,168.66,0.0,168.66
4736,1737,25,67,1,126.29,0.0,126.29
4737,1738,30,83,1,15.27,0.0,15.27
4738,1738,100,285,1,42.34,0.0,42.34
4739,1738,76,214,1,66.03,0.0,66.03
4740,1738,5,11,2,86.21,0.0,172.42
4741,1739,49,139,3,38.68,3.87,104.43
4742,1739,54,153,1,13.28,1.33,11.95
4743,1739,26,69,1,64.15,6.42,57.73
4744,1740,3,5,3,132.59,0.0,397.77
4745,1740,60,171,1,18.2,0.0,18.2
4746,1740,76,214,2,66.03,0.0,132.06
4747,1740,76,214,1,66.03,0.0,66.03
4748,1740,15,40,2,176.21,0.0,352.42
4749,1740,70,200,1,129.33,0.0,129.33
4750,1741,63,182,2,65.54,0.0,131.08
4751,1741,70,200,2,129.33,0.0,258.66
4752,1742,27,72,2,22.55,0.0,45.1
4753,1742,96,277,4,80.44,0.0,321.76
4754,1742,36,104,5,15.53,0.0,77.65
4755,1743,5,12,3,81.21,0.0,243.63
4756,1743,28,76,4,158.25,0.0,633.0
4757,1743,61,176,2,66.85,0.0,133.7
4758,1744,69,198,1,25.8,0.0,25.8
4759,1745,54,153,1,13.28,0.0,13.28
4760,1745,39,110,3,58.78,0.0,176.34
4761,1745,80,224,3,213.05,0.0,639.15
4762,1745,48,136,2,45.39,0.0,90.78
4763,1745,7,19,3,56.06,0.0,168.18
4764,1746,68,195,1,162.66,0.0,162.66
4765,1746,80,225,3,213.05,0.0,639.15
4766,1746,18,48,2,93.27,0.0,186.54
4767,1747,62,180,1,150.25,0.0,150.25
4768,1747,85,243,2,6.14,0.0,12.28
4769,1747,38,107,3,159.11,0.0,477.33
4770,1747,35,100,2,32.33,0.0,64.66
4771,1748,39,111,1,68.78,6.88,61.9
4772,1748,39,112,1,53.78,5.38,48.4
4773,1748,7,19,1,56.06,5.61,50.45
4774,1749,64,184,2,66.17,6.62,119.1
4775,1749,5,13,1,96.21,9.62,86.59
4776,1750,42,119,1,40.62,0.0,40.62
4777,1750,50,140,2,111.34,0.0,222.68
4778,1750,72,204,1,156.23,0.0,156.23
4779,1751,71,203,1,18.78,0.0,18.78
4780,1751,29,77,1,135.1,0.0,135.1
4781,1751,68,195,2,162.66,0.0,325.32
4782,1752,39,112,2,53.78,0.0,107.56
4783,1752,25,66,1,136.29,0.0,136.29
4784,1752,33,92,2,56.53,0.0,113.06
4785,1753,40,116,4,143.52,0.0,574.08
4786,1753,59,168,5,55.83,0.0,279.15
4787,1753,51,143,2,37.92,0.0,75.84
4788,1754,11,29,1,41.69,0.0,41.69
4789,1754,40,113,4,133.52,0.0,534.08
4790,1754,32,89,3,171.3,0.0,513.9
4791,1754,86,244,3,83.71,0.0,251.13
4792,1754,12,32,1,243.11,0.0,243.11
4793,1755,39,112,1,53.78,0.0,53.78
4794,1756,14,38,2,93.42,0.0,186.84
4795,1757,17,45,1,88.41,0.0,88.41
4796,1757,61,176,1,66.85,0.0,66.85
4797,1758,59,170,1,73.83,0.0,73.83
4798,1758,48,136,3,45.39,0.0,136.17
4799,1758,10,25,1,241.5,0.0,241.5
4800,1758,12,31,1,258.11,0.0,258.11
4801,1759,58,166,2,61.21,0.0,122.42
4802,1759,8,21,2,183.95,0.0,367.9
4803,1759,23,62,4,48.88,0.0,195.52
4804,1759,82,232,5,33.0,0.0,165.0
4805,1760,50,141,3,97.34,0.0,292.02
4806,1761,33,95,3,56.53,0.0,169.59
4807,1761,72,204,5,156.23,0.0,781.15
4808,1762,56,159,2,58.28,0.0,116.56
4809,1762,90,257,1,52.11,0.0,52.11
4810,1763,73,206,2,195.67,0.0,391.34
4811,1763,15,40,4,176.21,0.0,704.84
4812,1763,3,6,1,147.59,0.0,147.59
4813,1763,48,136,1,45.39,0.0,45.39
4814,1764,61,176,4,66.85,0.0,267.4
4815,1764,44,126,1,22.65,0.0,22.65
4816,1764,16,41,1,121.76,0.0,121.76
4817,1764,27,73,3,7.55,0.0,22.65
4818,1764,49,138,3,20.68,0.0,62.04
4819,1765,99,284,4,49.51,0.0,198.04
4820,1765,47,134,1,97.33,0.0,97.33
4821,1765,62,177,3,153.25,0.0,459.75
4822,1766,29,77,3,135.1,0.0,405.3
4823,1766,77,216,1,190.3,0.0,190.3
4824,1766,64,184,1,66.17,0.0,66.17
4825,1766,40,115,1,133.52,0.0,133.52
4826,1766,22,58,3,138.97,0.0,416.91
4827,1766,32,91,3,186.3,0.0,558.9
4828,1767,40,115,2,133.52,0.0,267.04
4829,1767,8,21,1,183.95,0.0,183.95
4830,1768,44,126,2,22.65,0.0,45.3
4831,1768,17,45,3,88.41,0.0,265.23
4832,1769,7,18,3,51.06,0.0,153.18
4833,1770,39,110,1,58.78,0.0,58.78
4834,1771,54,152,5,31.28,0.0,156.4
4835,1772,71,203,2,18.78,0.0,37.56
4836,1773,39,112,3,53.78,0.0,161.34
4837,1773,72,205,2,153.23,0.0,306.46
4838,1774,2,4,1,86.92,0.0,86.92
4839,1774,39,112,1,53.78,0.0,53.78
4840,1775,73,207,2,192.67,0.0,385.34
4841,1776,24,64,1,112.11,0.0,112.11
4842,1776,53,150,5,76.71,0.0,383.55
4843,1776,36,102,1,25.53,0.0,25.53
4844,1776,37,106,1,18.93,0.0,18.93
4845,1777,19,51,2,192.14,0.0,384.28
4846,1777,27,73,1,7.55,0.0,7.55
4847,1777,18,47,4,98.27,0.0,393.08
4848,1778,93,268,3,29.84,0.0,89.52
4849,1778,66,188,4,32.38,0.0,129.52
4850,1778,20,52,3,65.61,0.0,196.83
4851,1779,60,171,3,18.2,0.0,54.6
4852,1779,76,214,2,66.03,0.0,132.06
4853,1779,16,44,2,121.76,0.0,243.52
4854,1779,95,272,2,9.88,0.0,19.76
4855,1780,32,89,2,171.3,0.0,342.6
4856,1781,72,204,5,156.23,0.0,781.15
4857,1781,47,135,3,79.33,0.0,237.99
4858,1781,12,32,1,243.11,0.0,243.11
4859,1781,33,92,2,56.53,0.0,113.06
4860,1781,60,173,1,36.2,0.0,36.2
4861,1781,21,57,1,67.82,0.0,67.82
4862,1782,86,245,1,85.71,0.0,85.71
4863,1782,38,109,2,164.11,0.0,328.22
4864,1782,7,19,1,56.06,0.0,56.06
4865,1782,35,99,2,27.33,0.0,54.66
4866,1782,59,169,1,87.83,0.0,87.83
4867,1783,17,46,5,83.41,0.0,417.05
4868,1783,7,18,3,51.06,0.0,153.18
4869,1783,35,99,2,27.33,0.0,54.66
4870,1784,49,138,1,20.68,0.0,20.68
4871,1784,37,105,3,23.93,0.0,71.79
4872,1784,31,87,1,62.47,0.0,62.47
4873,1785,22,58,4,138.97,0.0,555.88
4874,1785,51,143,5,37.92,0.0,189.6
4875,1786,59,168,5,55.83,0.0,279.15
4876,1786,4,9,1,99.33,0.0,99.33
4877,1787,4,8,2,89.33,0.0,178.66
4878,1787,32,88,2,176.3,0.0,352.6
4879,1787,74,209,1,215.0,0.0,215.0
4880,1787,12,32,1,243.11,0.0,243.11
4881,1787,86,245,4,85.71,0.0,342.84
4882,1788,35,100,2,32.33,0.0,64.66
4883,1788,63,181,2,65.54,0.0,131.08
4884,1788,64,183,1,72.17,0.0,72.17
4885,1789,13,35,2,145.62,0.0,291.24
4886,1789,2,4,1,86.92,0.0,86.92
4887,1789,48,136,1,45.39,0.0,45.39
4888,1790,41,117,5,22.66,0.0,113.3
4889,1790,30,81,5,25.27,0.0,126.35
4890,1790,41,118,3,40.66,0.0,121.98
4891,1790,100,287,2,44.34,0.0,88.68
4892,1790,38,108,3,174.11,0.0,522.33
4893,1791,49,139,1,38.68,0.0,38.68
4894,1791,3,5,1,132.59,0.0,132.59
4895,1791,32,90,1,176.3,0.0,176.3
4896,1791,71,203,2,18.78,0.0,37.56
4897,1792,54,153,3,13.28,0.0,39.84
4898,1792,78,219,4,80.43,0.0,321.72
4899,1792,69,197,1,22.8,0.0,22.8
4900,1792,23,60,4,33.88,0.0,135.52
4901,1792,52,146,2,65.59,0.0,131.18
4902,1793,2,3,2,81.92,0.0,163.84
4903,1793,85,243,1,6.14,0.0,6.14
4904,1794,97,280,1,39.57,0.0,39.57
4905,1794,87,247,1,64.46,0.0,64.46
4906,1794,11,29,2,41.69,0.0,83.38
4907,1795,19,51,2,192.14,0.0,384.28
4908,1795,79,220,1,151.61,0.0,151.61
4909,1795,70,199,1,132.33,0.0,132.33
4910,1796,6,15,3,111.76,0.0,335.28
4911,1796,25,67,2,126.29,0.0,252.58
4912,1796,59,168,1,55.83,0.0,55.83
4913,1796,13,33,3,140.62,0.0,421.86
4914,1797,74,209,1,215.0,0.0,215.0
4915,1798,56,158,1,72.28,0.0,72.28
4916,1798,55,154,2,35.23,0.0,70.46
4917,1799,15,39,1,161.21,0.0,161.21
4918,1799,67,191,1,83.05,0.0,83.05
4919,1799,38,108,1,174.11,0.0,174.11
4920,1800,4,9,1,99.33,0.0,99.33
4921,1800,1,1,4,193.05,0.0,772.2
4922,1801,4,9,1,99.33,0.0,99.33
4923,1801,28,76,1,158.25,0.0,158.25
4924,1801,50,140,1,111.34,0.0,111.34
4925,1801,47,134,1,97.33,0.0,97.33
4926,1801,81,226,5,61.08,0.0,305.4
4927,1802,34,98,1,79.03,0.0,79.03
4928,1803,77,217,4,190.3,0.0,761.2
4929,1803,80,224,4,213.05,0.0,852.2
4930,1803,49,139,2,38.68,0.0,77.36
4931,1803,31,85,5,52.47,0.0,262.35
4932,1804,43,123,1,12.67,0.0,12.67
4933,1805,25,67,2,126.29,0.0,252.58
4934,1806,93,267,3,29.84,0.0,89.52
4935,1807,91,260,1,23.66,0.0,23.66
4936,1807,37,106,2,18.93,0.0,37.86
4937,1808,3,5,1,132.59,0.0,132.59
4938,1808,20,53,3,75.61,0.0,226.83
4939,1809,44,126,4,22.65,0.0,90.6
4940,1810,53,148,3,62.71,0.0,188.13
4941,1810,46,131,5,70.22,0.0,351.1
4942,1811,52,146,2,65.59,0.0,131.18
4943,1811,11,30,2,36.69,0.0,73.38
4944,1812,63,181,2,65.54,0.0,131.08
4945,1812,7,17,4,51.06,0.0,204.24
4946,1812,48,137,3,45.39,0.0,136.17
4947,1812,64,183,3,72.17,0.0,216.51
4948,1812,2,4,2,86.92,0.0,173.84
4949,1812,7,17,2,51.06,0.0,102.12
4950,1813,18,48,1,93.27,0.0,93.27
4951,1813,38,107,1,159.11,0.0,159.11
4952,1814,35,100,1,32.33,0.0,32.33
4953,1814,85,240,1,18.14,0.0,18.14
4954,1814,18,48,3,93.27,0.0,279.81
4955,1814,44,127,2,22.65,0.0,45.3
4956,1815,63,182,2,65.54,0.0,131.08
4957,1815,7,17,2,51.06,0.0,102.12
4958,1816,66,189,1,26.38,0.0,26.38
4959,1817,89,253,4,73.85,0.0,295.4
4960,1817,33,93,5,51.53,0.0,257.65
4961,1818,94,270,1,36.87,0.0,36.87
4962,1819,16,44,5,121.76,0.0,608.8
4963,1819,11,30,1,36.69,0.0,36.69
4964,1820,23,60,1,33.88,0.0,33.88
4965,1821,20,52,3,65.61,0.0,196.83
4966,1822,57,162,4,44.38,0.0,177.52
4967,1822,62,177,1,153.25,0.0,153.25
4968,1822,7,19,1,56.06,0.0,56.06
4969,1822,99,284,2,49.51,0.0,99.02
4970,1823,39,110,3,58.78,0.0,176.34
4971,1823,98,282,5,69.39,0.0,346.95
4972,1823,55,154,3,35.23,0.0,105.69
4973,1824,49,139,2,38.68,0.0,77.36
4974,1825,43,124,2,44.67,0.0,89.34
4975,1825,9,23,2,61.83,0.0,123.66
4976,1826,61,174,4,72.85,0.0,291.4
4977,1826,54,152,1,31.28,0.0,31.28
4978,1827,33,95,1,56.53,0.0,56.53
4979,1827,4,10,4,84.33,0.0,337.32
4980,1828,97,280,1,39.57,0.0,39.57
4981,1828,37,105,2,23.93,0.0,47.86
4982,1828,59,170,2,73.83,0.0,147.66
4983,1828,9,23,3,61.83,0.0,185.49
4984,1828,12,32,1,243.11,0.0,243.11
4985,1828,96,278,1,80.44,0.0,80.44
4986,1829,96,276,3,78.44,0.0,235.32
4987,1829,20,52,1,65.61,0.0,65.61
4988,1829,13,34,5,155.62,0.0,778.1
4989,1829,53,149,3,44.71,0.0,134.13
4990,1829,18,48,3,93.27,0.0,279.81
4991,1830,35,99,3,27.33,0.0,81.99
4992,1830,74,210,1,212.0,0.0,212.0
4993,1830,29,77,2,135.1,0.0,270.2
4994,1830,33,95,1,56.53,0.0,56.53
4995,1831,11,29,2,41.69,0.0,83.38
4996,1831,56,159,3,58.28,0.0,174.84
4997,1831,86,245,2,85.71,0.0,171.42
4998,1832,77,217,2,190.3,0.0,380.6
4999,1832,74,209,2,215.0,0.0,430.0
5000,1832,57,164,4,26.38,0.0,105.52
5001,1832,69,197,1,22.8,0.0,22.8
5002,1833,98,281,1,83.39,0.0,83.39
5003,1834,41,117,3,22.66,0.0,67.98
5004,1834,11,30,1,36.69,0.0,36.69
5005,1834,12,32,2,243.11,0.0,486.22
5006,1835,20,52,2,65.61,0.0,131.22
5007,1835,17,46,3,83.41,0.0,250.23
5008,1835,58,165,1,43.21,0.0,43.21
5009,1836,71,201,2,15.78,0.0,31.56
5010,1836,79,222,1,145.61,0.0,145.61
5011,1837,9,22,2,56.83,0.0,113.66
5012,1837,6,16,2,126.76,0.0,253.52
5013,1838,38,107,2,159.11,0.0,318.22
5014,1839,61,174,1,72.85,0.0,72.85
5015,1839,59,168,2,55.83,0.0,111.66
5016,1839,9,24,1,56.83,0.0,56.83
5017,1839,61,174,1,72.85,0.0,72.85
5018,1839,78,219,1,80.43,0.0,80.43
5019,1839,86,246,2,85.71,0.0,171.42
5020,1840,26,69,4,64.15,0.0,256.6
5021,1841,50,140,5,111.34,0.0,556.7
5022,1841,3,5,3,132.59,0.0,397.77
5023,1842,16,41,2,121.76,0.0,243.52
5024,1842,19,51,2,192.14,0.0,384.28
5025,1842,97,280,1,39.57,0.0,39.57
5026,1843,33,93,1,51.53,0.0,51.53
5027,1843,100,285,1,42.34,0.0,42.34
5028,1843,15,40,1,176.21,0.0,176.21
5029,1843,2,4,1,86.92,0.0,86.92
5030,1843,14,37,2,83.42,0.0,166.84
5031,1843,12,32,3,243.11,0.0,729.33
5032,1844,1,1,2,193.05,0.0,386.1
5033,1845,9,24,5,56.83,0.0,284.15
5034,1845,5,12,2,81.21,0.0,162.42
5035,1845,96,277,1,80.44,0.0,80.44
5036,1845,29,80,1,140.1,0.0,140.1
5037,1846,82,231,1,21.0,0.0,21.0
5038,1846,30,82,3,10.27,0.0,30.81
5039,1846,55,156,1,17.23,0.0,17.23
5040,1847,52,146,1,65.59,0.0,65.59
5041,1847,17,46,5,83.41,0.0,417.05
5042,1847,4,7,2,84.33,0.0,168.66
5043,1848,27,73,1,7.55,0.0,7.55
5044,1848,61,174,1,72.85,0.0,72.85
5045,1849,57,164,2,26.38,0.0,52.76
5046,1849,30,83,4,15.27,0.0,61.08
5047,1849,91,258,2,21.66,0.0,43.32
5048,1849,76,215,1,63.03,0.0,63.03
5049,1850,88,252,2,33.4,0.0,66.8
5050,1851,69,198,3,25.8,0.0,77.4
5051,1851,64,184,1,66.17,0.0,66.17
5052,1852,13,34,1,155.62,0.0,155.62
5053,1852,13,34,2,155.62,0.0,311.24
5054,1852,60,172,4,18.2,0.0,72.8
5055,1852,47,135,1,79.33,0.0,79.33
5056,1853,3,6,2,147.59,0.0,295.18
5057,1853,18,48,1,93.27,0.0,93.27
5058,1854,48,136,1,45.39,0.0,45.39
5059,1855,100,287,1,44.34,0.0,44.34
5060,1855,41,118,1,40.66,0.0,40.66
5061,1855,56,159,1,58.28,0.0,58.28
5062,1855,95,273,2,21.88,0.0,43.76
5063,1856,19,51,5,192.14,0.0,960.7
5064,1856,80,223,2,216.05,0.0,432.1
5065,1856,81,228,3,63.08,0.0,189.24
5066,1856,2,4,1,86.92,0.0,86.92
5067,1857,28,74,1,158.25,0.0,158.25
5068,1858,59,167,2,55.83,0.0,111.66
5069,1858,3,5,1,132.59,0.0,132.59
5070,1859,11,30,3,36.69,0.0,110.07
5071,1859,71,201,5,15.78,0.0,78.9
5072,1860,61,175,1,69.85,0.0,69.85
5073,1861,29,78,1,150.1,0.0,150.1
5074,1861,7,17,1,51.06,0.0,51.06
5075,1861,12,32,1,243.11,0.0,243.11
5076,1861,76,214,1,66.03,0.0,66.03
5077,1861,31,85,1,52.47,0.0,52.47
5078,1862,12,31,2,258.11,0.0,516.22
5079,1862,7,17,1,51.06,0.0,51.06
5080,1862,4,8,4,89.33,0.0,357.32
5081,1862,75,211,2,47.67,0.0,95.34
5082,1863,36,103,2,10.53,0.0,21.06
5083,1863,83,233,1,35.04,0.0,35.04
5084,1863,14,38,3,93.42,0.0,280.26
5085,1863,2,3,1,81.92,0.0,81.92
5086,1864,1,1,1,193.05,0.0,193.05
5087,1865,72,204,3,156.23,0.0,468.69
5088,1866,55,155,5,49.23,0.0,246.15
5089,1866,58,165,3,43.21,0.0,129.63
5090,1867,79,222,2,145.61,0.0,291.22
5091,1867,64,184,2,66.17,0.0,132.34
5092,1867,68,194,1,168.66,0.0,168.66
5093,1868,18,47,2,98.27,0.0,196.54
5094,1869,82,232,2,33.0,0.0,66.0
5095,1869,14,37,1,83.42,0.0,83.42
5096,1870,39,112,4,53.78,0.0,215.12
5097,1870,76,214,3,66.03,0.0,198.09
5098,1870,74,210,1,212.0,0.0,212.0
5099,1871,1,1,3,193.05,0.0,579.15
5100,1871,25,67,3,126.29,0.0,378.87
5101,1871,33,93,1,51.53,0.0,51.53
5102,1871,22,59,1,148.97,0.0,148.97
5103,1871,83,235,5,35.04,0.0,175.2
5104,1872,49,139,2,38.68,0.0,77.36
5105,1872,89,253,2,73.85,0.0,147.7
5106,1872,21,56,4,72.82,0.0,291.28
5107,1873,68,194,1,168.66,0.0,168.66
5108,1874,66,190,2,29.38,0.0,58.76
5109,1874,67,191,1,83.05,0.0,83.05
5110,1875,1,2,2,188.05,0.0,376.1
5111,1875,64,184,1,66.17,0.0,66.17
5112,1875,76,214,2,66.03,0.0,132.06
5113,1876,28,74,4,158.25,0.0,633.0
5114,1876,92,264,2,62.75,0.0,125.5
5115,1876,1,2,1,188.05,0.0,188.05
5116,1877,58,166,1,61.21,0.0,61.21
5117,1877,31,84,1,47.47,0.0,47.47
5118,1878,46,133,4,88.22,0.0,352.88
5119,1878,95,272,1,9.88,0.0,9.88
5120,1878,75,211,2,47.67,0.0,95.34
5121,1879,2,3,3,81.92,0.0,245.76
5122,1879,16,44,1,121.76,0.0,121.76
5123,1880,60,172,1,18.2,0.0,18.2
5124,1880,93,269,3,41.84,0.0,125.52
5125,1881,34,97,1,89.03,0.0,89.03
5126,1881,48,136,2,45.39,0.0,90.78
5127,1881,27,73,1,7.55,0.0,7.55
5128,1881,9,24,3,56.83,0.0,170.49
5129,1881,97,280,5,39.57,0.0,197.85
5130,1881,13,33,2,140.62,0.0,281.24
5131,1882,79,222,1,145.61,0.0,145.61
5132,1882,77,216,1,190.3,0.0,190.3
5133,1882,12,31,2,258.11,0.0,516.22
5134,1882,75,212,1,50.67,0.0,50.67
5135,1883,43,124,3,44.67,0.0,134.01
5136,1883,95,274,5,7.88,0.0,39.4
5137,1884,47,134,4,97.33,0.0,389.32
5138,1884,58,165,1,43.21,0.0,43.21
5139,1884,36,104,2,15.53,0.0,31.06
5140,1885,20,52,2,65.61,0.0,131.22
5141,1885,41,117,3,22.66,0.0,67.98
5142,1885,1,1,1,193.05,0.0,193.05
5143,1885,6,15,1,111.76,0.0,111.76
5144,1885,41,118,4,40.66,0.0,162.64
5145,1885,8,20,1,193.95,0.0,193.95
5146,1886,90,257,3,52.11,0.0,156.33
5147,1886,92,263,2,60.75,0.0,121.5
5148,1886,31,87,2,62.47,0.0,124.94
5149,1887,77,216,1,190.3,0.0,190.3
5150,1887,45,129,1,47.45,0.0,47.45
5151,1887,16,44,2,121.76,0.0,243.52
5152,1888,21,57,2,67.82,0.0,135.64
5153,1888,35,100,4,32.33,0.0,129.32
5154,1889,27,73,2,7.55,0.0,15.1
5155,1889,77,216,1,190.3,0.0,190.3
5156,1890,15,40,4,176.21,0.0,704.84
5157,1890,86,245,3,85.71,0.0,257.13
5158,1891,72,204,1,156.23,0.0,156.23
5159,1891,27,71,1,12.55,0.0,12.55
5160,1892,86,246,2,85.71,0.0,171.42
5161,1892,99,284,1,49.51,0.0,49.51
5162,1893,39,112,1,53.78,0.0,53.78
5163,1893,60,173,1,36.2,0.0,36.2
5164,1893,3,6,2,147.59,0.0,295.18
5165,1894,33,95,1,56.53,0.0,56.53
5166,1894,66,189,2,26.38,0.0,52.76
5167,1894,59,170,1,73.83,0.0,73.83
5168,1894,12,31,5,258.11,0.0,1290.55
5169,1894,14,36,2,78.42,0.0,156.84
5170,1894,73,207,1,192.67,0.0,192.67
5171,1895,11,29,4,41.69,0.0,166.76
5172,1895,3,5,1,132.59,0.0,132.59
5173,1896,8,21,1,183.95,0.0,183.95
5174,1896,89,253,2,73.85,0.0,147.7
5175,1896,72,205,2,153.23,0.0,306.46
5176,1896,6,15,5,111.76,0.0,558.8
5177,1896,91,260,3,23.66,0.0,70.98
5178,1896,30,83,3,15.27,0.0,45.81
5179,1897,11,29,3,41.69,0.0,125.07
5180,1897,21,56,5,72.82,0.0,364.1
5181,1897,12,31,1,258.11,0.0,258.11
5182,1897,33,95,2,56.53,0.0,113.06
5183,1897,76,215,2,63.03,0.0,126.06
5184,1898,21,56,2,72.82,0.0,145.64
5185,1898,12,31,3,258.11,0.0,774.33
5186,1899,27,71,4,12.55,0.0,50.2
5187,1899,2,4,2,86.92,0.0,173.84
5188,1899,46,133,2,88.22,0.0,176.44
5189,1900,46,130,2,70.22,0.0,140.44
5190,1900,84,239,5,36.36,0.0,181.8
5191,1900,5,12,4,81.21,0.0,324.84
5192,1900,65,186,3,154.37,0.0,463.11
5193,1901,65,187,2,151.37,0.0,302.74
5194,1901,87,247,3,64.46,0.0,193.38
5195,1901,28,76,1,158.25,0.0,158.25
5196,1901,20,53,1,75.61,0.0,75.61
5197,1901,16,41,1,121.76,0.0,121.76
5198,1901,39,111,1,68.78,0.0,68.78
5199,1902,12,31,2,258.11,0.0,516.22
5200,1902,18,48,4,93.27,0.0,373.08
5201,1902,72,204,4,156.23,0.0,624.92
5202,1903,58,165,1,43.21,0.0,43.21
5203,1903,50,141,1,97.34,0.0,97.34
5204,1903,4,10,1,84.33,0.0,84.33
5205,1903,16,41,1,121.76,0.0,121.76
5206,1904,5,12,1,81.21,0.0,81.21
5207,1904,67,192,5,77.05,0.0,385.25
5208,1904,47,135,2,79.33,0.0,158.66
5209,1905,15,40,2,176.21,0.0,352.42
5210,1905,30,81,1,25.27,0.0,25.27
5211,1905,12,32,2,243.11,0.0,486.22
5212,1906,12,31,2,258.11,0.0,516.22
5213,1906,51,143,2,37.92,0.0,75.84
5214,1906,60,172,1,18.2,0.0,18.2
5215,1907,21,56,2,72.82,0.0,145.64
5216,1907,86,244,1,83.71,0.0,83.71
5217,1908,59,168,1,55.83,0.0,55.83
5218,1909,2,3,2,81.92,0.0,163.84
5219,1909,16,41,2,121.76,0.0,243.52
5220,1910,79,221,2,148.61,0.0,297.22
5221,1911,79,220,2,151.61,0.0,303.22
5222,1912,85,242,4,4.99,0.0,19.96
5223,1912,59,168,2,55.83,0.0,111.66
5224,1912,49,138,2,20.68,0.0,41.36
5225,1912,68,194,4,168.66,0.0,674.64
5226,1913,13,35,1,145.62,0.0,145.62
5227,1913,21,57,3,67.82,0.0,203.46
5228,1913,2,4,1,86.92,0.0,86.92
5229,1913,26,68,2,69.15,0.0,138.3
5230,1914,13,34,3,155.62,0.0,466.86
5231,1914,56,159,1,58.28,0.0,58.28
5232,1914,60,173,3,36.2,0.0,108.6
5233,1915,59,170,2,73.83,0.0,147.66
5234,1915,56,158,1,72.28,0.0,72.28
5235,1915,86,246,3,85.71,0.0,257.13
5236,1915,51,145,2,51.92,0.0,103.84
5237,1916,43,124,2,44.67,0.0,89.34
5238,1916,62,178,1,150.25,0.0,150.25
5239,1916,8,21,2,183.95,0.0,367.9
5240,1916,16,42,1,126.76,0.0,126.76
5241,1916,11,29,1,41.69,0.0,41.69
5242,1916,58,166,1,61.21,0.0,61.21
5243,1917,57,164,3,26.38,0.0,79.14
5244,1917,60,173,3,36.2,0.0,108.6
5245,1917,53,150,2,76.71,0.0,153.42
5246,1917,36,102,1,25.53,0.0,25.53
5247,1917,54,153,2,13.28,0.0,26.56
5248,1918,9,23,1,61.83,0.0,61.83
5249,1919,44,127,2,22.65,0.0,45.3
5250,1919,51,144,1,19.92,0.0,19.92
5251,1919,24,64,1,112.11,0.0,112.11
5252,1920,87,247,5,64.46,0.0,322.3
5253,1920,29,77,3,135.1,0.0,405.3
5254,1921,87,247,1,64.46,0.0,64.46
5255,1922,2,4,1,86.92,0.0,86.92
5256,1922,39,112,1,53.78,0.0,53.78
5257,1922,89,253,2,73.85,0.0,147.7
5258,1922,15,39,1,161.21,0.0,161.21
5259,1923,17,46,3,83.41,0.0,250.23
5260,1924,45,129,2,47.45,0.0,94.9
5261,1924,44,125,1,40.65,0.0,40.65
5262,1925,7,17,1,51.06,0.0,51.06
5263,1925,64,184,2,66.17,0.0,132.34
5264,1925,6,16,1,126.76,0.0,126.76
5265,1926,24,65,1,107.11,0.0,107.11
5266,1927,82,231,3,21.0,0.0,63.0
5267,1927,92,265,3,74.75,0.0,224.25
5268,1927,23,60,1,33.88,0.0,33.88
5269,1928,60,171,5,18.2,0.0,91.0
5270,1929,39,111,1,68.78,0.0,68.78
5271,1929,72,204,3,156.23,0.0,468.69
5272,1929,28,76,4,158.25,0.0,633.0
5273,1929,47,134,1,97.33,0.0,97.33
5274,1929,33,95,1,56.53,0.0,56.53
5275,1930,22,59,1,148.97,0.0,148.97
5276,1931,5,12,3,81.21,0.0,243.63
5277,1932,15,40,1,176.21,0.0,176.21
5278,1932,31,84,3,47.47,0.0,142.41
5279,1932,14,36,1,78.42,0.0,78.42
5280,1932,49,138,3,20.68,0.0,62.04
5281,1932,81,226,2,61.08,0.0,122.16
5282,1933,76,215,1,63.03,0.0,63.03
5283,1933,38,109,4,164.11,0.0,656.44
5284,1933,4,7,2,84.33,0.0,168.66
5285,1933,37,105,2,23.93,0.0,47.86
5286,1933,38,108,2,174.11,0.0,348.22
5287,1933,57,163,3,58.38,0.0,175.14
5288,1934,20,53,2,75.61,0.0,151.22
5289,1934,5,12,1,81.21,0.0,81.21
5290,1935,71,202,1,18.78,0.0,18.78
5291,1935,83,233,4,35.04,0.0,140.16
5292,1935,64,183,1,72.17,0.0,72.17
5293,1935,47,135,1,79.33,0.0,79.33
5294,1935,56,158,2,72.28,0.0,144.56
5295,1935,31,86,3,52.47,0.0,157.41
5296,1936,36,103,1,10.53,0.0,10.53
5297,1936,95,273,1,21.88,0.0,21.88
5298,1937,85,241,5,6.14,0.0,30.7
5299,1938,72,204,3,156.23,0.0,468.69
5300,1938,55,155,4,49.23,0.0,196.92
5301,1938,11,29,4,41.69,0.0,166.76
5302,1939,29,78,1,150.1,0.0,150.1
5303,1939,84,236,1,50.36,0.0,50.36
5304,1940,2,3,3,81.92,0.0,245.76
5305,1940,2,4,2,86.92,0.0,173.84
5306,1940,74,210,2,212.0,0.0,424.0
5307,1941,61,174,1,72.85,0.0,72.85
5308,1941,10,27,2,236.5,0.0,473.0
5309,1941,41,118,2,40.66,0.0,81.32
5310,1941,34,97,1,89.03,0.0,89.03
5311,1941,71,202,1,18.78,0.0,18.78
5312,1942,3,5,3,132.59,0.0,397.77
5313,1942,69,198,3,25.8,0.0,77.4
5314,1943,10,27,3,236.5,0.0,709.5
5315,1943,73,208,4,198.67,0.0,794.68
5316,1943,70,200,1,129.33,0.0,129.33
5317,1943,4,9,3,99.33,0.0,297.99
5318,1943,59,167,2,55.83,0.0,111.66
5319,1944,32,89,3,171.3,0.0,513.9
5320,1944,64,183,1,72.17,0.0,72.17
5321,1944,61,175,3,69.85,0.0,209.55
5322,1945,13,35,1,145.62,0.0,145.62
5323,1945,16,43,5,136.76,0.0,683.8
5324,1945,99,283,3,61.51,0.0,184.53
5325,1946,58,166,1,61.21,0.0,61.21
5326,1947,53,151,1,44.71,0.0,44.71
5327,1947,33,93,2,51.53,0.0,103.06
5328,1948,72,204,4,156.23,0.0,624.92
5329,1948,79,222,3,145.61,0.0,436.83
5330,1948,2,3,2,81.92,0.0,163.84
5331,1949,20,54,2,60.61,0.0,121.22
5332,1950,48,136,5,45.39,0.0,226.95
5333,1950,66,188,4,32.38,0.0,129.52
5334,1950,10,25,4,241.5,0.0,966.0
5335,1950,39,111,1,68.78,0.0,68.78
5336,1951,81,229,1,75.08,0.0,75.08
5337,1952,44,125,1,40.65,0.0,40.65
5338,1952,27,71,1,12.55,0.0,12.55
5339,1952,29,78,1,150.1,0.0,150.1
5340,1953,17,45,2,88.41,0.0,176.82
5341,1953,9,23,5,61.83,0.0,309.15
5342,1954,98,282,5,69.39,0.0,346.95
5343,1954,21,56,2,72.82,0.0,145.64
5344,1954,90,257,1,52.11,0.0,52.11
5345,1955,99,283,4,61.51,0.0,246.04
5346,1955,78,219,5,80.43,0.0,402.15
5347,1955,57,162,1,44.38,0.0,44.38
5348,1955,31,85,3,52.47,0.0,157.41
5349,1956,95,272,1,9.88,0.0,9.88
5350,1956,9,24,1,56.83,0.0,56.83
5351,1956,12,31,1,258.11,0.0,258.11
5352,1956,41,118,2,40.66,0.0,81.32
5353,1957,40,113,2,133.52,0.0,267.04
5354,1958,76,214,2,66.03,0.0,132.06
5355,1958,57,163,3,58.38,0.0,175.14
5356,1958,52,146,2,65.59,0.0,131.18
5357,1959,53,150,4,76.71,0.0,306.84
5358,1959,36,104,4,15.53,0.0,62.12
5359,1959,20,54,3,60.61,0.0,181.83
5360,1959,44,126,1,22.65,0.0,22.65
5361,1960,11,29,2,41.69,0.0,83.38
5362,1960,14,38,1,93.42,0.0,93.42
5363,1961,44,125,4,40.65,0.0,162.6
5364,1961,72,205,5,153.23,0.0,766.15
5365,1962,67,191,1,83.05,0.0,83.05
5366,1963,2,3,1,81.92,0.0,81.92
5367,1963,3,6,3,147.59,0.0,442.77
5368,1963,38,107,5,159.11,0.0,795.55
5369,1963,59,170,1,73.83,0.0,73.83
5370,1964,16,41,2,121.76,0.0,243.52
5371,1964,16,41,2,121.76,0.0,243.52
5372,1964,32,91,1,186.3,0.0,186.3
5373,1965,71,203,1,18.78,0.0,18.78
5374,1965,40,114,4,128.52,0.0,514.08
5375,1966,29,79,1,140.1,15.0,125.1
5376,1966,32,88,2,176.3,15.0,322.6
5377,1966,41,117,4,22.66,11.33,45.32
5378,1966,71,202,2,18.78,9.39,18.78
5379,1967,50,140,4,111.34,0.0,445.36
5380,1967,50,141,3,97.34,0.0,292.02
5381,1967,15,40,1,176.21,0.0,176.21
5382,1967,16,42,3,126.76,0.0,380.28
5383,1967,54,152,5,31.28,0.0,156.4
5384,1968,20,53,1,75.61,0.0,75.61
5385,1968,84,237,2,38.36,0.0,76.72
5386,1968,20,52,1,65.61,0.0,65.61
5387,1969,3,6,3,147.59,15.0,397.77
5388,1969,58,165,1,43.21,15.0,28.21
5389,1970,90,257,2,52.11,15.0,74.22
5390,1971,8,21,4,183.95,0.0,735.8
5391,1971,46,130,2,70.22,0.0,140.44
5392,1971,32,90,1,176.3,0.0,176.3
5393,1971,16,41,2,121.76,0.0,243.52
5394,1971,77,217,3,190.3,0.0,570.9
5395,1972,15,40,3,176.21,0.0,528.63
5396,1973,15,40,2,176.21,0.0,352.42
5397,1973,33,95,4,56.53,0.0,226.12
5398,1973,92,265,5,74.75,0.0,373.75
5399,1973,91,261,4,23.66,0.0,94.64
5400,1973,11,29,3,41.69,0.0,125.07
5401,1974,73,206,4,195.67,0.0,782.68
5402,1975,19,51,1,192.14,0.0,192.14
5403,1976,41,117,1,22.66,11.33,11.33
5404,1976,31,86,2,52.47,15.0,74.94
5405,1976,30,82,1,10.27,5.13,5.14
5406,1976,14,37,2,83.42,15.0,136.84
5407,1977,97,279,1,39.57,0.0,39.57
5408,1977,70,199,1,132.33,0.0,132.33
5409,1978,7,19,3,56.06,0.0,168.18
5410,1978,8,20,2,193.95,0.0,387.9
5411,1978,27,71,4,12.55,0.0,50.2
5412,1978,8,20,2,193.95,0.0,387.9
5413,1978,72,204,4,156.23,0.0,624.92
5414,1979,16,41,3,121.76,0.0,365.28
5415,1979,17,45,5,88.41,0.0,442.05
5416,1979,79,222,2,145.61,0.0,291.22
5417,1979,64,183,3,72.17,0.0,216.51
5418,1980,22,59,2,148.97,0.0,297.94
5419,1981,26,69,2,64.15,15.0,98.3
5420,1982,8,20,1,193.95,15.0,178.95
5421,1982,56,159,1,58.28,15.0,43.28
5422,1983,48,136,5,45.39,0.0,226.95
5423,1983,68,195,1,162.66,0.0,162.66
5424,1983,28,76,2,158.25,0.0,316.5
5425,1983,32,91,1,186.3,0.0,186.3
5426,1983,24,65,3,107.11,0.0,321.33
5427,1983,74,209,2,215.0,0.0,430.0
5428,1984,80,225,1,213.05,0.0,213.05
5429,1984,30,82,3,10.27,0.0,30.81
5430,1984,59,167,2,55.83,0.0,111.66
5431,1984,27,72,2,22.55,0.0,45.1
5432,1984,40,113,4,133.52,0.0,534.08
5433,1985,18,48,2,93.27,15.0,156.54
5434,1985,6,15,1,111.76,15.0,96.76
5435,1985,63,181,1,65.54,15.0,50.54
5436,1986,36,102,1,25.53,0.0,25.53
5437,1986,75,211,1,47.67,0.0,47.67
5438,1986,13,35,1,145.62,0.0,145.62
5439,1986,59,169,1,87.83,0.0,87.83
5440,1986,13,33,1,140.62,0.0,140.62
5441,1987,79,220,2,151.61,0.0,303.22
5442,1987,3,5,4,132.59,0.0,530.36
5443,1988,93,267,2,29.84,14.92,29.84
5444,1989,70,199,1,132.33,0.0,132.33
5445,1989,18,47,3,98.27,0.0,294.81
5446,1989,41,117,3,22.66,0.0,67.98
5447,1989,25,66,1,136.29,0.0,136.29
5448,1990,7,17,3,51.06,0.0,153.18
5449,1990,49,138,3,20.68,0.0,62.04
5450,1990,16,43,1,136.76,0.0,136.76
5451,1991,10,27,1,236.5,0.0,236.5
5452,1991,17,46,5,83.41,0.0,417.05
5453,1991,72,204,3,156.23,0.0,468.69
5454,1991,39,111,1,68.78,0.0,68.78
5455,1991,98,282,2,69.39,0.0,138.78
5456,1991,39,110,2,58.78,0.0,117.56
5457,1992,6,16,2,126.76,0.0,253.52
5458,1992,84,237,3,38.36,0.0,115.08
5459,1993,19,50,2,192.14,0.0,384.28
5460,1994,1,2,1,188.05,0.0,188.05
5461,1994,7,19,1,56.06,0.0,56.06
5462,1995,44,126,1,22.65,0.0,22.65
5463,1996,100,286,1,56.34,0.0,56.34
5464,1996,11,30,2,36.69,0.0,73.38
5465,1996,9,24,1,56.83,0.0,56.83
5466,1997,30,83,2,15.27,0.0,30.54
5467,1998,89,253,1,73.85,15.0,58.85
5468,1999,9,23,1,61.83,0.0,61.83
5469,1999,83,234,1,33.04,0.0,33.04
5470,1999,53,148,2,62.71,0.0,125.42
5471,1999,22,59,1,148.97,0.0,148.97
5472,1999,31,85,3,52.47,0.0,157.41
5473,2000,55,156,2,17.23,0.0,34.46
5474,2000,67,191,1,83.05,0.0,83.05
5475,2000,57,163,1,58.38,0.0,58.38
5476,2001,52,147,1,97.59,0.0,97.59
5477,2002,32,89,3,171.3,0.0,513.9
5478,2002,3,6,4,147.59,0.0,590.36
5479,2002,86,245,3,85.71,0.0,257.13
5480,2002,79,222,1,145.61,0.0,145.61
5481,2003,27,71,2,12.55,0.0,25.1
5482,2003,38,107,3,159.11,0.0,477.33
5483,2003,8,20,4,193.95,0.0,775.8
5484,2004,1,2,1,188.05,0.0,188.05
5485,2004,29,80,2,140.1,0.0,280.2
5486,2004,83,233,2,35.04,0.0,70.08
5487,2004,18,47,1,98.27,0.0,98.27
5488,2004,6,16,1,126.76,0.0,126.76
5489,2004,75,213,1,44.67,0.0,44.67
5490,2005,26,69,1,64.15,0.0,64.15
5491,2005,5,11,1,86.21,0.0,86.21
5492,2005,7,18,1,51.06,0.0,51.06
5493,2006,47,134,3,97.33,15.0,246.99
5494,2006,2,4,5,86.92,15.0,359.6
5495,2007,18,47,1,98.27,15.0,83.27
5496,2007,7,17,1,51.06,15.0,36.06
5497,2007,28,75,3,153.25,15.0,414.75
5498,2007,24,64,2,112.11,15.0,194.22
5499,2008,58,165,4,43.21,0.0,172.84
5500,2008,15,39,4,161.21,0.0,644.84
5501,2009,41,117,1,22.66,0.0,22.66
5502,2009,59,167,1,55.83,0.0,55.83
5503,2010,29,80,1,140.1,15.0,125.1
5504,2010,80,224,5,213.05,15.0,990.25
5505,2010,39,112,1,53.78,15.0,38.78
5506,2010,23,60,1,33.88,15.0,18.88
5507,2011,84,236,1,50.36,0.0,50.36
5508,2012,26,69,2,64.15,0.0,128.3
5509,2012,34,98,2,79.03,0.0,158.06
5510,2013,40,114,2,128.52,0.0,257.04
5511,2013,54,152,1,31.28,0.0,31.28
5512,2013,13,34,2,155.62,0.0,311.24
5513,2013,45,128,1,29.45,0.0,29.45
5514,2014,36,101,1,15.53,0.0,15.53
5515,2015,38,107,1,159.11,15.0,144.11
5516,2016,70,199,3,132.33,15.0,351.99
5517,2016,85,241,5,6.14,3.07,15.35
5518,2016,14,37,3,83.42,15.0,205.26
5519,2017,22,58,2,138.97,15.0,247.94
5520,2018,54,152,1,31.28,15.0,16.28
5521,2018,56,161,3,40.28,15.0,75.84
5522,2019,31,86,2,52.47,0.0,104.94
5523,2019,70,200,5,129.33,0.0,646.65
5524,2020,45,128,2,29.45,0.0,58.9
5525,2020,14,37,1,83.42,0.0,83.42
5526,2021,68,195,3,162.66,15.0,442.98
5527,2021,40,114,1,128.52,15.0,113.52
5528,2022,15,39,2,161.21,0.0,322.42
5529,2022,95,274,1,7.88,0.0,7.88
5530,2023,100,287,5,44.34,0.0,221.7
5531,2023,38,109,3,164.11,0.0,492.33
5532,2023,48,137,4,45.39,0.0,181.56
5533,2024,35,100,1,32.33,0.0,32.33
5534,2024,11,29,1,41.69,0.0,41.69
5535,2024,12,32,1,243.11,0.0,243.11
5536,2025,12,31,1,258.11,0.0,258.11
5537,2025,17,46,3,83.41,0.0,250.23
5538,2026,9,22,1,56.83,15.0,41.83
5539,2026,3,5,1,132.59,15.0,117.59
5540,2026,76,215,2,63.03,15.0,96.06
5541,2027,48,136,1,45.39,15.0,30.39
5542,2027,16,42,1,126.76,15.0,111.76
5543,2027,92,263,1,60.75,15.0,45.75
5544,2028,83,234,1,33.04,15.0,18.04
5545,2028,82,232,2,33.0,15.0,36.0
5546,2028,73,206,2,195.67,15.0,361.34
5547,2028,3,6,2,147.59,15.0,265.18
5548,2029,48,136,1,45.39,0.0,45.39
5549,2030,71,202,2,18.78,9.39,18.78
5550,2030,34,97,2,89.03,15.0,148.06
5551,2030,38,109,1,164.11,15.0,149.11
5552,2031,21,57,3,67.82,0.0,203.46
5553,2031,75,213,3,44.67,0.0,134.01
5554,2031,72,205,1,153.23,0.0,153.23
5555,2032,65,186,1,154.37,15.0,139.37
5556,2032,50,141,4,97.34,15.0,329.36
5557,2032,24,65,3,107.11,15.0,276.33
5558,2033,57,163,2,58.38,0.0,116.76
5559,2033,32,90,2,176.3,0.0,352.6
5560,2034,40,114,1,128.52,0.0,128.52
5561,2034,88,251,1,33.4,0.0,33.4
5562,2034,86,245,4,85.71,0.0,342.84
5563,2034,13,35,2,145.62,0.0,291.24
5564,2034,17,46,1,83.41,0.0,83.41
5565,2034,16,41,1,121.76,0.0,121.76
5566,2035,25,66,4,136.29,0.0,545.16
5567,2036,27,72,3,22.55,0.0,67.65
5568,2036,65,185,1,154.37,0.0,154.37
5569,2037,40,115,3,133.52,0.0,400.56
5570,2037,56,160,5,40.28,0.0,201.4
5571,2037,8,21,2,183.95,0.0,367.9
5572,2038,7,17,2,51.06,0.0,102.12
5573,2038,53,148,1,62.71,0.0,62.71
5574,2038,28,74,3,158.25,0.0,474.75
5575,2038,17,45,2,88.41,0.0,176.82
5576,2039,42,120,1,72.62,0.0,72.62
5577,2039,16,44,1,121.76,0.0,121.76
5578,2039,94,271,2,24.87,0.0,49.74
5579,2040,12,32,1,243.11,0.0,243.11
5580,2040,48,137,2,45.39,0.0,90.78
5581,2041,96,278,1,80.44,0.0,80.44
5582,2041,55,157,5,17.23,0.0,86.15
5583,2041,74,209,2,215.0,0.0,430.0
5584,2041,58,165,2,43.21,0.0,86.42
5585,2042,50,142,2,79.34,0.0,158.68
5586,2043,63,182,2,65.54,0.0,131.08
5587,2044,55,155,1,49.23,0.0,49.23
5588,2044,38,107,5,159.11,0.0,795.55
5589,2045,83,235,2,35.04,0.0,70.08
5590,2045,22,58,1,138.97,0.0,138.97
5591,2046,79,222,1,145.61,0.0,145.61
5592,2046,100,287,2,44.34,0.0,88.68
5593,2046,44,125,4,40.65,0.0,162.6
5594,2047,11,29,3,41.69,0.0,125.07
5595,2047,4,7,4,84.33,0.0,337.32
5596,2048,46,132,3,102.22,0.0,306.66
5597,2048,64,183,3,72.17,0.0,216.51
5598,2048,39,112,4,53.78,0.0,215.12
5599,2048,95,272,3,9.88,0.0,29.64
5600,2049,72,205,3,153.23,0.0,459.69
5601,2049,91,260,4,23.66,0.0,94.64
5602,2049,73,207,1,192.67,0.0,192.67
5603,2049,46,131,5,70.22,0.0,351.1
5604,2049,57,163,4,58.38,0.0,233.52
5605,2050,10,28,1,236.5,0.0,236.5
5606,2051,9,24,5,56.83,0.0,284.15
5607,2052,14,36,4,78.42,0.0,313.68
5608,2052,56,160,5,40.28,0.0,201.4
5609,2052,42,121,4,40.62,0.0,162.48
5610,2053,34,98,1,79.03,0.0,79.03
5611,2054,31,85,2,52.47,0.0,104.94
5612,2054,13,33,3,140.62,0.0,421.86
5613,2055,70,199,3,132.33,0.0,396.99
5614,2055,67,192,2,77.05,0.0,154.1
5615,2055,37,105,2,23.93,0.0,47.86
5616,2056,14,37,1,83.42,0.0,83.42
5617,2056,34,97,1,89.03,0.0,89.03
5618,2056,27,72,1,22.55,0.0,22.55
5619,2057,26,68,1,69.15,0.0,69.15
5620,2058,47,135,2,79.33,0.0,158.66
5621,2058,83,233,1,35.04,0.0,35.04
5622,2059,59,168,2,55.83,0.0,111.66
5623,2060,78,219,1,80.43,0.0,80.43
5624,2060,76,215,3,63.03,0.0,189.09
5625,2060,3,5,3,132.59,0.0,397.77
5626,2060,47,135,3,79.33,0.0,237.99
5627,2060,80,223,3,216.05,0.0,648.15
5628,2061,67,192,1,77.05,0.0,77.05
5629,2061,62,179,1,147.25,0.0,147.25
5630,2061,40,115,3,133.52,0.0,400.56
5631,2062,50,142,3,79.34,0.0,238.02
5632,2062,79,220,1,151.61,0.0,151.61
5633,2062,20,55,2,60.61,0.0,121.22
5634,2063,98,281,4,83.39,0.0,333.56
5635,2063,28,74,2,158.25,0.0,316.5
5636,2063,16,43,5,136.76,0.0,683.8
5637,2063,28,74,1,158.25,0.0,158.25
5638,2064,63,182,2,65.54,0.0,131.08
5639,2065,2,3,1,81.92,0.0,81.92
5640,2065,100,285,1,42.34,0.0,42.34
5641,2065,59,170,2,73.83,0.0,147.66
5642,2066,53,149,1,44.71,0.0,44.71
5643,2067,35,100,3,32.33,0.0,96.99
5644,2067,100,286,1,56.34,0.0,56.34
5645,2067,34,98,2,79.03,0.0,158.06
5646,2067,79,221,1,148.61,0.0,148.61
5647,2067,70,199,2,132.33,0.0,264.66
5648,2068,38,107,3,159.11,0.0,477.33
5649,2069,81,228,2,63.08,0.0,126.16
5650,2069,52,146,3,65.59,0.0,196.77
5651,2069,59,169,4,87.83,0.0,351.32
5652,2070,25,67,1,126.29,0.0,126.29
5653,2070,17,46,1,83.41,0.0,83.41
5654,2070,7,18,2,51.06,0.0,102.12
5655,2070,6,15,1,111.76,0.0,111.76
5656,2071,12,32,5,243.11,0.0,1215.55
5657,2071,97,279,2,39.57,0.0,79.14
5658,2071,82,231,1,21.0,0.0,21.0
5659,2072,55,156,2,17.23,0.0,34.46
5660,2072,48,136,5,45.39,0.0,226.95
5661,2072,1,1,4,193.05,0.0,772.2
5662,2072,11,29,2,41.69,0.0,83.38
5663,2073,20,54,2,60.61,0.0,121.22
5664,2073,89,253,1,73.85,0.0,73.85
5665,2074,38,108,5,174.11,0.0,870.55
5666,2074,6,15,1,111.76,0.0,111.76
5667,2074,52,146,3,65.59,0.0,196.77
5668,2074,36,102,3,25.53,0.0,76.59
5669,2074,27,71,5,12.55,0.0,62.75
5670,2075,15,39,1,161.21,0.0,161.21
5671,2075,15,39,3,161.21,0.0,483.63
5672,2075,42,119,2,40.62,0.0,81.24
5673,2076,26,68,2,69.15,0.0,138.3
5674,2076,8,21,5,183.95,0.0,919.75
5675,2076,24,64,5,112.11,0.0,560.55
5676,2076,18,48,1,93.27,0.0,93.27
5677,2077,46,131,2,70.22,0.0,140.44
5678,2077,89,253,5,73.85,0.0,369.25
5679,2078,38,109,1,164.11,0.0,164.11
5680,2078,74,210,1,212.0,0.0,212.0
5681,2078,59,168,3,55.83,0.0,167.49
5682,2078,70,199,1,132.33,0.0,132.33
5683,2078,9,23,1,61.83,0.0,61.83
5684,2079,72,205,1,153.23,0.0,153.23
5685,2079,12,31,2,258.11,0.0,516.22
5686,2079,10,26,1,251.5,0.0,251.5
5687,2079,4,9,4,99.33,0.0,397.32
5688,2080,85,240,1,18.14,0.0,18.14
5689,2081,58,166,2,61.21,0.0,122.42
5690,2081,67,192,3,77.05,0.0,231.15
5691,2081,70,199,5,132.33,0.0,661.65
5692,2082,5,11,4,86.21,0.0,344.84
5693,2083,76,214,1,66.03,0.0,66.03
5694,2083,11,30,1,36.69,0.0,36.69
5695,2083,37,106,1,18.93,0.0,18.93
5696,2083,98,282,1,69.39,0.0,69.39
5697,2084,10,25,2,241.5,0.0,483.0
5698,2084,38,108,3,174.11,0.0,522.33
5699,2084,18,47,2,98.27,0.0,196.54
5700,2084,68,193,1,165.66,0.0,165.66
5701,2084,12,32,4,243.11,0.0,972.44
5702,2085,19,49,2,207.14,0.0,414.28
5703,2085,9,23,5,61.83,0.0,309.15
5704,2085,43,124,1,44.67,0.0,44.67
5705,2085,70,199,1,132.33,0.0,132.33
5706,2086,33,93,1,51.53,0.0,51.53
5707,2086,49,138,3,20.68,0.0,62.04
5708,2087,7,19,3,56.06,0.0,168.18
5709,2088,46,133,2,88.22,0.0,176.44
5710,2088,49,139,3,38.68,0.0,116.04
5711,2088,79,222,4,145.61,0.0,582.44
5712,2088,12,31,3,258.11,0.0,774.33
5713,2089,4,9,2,99.33,0.0,198.66
5714,2089,2,3,3,81.92,0.0,245.76
5715,2090,13,34,4,155.62,0.0,622.48
5716,2090,96,277,3,80.44,0.0,241.32
5717,2091,26,70,2,69.15,0.0,138.3
5718,2091,61,176,1,66.85,0.0,66.85
5719,2092,92,263,2,60.75,0.0,121.5
5720,2092,71,202,1,18.78,0.0,18.78
5721,2092,11,30,1,36.69,0.0,36.69
5722,2092,65,186,1,154.37,0.0,154.37
5723,2093,13,34,2,155.62,0.0,311.24
5724,2094,36,104,4,15.53,0.0,62.12
5725,2094,9,23,2,61.83,0.0,123.66
5726,2094,15,40,3,176.21,0.0,528.63
5727,2094,100,285,4,42.34,0.0,169.36
5728,2094,13,33,4,140.62,0.0,562.48
5729,2095,43,123,2,12.67,0.0,25.34
5730,2095,72,205,1,153.23,0.0,153.23
5731,2095,4,10,2,84.33,0.0,168.66
5732,2096,92,265,1,74.75,0.0,74.75
5733,2096,34,98,1,79.03,0.0,79.03
5734,2096,82,232,1,33.0,0.0,33.0
5735,2097,53,151,3,44.71,0.0,134.13
5736,2097,100,285,2,42.34,0.0,84.68
5737,2097,45,129,2,47.45,0.0,94.9
5738,2097,88,252,3,33.4,0.0,100.2
5739,2097,36,104,3,15.53,0.0,46.59
5740,2098,49,138,2,20.68,0.0,41.36
5741,2099,65,185,4,154.37,0.0,617.48
5742,2099,96,275,5,92.44,0.0,462.2
5743,2099,39,112,3,53.78,0.0,161.34
5744,2099,73,206,5,195.67,0.0,978.35
5745,2099,14,38,1,93.42,0.0,93.42
5746,2100,12,32,1,243.11,0.0,243.11
5747,2100,93,268,5,29.84,0.0,149.2
5748,2101,69,197,3,22.8,0.0,68.4
5749,2101,66,189,5,26.38,0.0,131.9
5750,2101,13,34,3,155.62,0.0,466.86
5751,2101,35,100,2,32.33,0.0,64.66
5752,2101,11,30,5,36.69,0.0,183.45
5753,2101,55,154,4,35.23,0.0,140.92
5754,2102,16,41,2,121.76,0.0,243.52
5755,2102,63,182,1,65.54,0.0,65.54
5756,2102,8,20,2,193.95,0.0,387.9
5757,2103,14,37,2,83.42,0.0,166.84
5758,2103,6,15,1,111.76,0.0,111.76
5759,2103,25,66,2,136.29,0.0,272.58
5760,2104,79,221,1,148.61,0.0,148.61
5761,2104,99,284,2,49.51,0.0,99.02
5762,2104,31,86,1,52.47,0.0,52.47
5763,2104,71,202,4,18.78,0.0,75.12
5764,2104,54,153,4,13.28,0.0,53.12
5765,2105,1,2,1,188.05,0.0,188.05
5766,2106,41,118,3,40.66,0.0,121.98
5767,2106,78,218,3,83.43,0.0,250.29
5768,2106,16,41,1,121.76,0.0,121.76
5769,2106,22,59,1,148.97,0.0,148.97
5770,2107,20,52,1,65.61,0.0,65.61
5771,2107,76,214,1,66.03,0.0,66.03
5772,2108,99,284,2,49.51,0.0,99.02
5773,2108,19,51,4,192.14,0.0,768.56
5774,2108,76,214,1,66.03,0.0,66.03
5775,2108,41,118,4,40.66,0.0,162.64
5776,2109,9,22,4,56.83,0.0,227.32
5777,2110,47,134,1,97.33,0.0,97.33
5778,2110,23,62,1,48.88,0.0,48.88
5779,2111,26,70,2,69.15,0.0,138.3
5780,2111,69,197,2,22.8,0.0,45.6
5781,2111,35,99,5,27.33,0.0,136.65
5782,2111,8,20,1,193.95,0.0,193.95
5783,2111,59,168,2,55.83,0.0,111.66
5784,2112,65,186,1,154.37,0.0,154.37
5785,2113,84,238,4,38.36,0.0,153.44
5786,2113,98,281,1,83.39,0.0,83.39
5787,2113,42,121,1,40.62,0.0,40.62
5788,2114,96,276,3,78.44,0.0,235.32
5789,2114,14,36,3,78.42,0.0,235.26
5790,2114,9,23,1,61.83,0.0,61.83
5791,2115,64,184,4,66.17,0.0,264.68
5792,2115,5,14,2,81.21,0.0,162.42
5793,2116,2,4,2,86.92,0.0,173.84
5794,2116,91,259,3,35.66,0.0,106.98
5795,2116,20,54,1,60.61,0.0,60.61
5796,2117,4,8,2,89.33,0.0,178.66
5797,2118,46,132,1,102.22,0.0,102.22
5798,2118,32,90,5,176.3,0.0,881.5
5799,2119,58,166,2,61.21,0.0,122.42
5800,2119,60,173,2,36.2,0.0,72.4
5801,2120,42,121,2,40.62,0.0,81.24
5802,2120,42,120,2,72.62,0.0,145.24
5803,2120,19,51,2,192.14,0.0,384.28
5804,2120,1,2,1,188.05,0.0,188.05
5805,2121,75,212,1,50.67,0.0,50.67
5806,2121,16,42,1,126.76,0.0,126.76
5807,2121,44,127,2,22.65,0.0,45.3
5808,2121,95,274,2,7.88,0.0,15.76
5809,2121,65,186,1,154.37,0.0,154.37
5810,2122,5,11,1,86.21,0.0,86.21
5811,2123,25,67,2,126.29,0.0,252.58
5812,2123,41,117,1,22.66,0.0,22.66
5813,2124,51,143,2,37.92,0.0,75.84
5814,2124,53,148,1,62.71,0.0,62.71
5815,2124,66,188,1,32.38,0.0,32.38
5816,2124,6,16,1,126.76,0.0,126.76
5817,2124,21,56,1,72.82,0.0,72.82
5818,2125,63,181,2,65.54,0.0,131.08
5819,2125,3,5,2,132.59,0.0,265.18
5820,2126,67,192,1,77.05,0.0,77.05
5821,2126,65,185,2,154.37,0.0,308.74
5822,2126,44,126,2,22.65,0.0,45.3
5823,2126,23,62,3,48.88,0.0,146.64
5824,2126,41,118,4,40.66,0.0,162.64
5825,2126,63,182,1,65.54,0.0,65.54
5826,2127,33,94,1,66.53,0.0,66.53
5827,2128,59,170,3,73.83,0.0,221.49
5828,2128,75,213,3,44.67,0.0,134.01
5829,2128,5,12,1,81.21,0.0,81.21
5830,2129,83,235,3,35.04,0.0,105.12
5831,2129,50,141,1,97.34,0.0,97.34
5832,2129,25,67,2,126.29,0.0,252.58
5833,2129,32,91,3,186.3,0.0,558.9
5834,2129,46,133,1,88.22,0.0,88.22
5835,2129,74,209,2,215.0,0.0,430.0
5836,2130,22,59,2,148.97,0.0,297.94
5837,2130,5,13,1,96.21,0.0,96.21
5838,2131,1,2,1,188.05,0.0,188.05
5839,2132,80,225,1,213.05,0.0,213.05
5840,2133,86,245,2,85.71,0.0,171.42
5841,2133,9,22,1,56.83,0.0,56.83
5842,2133,23,60,3,33.88,0.0,101.64
5843,2134,19,51,3,192.14,0.0,576.42
5844,2135,10,25,1,241.5,0.0,241.5
5845,2135,46,133,1,88.22,0.0,88.22
5846,2135,81,228,4,63.08,0.0,252.32
5847,2135,56,159,1,58.28,0.0,58.28
5848,2136,33,93,3,51.53,0.0,154.59
5849,2136,78,219,5,80.43,0.0,402.15
5850,2136,6,15,2,111.76,0.0,223.52
5851,2136,5,11,4,86.21,0.0,344.84
5852,2136,50,141,4,97.34,0.0,389.36
5853,2136,14,38,2,93.42,0.0,186.84
5854,2137,91,260,5,23.66,0.0,118.3
5855,2137,23,60,3,33.88,0.0,101.64
5856,2137,12,32,2,243.11,0.0,486.22
5857,2137,60,172,1,18.2,0.0,18.2
5858,2138,11,29,2,41.69,0.0,83.38
5859,2138,17,45,1,88.41,0.0,88.41
5860,2139,53,151,5,44.71,0.0,223.55
5861,2139,66,190,3,29.38,0.0,88.14
5862,2140,79,222,3,145.61,0.0,436.83
5863,2140,76,214,4,66.03,0.0,264.12
5864,2140,92,264,2,62.75,0.0,125.5
5865,2140,47,135,3,79.33,0.0,237.99
5866,2140,63,182,1,65.54,0.0,65.54
5867,2141,15,40,3,176.21,0.0,528.63
5868,2142,81,229,1,75.08,0.0,75.08
5869,2142,15,40,3,176.21,0.0,528.63
5870,2142,23,61,4,38.88,0.0,155.52
5871,2143,41,117,3,22.66,0.0,67.98
5872,2143,25,67,2,126.29,0.0,252.58
5873,2144,65,185,1,154.37,0.0,154.37
5874,2144,73,207,2,192.67,0.0,385.34
5875,2145,13,35,1,145.62,0.0,145.62
5876,2145,72,205,3,153.23,0.0,459.69
5877,2145,32,91,1,186.3,0.0,186.3
5878,2146,1,1,5,193.05,0.0,965.25
5879,2146,46,133,3,88.22,0.0,264.66
5880,2147,99,284,2,49.51,0.0,99.02
5881,2147,33,94,3,66.53,0.0,199.59
5882,2147,36,101,3,15.53,0.0,46.59
5883,2148,55,156,1,17.23,0.0,17.23
5884,2148,71,202,4,18.78,0.0,75.12
5885,2149,66,189,2,26.38,0.0,52.76
5886,2149,54,153,1,13.28,0.0,13.28
5887,2149,77,216,1,190.3,0.0,190.3
5888,2149,66,189,4,26.38,0.0,105.52
5889,2149,87,247,2,64.46,0.0,128.92
5890,2150,94,270,2,36.87,0.0,73.74
5891,2150,75,211,1,47.67,0.0,47.67
5892,2151,33,92,3,56.53,0.0,169.59
5893,2151,2,3,3,81.92,0.0,245.76
5894,2151,53,150,5,76.71,0.0,383.55
5895,2151,47,134,1,97.33,0.0,97.33
5896,2151,36,104,3,15.53,0.0,46.59
5897,2152,9,22,2,56.83,0.0,113.66
5898,2152,1,1,4,193.05,0.0,772.2
5899,2153,36,101,4,15.53,0.0,62.12
5900,2153,78,218,3,83.43,0.0,250.29
5901,2153,45,128,1,29.45,0.0,29.45
5902,2154,44,126,2,22.65,0.0,45.3
5903,2154,24,63,1,122.11,0.0,122.11
5904,2154,26,68,2,69.15,0.0,138.3
5905,2155,41,118,3,40.66,0.0,121.98
5906,2156,78,218,1,83.43,0.0,83.43
5907,2156,21,57,2,67.82,0.0,135.64
5908,2157,20,55,1,60.61,0.0,60.61
5909,2157,8,20,2,193.95,0.0,387.9
5910,2157,19,50,3,192.14,0.0,576.42
5911,2157,7,17,3,51.06,0.0,153.18
5912,2158,17,45,4,88.41,0.0,353.64
5913,2159,81,228,1,63.08,0.0,63.08
5914,2160,18,48,5,93.27,0.0,466.35
5915,2160,34,97,5,89.03,0.0,445.15
5916,2161,52,146,1,65.59,0.0,65.59
5917,2162,83,234,3,33.04,0.0,99.12
5918,2162,5,12,1,81.21,0.0,81.21
5919,2162,53,150,4,76.71,0.0,306.84
5920,2163,3,5,2,132.59,0.0,265.18
5921,2164,44,126,4,22.65,0.0,90.6
5922,2164,16,41,1,121.76,0.0,121.76
5923,2164,17,46,1,83.41,0.0,83.41
5924,2165,32,89,2,171.3,0.0,342.6
5925,2165,6,16,4,126.76,0.0,507.04
5926,2166,63,181,4,65.54,0.0,262.16
5927,2166,3,5,3,132.59,0.0,397.77
5928,2166,14,38,1,93.42,0.0,93.42
5929,2166,33,95,2,56.53,0.0,113.06
5930,2167,79,220,2,151.61,0.0,303.22
5931,2168,3,5,4,132.59,0.0,530.36
5932,2168,46,131,1,70.22,0.0,70.22
5933,2168,63,181,3,65.54,0.0,196.62
5934,2168,18,48,4,93.27,0.0,373.08
5935,2168,55,154,2,35.23,0.0,70.46
5936,2169,75,213,1,44.67,0.0,44.67
5937,2169,15,40,2,176.21,0.0,352.42
5938,2169,55,156,1,17.23,0.0,17.23
5939,2169,19,51,5,192.14,0.0,960.7
5940,2169,17,46,3,83.41,0.0,250.23
5941,2170,8,20,1,193.95,0.0,193.95
5942,2171,44,126,1,22.65,0.0,22.65
5943,2171,17,46,1,83.41,0.0,83.41
5944,2171,23,61,2,38.88,0.0,77.76
5945,2172,71,202,1,18.78,0.0,18.78
5946,2172,36,103,1,10.53,0.0,10.53
5947,2172,58,165,2,43.21,0.0,86.42
5948,2173,14,36,1,78.42,0.0,78.42
5949,2173,59,170,2,73.83,0.0,147.66
5950,2173,94,270,1,36.87,0.0,36.87
5951,2173,43,124,2,44.67,0.0,89.34
5952,2174,39,110,2,58.78,0.0,117.56
5953,2174,14,36,5,78.42,0.0,392.1
5954,2174,81,226,3,61.08,0.0,183.24
5955,2174,17,46,2,83.41,0.0,166.82
5956,2175,36,102,2,25.53,0.0,51.06
5957,2175,17,46,1,83.41,0.0,83.41
5958,2175,39,112,1,53.78,0.0,53.78
5959,2176,94,271,4,24.87,0.0,99.48
5960,2177,37,105,4,23.93,0.0,95.72
5961,2177,36,104,4,15.53,0.0,62.12
5962,2177,70,199,5,132.33,0.0,661.65
5963,2178,32,90,2,176.3,0.0,352.6
5964,2178,66,190,1,29.38,0.0,29.38
5965,2179,37,106,1,18.93,0.0,18.93
5966,2179,17,45,1,88.41,0.0,88.41
5967,2180,47,134,4,97.33,0.0,389.32
5968,2180,1,2,5,188.05,0.0,940.25
5969,2180,51,144,3,19.92,0.0,59.76
5970,2181,74,210,5,212.0,0.0,1060.0
5971,2181,59,169,5,87.83,0.0,439.15
5972,2182,17,46,2,83.41,0.0,166.82
5973,2183,88,251,3,33.4,0.0,100.2
5974,2183,61,174,2,72.85,0.0,145.7
5975,2183,3,6,3,147.59,0.0,442.77
5976,2183,44,125,5,40.65,0.0,203.25
5977,2183,18,47,2,98.27,0.0,196.54
5978,2184,82,232,1,33.0,0.0,33.0
5979,2185,73,207,1,192.67,0.0,192.67
5980,2186,1,2,1,188.05,0.0,188.05
5981,2186,33,93,1,51.53,0.0,51.53
5982,2186,86,245,1,85.71,0.0,85.71
5983,2186,42,119,4,40.62,0.0,162.48
5984,2186,43,124,1,44.67,0.0,44.67
5985,2187,2,4,1,86.92,0.0,86.92
5986,2187,8,21,1,183.95,0.0,183.95
5987,2188,65,185,4,154.37,0.0,617.48
5988,2188,90,257,4,52.11,0.0,208.44
5989,2189,18,47,2,98.27,0.0,196.54
5990,2189,38,108,3,174.11,0.0,522.33
5991,2190,60,172,4,18.2,0.0,72.8
5992,2190,79,221,4,148.61,0.0,594.44
5993,2191,45,128,2,29.45,0.0,58.9
5994,2192,1,1,1,193.05,0.0,193.05
5995,2192,5,12,1,81.21,0.0,81.21
5996,2192,29,78,2,150.1,0.0,300.2
5997,2192,45,129,5,47.45,0.0,237.25
5998,2193,27,71,2,12.55,0.0,25.1
5999,2194,57,164,1,26.38,0.0,26.38
6000,2194,72,204,1,156.23,0.0,156.23
6001,2195,88,251,4,33.4,0.0,133.6
6002,2196,53,148,1,62.71,0.0,62.71
6003,2196,4,9,1,99.33,0.0,99.33
6004,2197,59,167,1,55.83,0.0,55.83
6005,2197,81,226,3,61.08,0.0,183.24
6006,2198,36,101,3,15.53,0.0,46.59
6007,2198,96,278,2,80.44,0.0,160.88
6008,2198,100,287,1,44.34,0.0,44.34
6009,2199,32,90,3,176.3,0.0,528.9
6010,2200,28,75,3,153.25,0.0,459.75
6011,2200,25,66,1,136.29,0.0,136.29
6012,2200,10,25,3,241.5,0.0,724.5
6013,2200,70,200,1,129.33,0.0,129.33
6014,2201,72,205,1,153.23,0.0,153.23
6015,2201,99,283,1,61.51,0.0,61.51
6016,2202,63,181,2,65.54,0.0,131.08
6017,2202,78,218,1,83.43,0.0,83.43
6018,2202,82,230,2,21.0,0.0,42.0
6019,2203,57,162,3,44.38,0.0,133.14
6020,2203,58,166,4,61.21,0.0,244.84
6021,2203,54,153,4,13.28,0.0,53.12
6022,2203,57,163,4,58.38,0.0,233.52
6023,2203,63,182,1,65.54,0.0,65.54
6024,2204,27,73,2,7.55,0.0,15.1
6025,2204,40,115,3,133.52,0.0,400.56
6026,2205,11,29,4,41.69,0.0,166.76
6027,2205,30,83,3,15.27,0.0,45.81
6028,2205,62,178,2,150.25,0.0,300.5
6029,2205,6,15,1,111.76,0.0,111.76
6030,2206,32,88,1,176.3,0.0,176.3
6031,2206,43,124,4,44.67,0.0,178.68
6032,2207,36,101,3,15.53,0.0,46.59
6033,2207,43,122,1,12.67,0.0,12.67
6034,2208,77,217,4,190.3,0.0,761.2
6035,2208,12,31,1,258.11,0.0,258.11
6036,2209,28,74,1,158.25,0.0,158.25
6037,2209,87,248,2,66.46,0.0,132.92
6038,2210,83,233,3,35.04,0.0,105.12
6039,2210,21,57,5,67.82,0.0,339.1
6040,2211,17,46,2,83.41,0.0,166.82
6041,2212,20,54,1,60.61,0.0,60.61
6042,2212,70,200,2,129.33,0.0,258.66
6043,2212,43,122,1,12.67,0.0,12.67
6044,2212,3,6,2,147.59,0.0,295.18
6045,2212,39,112,3,53.78,0.0,161.34
6046,2212,59,167,2,55.83,0.0,111.66
6047,2213,67,191,3,83.05,0.0,249.15
6048,2213,42,119,5,40.62,0.0,203.1
6049,2214,48,137,1,45.39,0.0,45.39
6050,2214,33,93,3,51.53,0.0,154.59
6051,2214,29,80,1,140.1,0.0,140.1
6052,2215,97,279,2,39.57,0.0,79.14
6053,2215,72,204,2,156.23,0.0,312.46
6054,2215,38,109,3,164.11,0.0,492.33
6055,2215,18,47,2,98.27,0.0,196.54
6056,2216,38,109,1,164.11,0.0,164.11
6057,2216,63,181,4,65.54,0.0,262.16
6058,2217,11,30,5,36.69,0.0,183.45
6059,2217,64,184,2,66.17,0.0,132.34
6060,2218,12,31,3,258.11,0.0,774.33
6061,2218,92,264,3,62.75,0.0,188.25
6062,2218,95,272,4,9.88,0.0,39.52
6063,2219,6,15,2,111.76,0.0,223.52
6064,2219,90,257,1,52.11,0.0,52.11
6065,2219,13,35,3,145.62,0.0,436.86
6066,2219,10,27,3,236.5,0.0,709.5
6067,2219,1,2,1,188.05,0.0,188.05
6068,2220,60,172,3,18.2,0.0,54.6
6069,2220,74,210,4,212.0,0.0,848.0
6070,2220,48,136,1,45.39,0.0,45.39
6071,2220,81,229,3,75.08,0.0,225.24
6072,2221,19,51,3,192.14,0.0,576.42
6073,2221,38,109,1,164.11,0.0,164.11
6074,2222,42,119,5,40.62,0.0,203.1
6075,2222,30,83,1,15.27,0.0,15.27
6076,2222,21,57,3,67.82,0.0,203.46
6077,2223,11,29,2,41.69,0.0,83.38
6078,2223,53,151,1,44.71,0.0,44.71
6079,2224,90,256,2,38.11,0.0,76.22
6080,2224,60,173,2,36.2,0.0,72.4
6081,2224,40,115,1,133.52,0.0,133.52
6082,2224,100,286,1,56.34,0.0,56.34
6083,2224,14,38,5,93.42,0.0,467.1
6084,2224,25,66,2,136.29,0.0,272.58
6085,2225,22,59,1,148.97,0.0,148.97
6086,2225,26,70,4,69.15,0.0,276.6
6087,2225,19,49,1,207.14,0.0,207.14
6088,2226,26,70,1,69.15,0.0,69.15
6089,2226,25,66,1,136.29,0.0,136.29
6090,2227,28,75,2,153.25,0.0,306.5
6091,2228,79,221,2,148.61,0.0,297.22
6092,2228,62,179,4,147.25,0.0,589.0
6093,2229,27,72,2,22.55,0.0,45.1
6094,2229,41,117,1,22.66,0.0,22.66
6095,2229,85,240,1,18.14,0.0,18.14
6096,2229,78,218,5,83.43,0.0,417.15
6097,2229,59,170,1,73.83,0.0,73.83
6098,2230,85,241,4,6.14,0.0,24.56
6099,2231,69,197,1,22.8,0.0,22.8
6100,2232,67,191,4,83.05,0.0,332.2
6101,2233,18,47,4,98.27,0.0,393.08
6102,2233,60,173,3,36.2,0.0,108.6
6103,2234,35,100,2,32.33,0.0,64.66
6104,2234,7,17,3,51.06,0.0,153.18
6105,2234,29,78,3,150.1,0.0,450.3
6106,2235,65,186,1,154.37,0.0,154.37
6107,2235,14,38,1,93.42,0.0,93.42
6108,2236,24,63,2,122.11,0.0,244.22
6109,2237,1,1,1,193.05,0.0,193.05
6110,2238,50,140,2,111.34,0.0,222.68
6111,2239,29,80,4,140.1,0.0,560.4
6112,2239,16,42,1,126.76,0.0,126.76
6113,2239,79,221,1,148.61,0.0,148.61
6114,2240,54,153,2,13.28,0.0,26.56
6115,2241,43,122,5,12.67,0.0,63.35
6116,2241,50,142,1,79.34,0.0,79.34
6117,2242,69,197,2,22.8,0.0,45.6
6118,2242,10,26,1,251.5,0.0,251.5
6119,2243,59,169,3,87.83,0.0,263.49
6120,2244,16,41,3,121.76,0.0,365.28
6121,2244,3,5,2,132.59,0.0,265.18
6122,2244,7,17,1,51.06,0.0,51.06
6123,2244,92,265,2,74.75,0.0,149.5
6124,2244,51,144,1,19.92,0.0,19.92
6125,2245,89,253,1,73.85,0.0,73.85
6126,2246,50,142,3,79.34,0.0,238.02
6127,2246,13,33,1,140.62,0.0,140.62
6128,2247,58,165,1,43.21,0.0,43.21
6129,2248,27,73,1,7.55,0.0,7.55
6130,2249,22,59,1,148.97,0.0,148.97
6131,2249,87,248,2,66.46,0.0,132.92
6132,2249,84,237,5,38.36,0.0,191.8
6133,2250,65,187,4,151.37,0.0,605.48
6134,2250,39,111,3,68.78,0.0,206.34
6135,2251,31,85,1,52.47,0.0,52.47
6136,2252,53,148,3,62.71,0.0,188.13
6137,2252,20,52,1,65.61,0.0,65.61
6138,2253,94,271,4,24.87,0.0,99.48
6139,2253,24,64,1,112.11,0.0,112.11
6140,2253,4,9,1,99.33,0.0,99.33
6141,2253,69,198,1,25.8,0.0,25.8
6142,2254,63,181,1,65.54,0.0,65.54
6143,2254,13,34,2,155.62,0.0,311.24
6144,2254,20,52,5,65.61,0.0,328.05
6145,2254,93,267,1,29.84,0.0,29.84
6146,2255,89,255,2,61.85,0.0,123.7
6147,2255,15,40,1,176.21,0.0,176.21
6148,2256,54,153,1,13.28,0.0,13.28
6149,2256,24,65,1,107.11,0.0,107.11
6150,2257,93,266,1,27.84,0.0,27.84
6151,2257,91,261,2,23.66,0.0,47.32
6152,2257,81,229,3,75.08,0.0,225.24
6153,2257,20,52,1,65.61,0.0,65.61
6154,2257,9,24,2,56.83,0.0,113.66
6155,2257,28,75,1,153.25,0.0,153.25
6156,2258,3,5,1,132.59,0.0,132.59
6157,2258,12,31,3,258.11,0.0,774.33
6158,2259,40,116,1,143.52,0.0,143.52
6159,2259,18,48,1,93.27,0.0,93.27
6160,2259,21,57,1,67.82,0.0,67.82
6161,2259,8,21,1,183.95,0.0,183.95
6162,2259,86,246,3,85.71,0.0,257.13
6163,2260,48,137,1,45.39,0.0,45.39
6164,2260,54,152,2,31.28,0.0,62.56
6165,2260,20,52,2,65.61,0.0,131.22
6166,2261,41,117,2,22.66,0.0,45.32
6167,2261,58,166,2,61.21,0.0,122.42
6168,2262,50,141,5,97.34,0.0,486.7
6169,2262,25,67,3,126.29,0.0,378.87
6170,2263,30,83,1,15.27,0.0,15.27
6171,2263,4,7,2,84.33,0.0,168.66
6172,2263,90,256,2,38.11,0.0,76.22
6173,2264,25,67,3,126.29,0.0,378.87
6174,2264,57,163,4,58.38,0.0,233.52
6175,2264,86,245,5,85.71,0.0,428.55
6176,2265,56,160,2,40.28,0.0,80.56
6177,2266,56,158,1,72.28,0.0,72.28
6178,2267,5,11,4,86.21,0.0,344.84
6179,2267,12,31,3,258.11,0.0,774.33
6180,2268,74,209,2,215.0,0.0,430.0
6181,2268,29,77,1,135.1,0.0,135.1
6182,2268,55,155,1,49.23,0.0,49.23
6183,2269,80,223,2,216.05,0.0,432.1
6184,2269,22,58,1,138.97,0.0,138.97
6185,2270,37,106,4,18.93,0.0,75.72
6186,2271,28,75,1,153.25,0.0,153.25
6187,2272,72,205,3,153.23,0.0,459.69
6188,2272,34,96,1,79.03,0.0,79.03
6189,2272,84,239,3,36.36,0.0,109.08
6190,2273,28,76,1,158.25,0.0,158.25
6191,2274,75,212,5,50.67,0.0,253.35
6192,2274,1,2,2,188.05,0.0,376.1
6193,2274,78,219,2,80.43,0.0,160.86
6194,2275,10,25,1,241.5,0.0,241.5
6195,2276,3,6,2,147.59,0.0,295.18
6196,2277,49,138,3,20.68,0.0,62.04
6197,2278,11,30,2,36.69,0.0,73.38
6198,2278,9,24,1,56.83,0.0,56.83
6199,2278,15,39,1,161.21,0.0,161.21
6200,2278,23,60,1,33.88,0.0,33.88
6201,2278,17,45,2,88.41,0.0,176.82
6202,2278,3,6,2,147.59,0.0,295.18
6203,2279,67,192,5,77.05,0.0,385.25
6204,2279,73,207,1,192.67,0.0,192.67
6205,2279,62,180,4,150.25,0.0,601.0
6206,2279,31,84,4,47.47,0.0,189.88
6207,2279,32,88,1,176.3,0.0,176.3
6208,2279,18,48,1,93.27,0.0,93.27
6209,2280,32,90,1,176.3,0.0,176.3
6210,2280,23,60,1,33.88,0.0,33.88
6211,2280,10,25,1,241.5,0.0,241.5
6212,2280,79,220,3,151.61,0.0,454.83
6213,2281,34,98,2,79.03,0.0,158.06
6214,2281,77,217,3,190.3,0.0,570.9
6215,2281,87,247,3,64.46,0.0,193.38
6216,2282,80,224,2,213.05,0.0,426.1
6217,2282,18,48,1,93.27,0.0,93.27
6218,2282,77,217,1,190.3,0.0,190.3
6219,2282,42,121,3,40.62,0.0,121.86
6220,2283,85,243,1,6.14,0.0,6.14
6221,2284,98,281,4,83.39,0.0,333.56
6222,2285,49,139,1,38.68,0.0,38.68
6223,2285,68,194,1,168.66,0.0,168.66
6224,2286,73,207,5,192.67,0.0,963.35
6225,2286,45,128,3,29.45,0.0,88.35
6226,2286,30,82,2,10.27,0.0,20.54
6227,2286,61,174,1,72.85,0.0,72.85
6228,2287,6,16,1,126.76,0.0,126.76
6229,2287,99,283,1,61.51,0.0,61.51
6230,2287,79,220,1,151.61,0.0,151.61
6231,2287,43,124,1,44.67,0.0,44.67
6232,2287,87,247,1,64.46,0.0,64.46
6233,2288,71,203,3,18.78,0.0,56.34
6234,2289,32,88,2,176.3,0.0,352.6
6235,2289,42,121,1,40.62,0.0,40.62
6236,2289,14,37,1,83.42,0.0,83.42
6237,2289,60,173,2,36.2,0.0,72.4
6238,2289,17,45,1,88.41,0.0,88.41
6239,2290,55,154,2,35.23,0.0,70.46
6240,2290,35,100,3,32.33,0.0,96.99
6241,2290,74,210,4,212.0,0.0,848.0
6242,2291,16,42,1,126.76,0.0,126.76
6243,2291,15,39,5,161.21,0.0,806.05
6244,2291,14,36,2,78.42,0.0,156.84
6245,2292,31,86,1,52.47,0.0,52.47
6246,2293,60,173,3,36.2,0.0,108.6
6247,2293,5,11,2,86.21,0.0,172.42
6248,2294,27,72,5,22.55,0.0,112.75
6249,2294,52,147,2,97.59,0.0,195.18
6250,2294,21,57,2,67.82,0.0,135.64
6251,2295,30,81,3,25.27,0.0,75.81
6252,2295,8,20,3,193.95,0.0,581.85
6253,2295,15,40,4,176.21,0.0,704.84
6254,2295,2,4,4,86.92,0.0,347.68
6255,2296,97,279,1,39.57,0.0,39.57
6256,2297,55,155,2,49.23,0.0,98.46
6257,2297,74,210,5,212.0,0.0,1060.0
6258,2297,20,54,5,60.61,0.0,303.05
6259,2297,54,152,1,31.28,0.0,31.28
6260,2298,66,188,1,32.38,0.0,32.38
6261,2298,20,54,1,60.61,0.0,60.61
6262,2298,4,10,3,84.33,0.0,252.99
6263,2299,51,144,1,19.92,0.0,19.92
6264,2300,1,1,2,193.05,0.0,386.1
6265,2300,88,251,5,33.4,0.0,167.0
6266,2300,93,266,4,27.84,0.0,111.36
6267,2300,20,53,1,75.61,0.0,75.61
6268,2301,3,6,2,147.59,0.0,295.18
6269,2301,73,206,2,195.67,0.0,391.34
6270,2301,5,14,1,81.21,0.0,81.21
6271,2301,93,266,1,27.84,0.0,27.84
6272,2302,6,16,3,126.76,0.0,380.28
6273,2303,5,11,3,86.21,0.0,258.63
6274,2303,80,223,3,216.05,0.0,648.15
6275,2303,15,39,1,161.21,0.0,161.21
6276,2303,42,119,2,40.62,0.0,81.24
6277,2304,30,83,1,15.27,0.0,15.27
6278,2304,50,141,1,97.34,0.0,97.34
6279,2305,47,134,4,97.33,0.0,389.32
6280,2305,97,280,2,39.57,0.0,79.14
6281,2305,25,67,1,126.29,0.0,126.29
6282,2306,27,71,2,12.55,0.0,25.1
6283,2306,34,96,2,79.03,0.0,158.06
6284,2307,56,159,5,58.28,0.0,291.4
6285,2307,54,153,4,13.28,0.0,53.12
6286,2307,57,162,4,44.38,0.0,177.52
6287,2307,7,19,5,56.06,0.0,280.3
6288,2308,39,110,3,58.78,0.0,176.34
6289,2309,94,270,1,36.87,0.0,36.87
6290,2309,77,216,2,190.3,0.0,380.6
6291,2309,37,105,2,23.93,0.0,47.86
6292,2310,61,175,5,69.85,0.0,349.25
6293,2310,55,157,2,17.23,0.0,34.46
6294,2311,6,15,4,111.76,0.0,447.04
6295,2311,97,280,2,39.57,0.0,79.14
6296,2312,72,205,5,153.23,0.0,766.15
6297,2312,65,187,1,151.37,0.0,151.37
6298,2313,71,203,1,18.78,0.0,18.78
6299,2313,73,207,2,192.67,0.0,385.34
6300,2313,64,184,1,66.17,0.0,66.17
6301,2314,6,16,1,126.76,0.0,126.76
6302,2314,15,39,2,161.21,0.0,322.42
6303,2314,16,43,5,136.76,0.0,683.8
6304,2314,93,269,3,41.84,0.0,125.52
6305,2314,90,257,2,52.11,0.0,104.22
6306,2315,1,1,1,193.05,0.0,193.05
6307,2315,11,30,1,36.69,0.0,36.69
6308,2316,34,96,3,79.03,0.0,237.09
6309,2316,17,46,2,83.41,0.0,166.82
6310,2316,73,208,2,198.67,0.0,397.34
6311,2317,41,117,4,22.66,0.0,90.64
6312,2317,56,159,2,58.28,0.0,116.56
6313,2317,14,37,5,83.42,0.0,417.1
6314,2317,42,120,1,72.62,0.0,72.62
6315,2318,7,17,1,51.06,0.0,51.06
6316,2318,90,256,2,38.11,0.0,76.22
6317,2319,17,46,2,83.41,0.0,166.82
6318,2319,5,14,5,81.21,0.0,406.05
6319,2319,62,177,2,153.25,0.0,306.5
6320,2319,51,143,2,37.92,0.0,75.84
6321,2320,30,81,1,25.27,0.0,25.27
6322,2320,43,124,1,44.67,0.0,44.67
6323,2320,66,189,1,26.38,0.0,26.38
6324,2320,10,25,1,241.5,0.0,241.5
6325,2320,43,123,2,12.67,0.0,25.34
6326,2320,75,213,1,44.67,0.0,44.67
6327,2321,45,129,1,47.45,0.0,47.45
6328,2321,7,19,1,56.06,0.0,56.06
6329,2321,15,39,2,161.21,0.0,322.42
6330,2322,30,83,5,15.27,0.0,76.35
6331,2323,78,218,1,83.43,0.0,83.43
6332,2323,7,18,1,51.06,0.0,51.06
6333,2323,5,11,1,86.21,0.0,86.21
6334,2324,4,9,4,99.33,0.0,397.32
6335,2324,38,109,5,164.11,0.0,820.55
6336,2324,13,34,2,155.62,0.0,311.24
6337,2324,19,49,2,207.14,0.0,414.28
6338,2325,100,287,1,44.34,0.0,44.34
6339,2326,33,95,2,56.53,0.0,113.06
6340,2326,79,222,1,145.61,0.0,145.61
6341,2327,78,218,4,83.43,0.0,333.72
6342,2327,39,112,5,53.78,0.0,268.9
6343,2327,88,252,1,33.4,0.0,33.4
6344,2327,7,18,5,51.06,0.0,255.3
6345,2328,71,202,2,18.78,0.0,37.56
6346,2328,6,15,4,111.76,0.0,447.04
6347,2329,61,175,2,69.85,0.0,139.7
6348,2329,10,26,1,251.5,0.0,251.5
6349,2330,86,246,1,85.71,0.0,85.71
6350,2330,57,162,3,44.38,0.0,133.14
6351,2330,15,39,2,161.21,0.0,322.42
6352,2330,58,166,3,61.21,0.0,183.63
6353,2330,79,221,2,148.61,0.0,297.22
6354,2330,36,102,2,25.53,0.0,51.06
6355,2331,85,242,3,4.99,0.0,14.97
6356,2332,18,48,1,93.27,0.0,93.27
6357,2332,49,138,3,20.68,0.0,62.04
6358,2332,12,32,2,243.11,0.0,486.22
6359,2332,39,110,2,58.78,0.0,117.56
6360,2332,81,226,4,61.08,0.0,244.32
6361,2333,21,57,2,67.82,0.0,135.64
6362,2333,4,7,3,84.33,0.0,252.99
6363,2333,10,25,2,241.5,0.0,483.0
6364,2333,66,190,4,29.38,0.0,117.52
6365,2334,57,162,1,44.38,0.0,44.38
6366,2334,8,21,1,183.95,0.0,183.95
6367,2334,9,24,1,56.83,0.0,56.83
6368,2334,62,177,2,153.25,0.0,306.5
6369,2334,71,201,2,15.78,0.0,31.56
6370,2335,80,225,1,213.05,0.0,213.05
6371,2335,80,225,1,213.05,0.0,213.05
6372,2335,58,165,1,43.21,0.0,43.21
6373,2336,42,119,2,40.62,0.0,81.24
6374,2336,1,2,2,188.05,0.0,376.1
6375,2336,98,281,3,83.39,0.0,250.17
6376,2336,32,91,4,186.3,0.0,745.2
6377,2337,15,39,1,161.21,0.0,161.21
6378,2337,45,128,2,29.45,0.0,58.9
6379,2338,85,243,3,6.14,0.0,18.42
6380,2338,100,286,3,56.34,0.0,169.02
6381,2338,64,183,1,72.17,0.0,72.17
6382,2338,95,272,1,9.88,0.0,9.88
6383,2339,56,161,3,40.28,0.0,120.84
6384,2339,42,121,2,40.62,0.0,81.24
6385,2340,13,35,4,145.62,0.0,582.48
6386,2340,22,58,2,138.97,0.0,277.94
6387,2340,25,66,2,136.29,0.0,272.58
6388,2341,36,101,2,15.53,0.0,31.06
6389,2341,70,200,4,129.33,0.0,517.32
6390,2341,65,187,1,151.37,0.0,151.37
6391,2342,20,53,3,75.61,0.0,226.83
6392,2342,37,105,2,23.93,0.0,47.86
6393,2343,89,254,1,59.85,0.0,59.85
6394,2343,52,147,1,97.59,0.0,97.59
6395,2344,70,199,2,132.33,0.0,264.66
6396,2345,39,111,4,68.78,0.0,275.12
6397,2346,37,106,5,18.93,0.0,94.65
6398,2346,35,100,2,32.33,0.0,64.66
6399,2346,9,24,3,56.83,0.0,170.49
6400,2347,38,109,3,164.11,0.0,492.33
6401,2348,17,46,1,83.41,0.0,83.41
6402,2349,34,96,1,79.03,0.0,79.03
6403,2349,90,256,2,38.11,0.0,76.22
6404,2349,42,119,2,40.62,0.0,81.24
6405,2349,61,175,4,69.85,0.0,279.4
6406,2349,51,145,3,51.92,0.0,155.76
6407,2350,25,67,2,126.29,0.0,252.58
6408,2350,69,197,2,22.8,0.0,45.6
6409,2350,14,37,1,83.42,0.0,83.42
6410,2350,31,87,1,62.47,0.0,62.47
6411,2351,46,132,5,102.22,0.0,511.1
6412,2351,45,128,2,29.45,0.0,58.9
6413,2351,20,53,3,75.61,0.0,226.83
6414,2351,32,91,2,186.3,0.0,372.6
6415,2352,84,236,4,50.36,0.0,201.44
6416,2352,94,271,1,24.87,0.0,24.87
6417,2353,52,147,2,97.59,0.0,195.18
6418,2353,82,232,2,33.0,0.0,66.0
6419,2353,10,28,1,236.5,0.0,236.5
6420,2354,6,16,1,126.76,0.0,126.76
6421,2354,73,206,1,195.67,0.0,195.67
6422,2354,20,53,1,75.61,0.0,75.61
6423,2354,13,35,4,145.62,0.0,582.48
6424,2355,26,70,1,69.15,0.0,69.15
6425,2355,35,100,1,32.33,0.0,32.33
6426,2356,13,33,4,140.62,0.0,562.48
6427,2357,66,189,2,26.38,0.0,52.76
6428,2357,43,123,1,12.67,0.0,12.67
6429,2357,46,133,1,88.22,0.0,88.22
6430,2357,63,181,2,65.54,0.0,131.08
6431,2357,91,261,2,23.66,0.0,47.32
6432,2358,11,29,2,41.69,0.0,83.38
6433,2358,13,33,1,140.62,0.0,140.62
6434,2358,26,69,5,64.15,0.0,320.75
6435,2358,60,172,1,18.2,0.0,18.2
6436,2359,10,27,1,236.5,0.0,236.5
6437,2360,37,106,1,18.93,0.0,18.93
6438,2360,83,235,3,35.04,0.0,105.12
6439,2361,99,284,1,49.51,0.0,49.51
6440,2361,69,197,1,22.8,0.0,22.8
6441,2361,68,196,1,165.66,0.0,165.66
6442,2362,100,285,1,42.34,0.0,42.34
6443,2362,67,191,5,83.05,0.0,415.25
6444,2363,33,95,2,56.53,0.0,113.06
6445,2363,12,31,1,258.11,0.0,258.11
6446,2364,67,192,1,77.05,0.0,77.05
6447,2365,8,21,1,183.95,0.0,183.95
6448,2365,94,270,2,36.87,0.0,73.74
6449,2366,66,188,5,32.38,0.0,161.9
6450,2366,30,83,1,15.27,0.0,15.27
6451,2366,18,48,1,93.27,0.0,93.27
6452,2367,31,85,5,52.47,0.0,262.35
6453,2367,42,120,2,72.62,0.0,145.24
6454,2368,39,110,1,58.78,0.0,58.78
6455,2368,96,275,1,92.44,0.0,92.44
6456,2368,52,147,1,97.59,0.0,97.59
6457,2369,13,34,2,155.62,0.0,311.24
6458,2369,55,155,5,49.23,0.0,246.15
6459,2370,71,203,3,18.78,0.0,56.34
6460,2370,5,13,5,96.21,0.0,481.05
6461,2371,43,122,3,12.67,0.0,38.01
6462,2371,73,207,2,192.67,0.0,385.34
6463,2371,48,136,5,45.39,0.0,226.95
6464,2372,16,42,1,126.76,0.0,126.76
6465,2373,51,143,2,37.92,0.0,75.84
6466,2374,18,47,1,98.27,0.0,98.27
6467,2374,56,160,1,40.28,0.0,40.28
6468,2374,9,22,3,56.83,0.0,170.49
6469,2374,10,28,3,236.5,0.0,709.5
6470,2375,72,204,5,156.23,0.0,781.15
6471,2376,21,56,3,72.82,0.0,218.46
6472,2376,66,189,1,26.38,0.0,26.38
6473,2376,60,172,2,18.2,0.0,36.4
6474,2376,37,106,2,18.93,0.0,37.86
6475,2377,53,151,3,44.71,0.0,134.13
6476,2377,15,39,2,161.21,0.0,322.42
6477,2377,50,141,2,97.34,0.0,194.68
6478,2377,6,16,3,126.76,0.0,380.28
6479,2377,99,283,2,61.51,0.0,123.02
6480,2378,49,139,1,38.68,0.0,38.68
6481,2378,83,234,1,33.04,0.0,33.04
6482,2379,27,71,1,12.55,0.0,12.55
6483,2380,76,215,1,63.03,0.0,63.03
6484,2380,16,44,1,121.76,0.0,121.76
6485,2381,20,54,5,60.61,0.0,303.05
6486,2381,44,127,4,22.65,0.0,90.6
6487,2381,20,55,3,60.61,0.0,181.83
6488,2382,19,50,1,192.14,0.0,192.14
6489,2382,8,20,2,193.95,0.0,387.9
6490,2382,68,194,5,168.66,0.0,843.3
6491,2383,100,287,3,44.34,5.32,117.06
6492,2383,23,62,1,48.88,5.87,43.01
6493,2384,2,4,1,86.92,0.0,86.92
6494,2384,75,213,2,44.67,0.0,89.34
6495,2384,84,236,2,50.36,0.0,100.72
6496,2385,17,45,1,88.41,0.0,88.41
6497,2385,58,166,1,61.21,0.0,61.21
6498,2385,52,147,1,97.59,0.0,97.59
6499,2386,35,100,2,32.33,3.88,56.9
6500,2386,54,152,2,31.28,3.75,55.06
6501,2386,27,73,4,7.55,0.91,26.56
6502,2387,42,121,1,40.62,0.0,40.62
6503,2387,50,141,2,97.34,0.0,194.68
6504,2387,85,240,2,18.14,0.0,36.28
6505,2387,15,39,1,161.21,0.0,161.21
6506,2387,59,168,1,55.83,0.0,55.83
6507,2387,37,106,3,18.93,0.0,56.79
6508,2388,2,4,1,86.92,10.43,76.49
6509,2389,35,100,3,32.33,3.88,85.35
6510,2390,34,97,1,89.03,10.68,78.35
6511,2390,2,4,1,86.92,10.43,76.49
6512,2391,11,30,2,36.69,0.0,73.38
6513,2391,55,154,5,35.23,0.0,176.15
6514,2391,23,62,2,48.88,0.0,97.76
6515,2391,92,265,2,74.75,0.0,149.5
6516,2391,56,158,2,72.28,0.0,144.56
6517,2392,15,39,2,161.21,19.35,283.72
6518,2392,32,91,5,186.3,22.36,819.7
6519,2393,34,98,2,79.03,9.48,139.1
6520,2393,31,84,4,47.47,5.7,167.08
6521,2393,15,39,5,161.21,19.35,709.3
6522,2393,83,234,3,33.04,3.96,87.24
6523,2394,1,1,5,193.05,23.17,849.4
6524,2394,21,57,3,67.82,8.14,179.04
6525,2394,86,246,1,85.71,10.29,75.42
6526,2394,26,68,1,69.15,8.3,60.85
6527,2395,47,134,2,97.33,0.0,194.66
6528,2396,36,103,1,10.53,0.0,10.53
6529,2397,27,71,2,12.55,1.51,22.08
6530,2398,32,90,1,176.3,0.0,176.3
6531,2398,31,86,1,52.47,0.0,52.47
6532,2398,26,69,5,64.15,0.0,320.75
6533,2398,94,270,3,36.87,0.0,110.61
6534,2398,6,16,2,126.76,0.0,253.52
6535,2399,21,56,1,72.82,0.0,72.82
6536,2400,7,17,4,51.06,0.0,204.24
6537,2401,86,244,1,83.71,0.0,83.71
6538,2401,43,123,2,12.67,0.0,25.34
6539,2402,10,25,1,241.5,0.0,241.5
6540,2402,21,57,1,67.82,0.0,67.82
6541,2403,45,129,3,47.45,0.0,142.35
6542,2403,93,267,1,29.84,0.0,29.84
6543,2403,11,29,1,41.69,0.0,41.69
6544,2403,90,257,2,52.11,0.0,104.22
6545,2404,11,30,2,36.69,4.4,64.58
6546,2404,95,272,3,9.88,1.19,26.07
6547,2404,12,31,1,258.11,30.97,227.14
6548,2404,64,184,3,66.17,7.94,174.69
6549,2405,52,146,1,65.59,0.0,65.59
6550,2405,44,126,2,22.65,0.0,45.3
6551,2406,15,39,1,161.21,0.0,161.21
6552,2406,24,65,2,107.11,0.0,214.22
6553,2407,55,155,2,49.23,5.91,86.64
6554,2407,42,121,1,40.62,4.87,35.75
6555,2407,52,147,3,97.59,11.71,257.64
6556,2408,21,57,2,67.82,8.14,119.36
6557,2408,40,114,1,128.52,15.42,113.1
6558,2409,10,26,4,251.5,0.0,1006.0
6559,2409,62,178,1,150.25,0.0,150.25
6560,2409,6,15,4,111.76,0.0,447.04
6561,2409,37,105,4,23.93,0.0,95.72
6562,2410,45,129,1,47.45,5.69,41.76
6563,2411,82,230,2,21.0,0.0,42.0
6564,2411,5,13,2,96.21,0.0,192.42
6565,2411,74,210,4,212.0,0.0,848.0
6566,2411,84,236,1,50.36,0.0,50.36
6567,2411,29,79,1,140.1,0.0,140.1
6568,2412,71,201,2,15.78,1.89,27.78
6569,2412,26,68,2,69.15,8.3,121.7
6570,2412,23,60,5,33.88,4.07,149.05
6571,2413,20,52,1,65.61,0.0,65.61
6572,2414,77,216,3,190.3,0.0,570.9
6573,2415,40,113,3,133.52,0.0,400.56
6574,2415,28,75,2,153.25,0.0,306.5
6575,2415,36,101,1,15.53,0.0,15.53
6576,2416,33,94,3,66.53,0.0,199.59
6577,2416,92,264,2,62.75,0.0,125.5
6578,2417,15,39,1,161.21,0.0,161.21
6579,2417,73,206,5,195.67,0.0,978.35
6580,2417,22,58,1,138.97,0.0,138.97
6581,2418,73,206,4,195.67,0.0,782.68
6582,2418,21,56,3,72.82,0.0,218.46
6583,2418,29,80,1,140.1,0.0,140.1
6584,2418,15,40,5,176.21,0.0,881.05
6585,2419,57,162,2,44.38,0.0,88.76
6586,2419,8,20,1,193.95,0.0,193.95
6587,2420,36,104,1,15.53,0.0,15.53
6588,2420,40,116,1,143.52,0.0,143.52
6589,2420,61,174,1,72.85,0.0,72.85
6590,2421,55,155,2,49.23,0.0,98.46
6591,2421,19,49,4,207.14,0.0,828.56
6592,2422,9,23,2,61.83,0.0,123.66
6593,2422,41,118,3,40.66,0.0,121.98
6594,2422,74,209,4,215.0,0.0,860.0
6595,2423,21,57,3,67.82,0.0,203.46
6596,2424,55,155,1,49.23,5.91,43.32
6597,2424,71,201,3,15.78,1.89,41.67
6598,2424,2,3,2,81.92,9.83,144.18
6599,2424,4,10,1,84.33,10.12,74.21
6600,2424,17,46,2,83.41,10.01,146.8
6601,2425,61,174,3,72.85,0.0,218.55
6602,2425,48,136,3,45.39,0.0,136.17
6603,2425,2,3,1,81.92,0.0,81.92
6604,2426,59,169,2,87.83,0.0,175.66
6605,2426,35,99,2,27.33,0.0,54.66
6606,2426,60,172,1,18.2,0.0,18.2
6607,2426,1,2,3,188.05,0.0,564.15
6608,2427,24,63,3,122.11,0.0,366.33
6609,2428,7,19,2,56.06,0.0,112.12
6610,2428,24,64,5,112.11,0.0,560.55
6611,2428,37,105,2,23.93,0.0,47.86
6612,2428,48,137,3,45.39,0.0,136.17
6613,2428,94,270,2,36.87,0.0,73.74
6614,2429,74,210,4,212.0,0.0,848.0
6615,2429,67,192,4,77.05,0.0,308.2
6616,2430,36,103,3,10.53,1.26,27.81
6617,2430,28,75,1,153.25,18.39,134.86
6618,2431,1,1,1,193.05,23.17,169.88
6619,2431,100,287,2,44.34,5.32,78.04
6620,2431,45,128,2,29.45,3.53,51.84
6621,2431,94,270,5,36.87,4.42,162.25
6622,2431,68,195,4,162.66,19.52,572.56
6623,2432,36,101,2,15.53,1.86,27.34
6624,2433,34,97,3,89.03,0.0,267.09
6625,2434,55,155,1,49.23,5.91,43.32
6626,2434,36,101,1,15.53,1.86,13.67
6627,2435,20,52,1,65.61,7.87,57.74
6628,2435,97,279,3,39.57,4.75,104.46
6629,2435,62,178,3,150.25,18.03,396.66
6630,2435,59,170,1,73.83,8.86,64.97
6631,2435,66,188,1,32.38,3.89,28.49
6632,2436,60,171,1,18.2,0.0,18.2
6633,2437,91,260,1,23.66,0.0,23.66
6634,2438,83,234,1,33.04,3.96,29.08
6635,2438,33,94,1,66.53,7.98,58.55
6636,2438,18,47,2,98.27,11.79,172.96
6637,2439,89,254,5,59.85,0.0,299.25
6638,2439,2,4,2,86.92,0.0,173.84
6639,2439,93,266,3,27.84,0.0,83.52
6640,2440,99,283,3,61.51,0.0,184.53
6641,2440,51,145,3,51.92,0.0,155.76
6642,2441,63,181,3,65.54,0.0,196.62
6643,2441,73,207,1,192.67,0.0,192.67
6644,2441,4,10,2,84.33,0.0,168.66
6645,2441,49,139,1,38.68,0.0,38.68
6646,2441,13,33,1,140.62,0.0,140.62
6647,2442,62,177,1,153.25,0.0,153.25
6648,2442,21,57,2,67.82,0.0,135.64
6649,2442,15,39,1,161.21,0.0,161.21
6650,2442,16,44,1,121.76,0.0,121.76
6651,2442,72,204,1,156.23,0.0,156.23
6652,2442,76,214,2,66.03,0.0,132.06
6653,2443,69,197,4,22.8,0.0,91.2
6654,2444,87,248,1,66.46,0.0,66.46
6655,2444,99,284,1,49.51,0.0,49.51
6656,2445,48,137,4,45.39,5.45,159.76
6657,2445,13,33,4,140.62,16.87,495.0
6658,2445,87,247,1,64.46,7.74,56.72
6659,2445,51,144,1,19.92,2.39,17.53
6660,2445,52,146,2,65.59,7.87,115.44
6661,2446,5,13,1,96.21,0.0,96.21
6662,2446,80,224,5,213.05,0.0,1065.25
6663,2446,40,116,1,143.52,0.0,143.52
6664,2446,17,45,1,88.41,0.0,88.41
6665,2446,68,196,2,165.66,0.0,331.32
6666,2446,42,119,3,40.62,0.0,121.86
6667,2447,28,75,1,153.25,0.0,153.25
6668,2447,46,131,1,70.22,0.0,70.22
6669,2447,78,218,1,83.43,0.0,83.43
6670,2447,52,147,2,97.59,0.0,195.18
6671,2447,68,196,2,165.66,0.0,331.32
6672,2448,40,116,1,143.52,0.0,143.52
6673,2448,35,99,1,27.33,0.0,27.33
6674,2449,26,70,4,69.15,0.0,276.6
6675,2449,21,56,2,72.82,0.0,145.64
6676,2450,65,185,4,154.37,0.0,617.48
6677,2450,45,128,1,29.45,0.0,29.45
6678,2451,58,166,1,61.21,7.35,53.86
6679,2451,16,41,2,121.76,14.61,214.3
6680,2451,90,257,3,52.11,6.25,137.58
6681,2451,100,287,3,44.34,5.32,117.06
6682,2452,27,73,3,7.55,0.91,19.92
6683,2452,39,110,1,58.78,7.05,51.73
6684,2452,27,71,2,12.55,1.51,22.08
6685,2452,30,83,2,15.27,1.83,26.88
6686,2452,5,11,2,86.21,10.35,151.72
6687,2453,91,258,5,21.66,0.0,108.3
6688,2453,29,80,3,140.1,0.0,420.3
6689,2453,45,128,2,29.45,0.0,58.9
6690,2453,80,224,2,213.05,0.0,426.1
6691,2454,9,24,3,56.83,0.0,170.49
6692,2454,1,2,2,188.05,0.0,376.1
6693,2454,60,171,1,18.2,0.0,18.2
6694,2454,1,2,5,188.05,0.0,940.25
6695,2454,66,190,5,29.38,0.0,146.9
6696,2455,98,281,1,83.39,0.0,83.39
6697,2455,64,183,1,72.17,0.0,72.17
6698,2455,24,63,5,122.11,0.0,610.55
6699,2455,100,286,4,56.34,0.0,225.36
6700,2456,10,27,1,236.5,28.38,208.12
6701,2456,49,138,1,20.68,2.48,18.2
6702,2456,11,29,1,41.69,5.0,36.69
6703,2456,16,42,2,126.76,15.21,223.1
6704,2456,36,104,3,15.53,1.86,41.01
6705,2456,5,14,4,81.21,9.75,285.84
6706,2457,34,98,3,79.03,9.48,208.65
6707,2457,93,267,4,29.84,3.58,105.04
6708,2457,87,248,2,66.46,7.98,116.96
6709,2457,71,202,2,18.78,2.25,33.06
6710,2457,8,21,2,183.95,22.07,323.76
6711,2457,2,3,4,81.92,9.83,288.36
6712,2458,10,26,1,251.5,0.0,251.5
6713,2458,21,56,1,72.82,0.0,72.82
6714,2458,5,12,3,81.21,0.0,243.63
6715,2459,1,2,2,188.05,0.0,376.1
6716,2459,57,164,5,26.38,0.0,131.9
6717,2460,93,269,2,41.84,0.0,83.68
6718,2461,16,44,5,121.76,0.0,608.8
6719,2461,91,261,2,23.66,0.0,47.32
6720,2461,34,98,2,79.03,0.0,158.06
6721,2462,49,138,1,20.68,0.0,20.68
6722,2463,16,44,2,121.76,0.0,243.52
6723,2464,62,179,1,147.25,17.67,129.58
6724,2465,42,119,1,40.62,0.0,40.62
6725,2465,67,191,1,83.05,0.0,83.05
6726,2466,86,244,2,83.71,0.0,167.42
6727,2466,39,112,1,53.78,0.0,53.78
6728,2466,34,96,1,79.03,0.0,79.03
6729,2466,42,120,1,72.62,0.0,72.62
6730,2467,62,180,1,150.25,0.0,150.25
6731,2467,23,60,5,33.88,0.0,169.4
6732,2467,29,80,3,140.1,0.0,420.3
6733,2468,42,119,1,40.62,4.87,35.75
6734,2468,49,139,1,38.68,4.64,34.04
6735,2468,47,135,3,79.33,9.52,209.43
6736,2468,27,73,5,7.55,0.91,33.2
6737,2468,7,18,4,51.06,6.13,179.72
6738,2469,35,99,1,27.33,0.0,27.33
6739,2470,13,35,3,145.62,0.0,436.86
6740,2470,11,29,4,41.69,0.0,166.76
6741,2470,49,138,5,20.68,0.0,103.4
6742,2470,20,52,4,65.61,0.0,262.44
6743,2471,84,238,2,38.36,0.0,76.72
6744,2471,82,232,2,33.0,0.0,66.0
6745,2471,54,153,1,13.28,0.0,13.28
6746,2471,29,77,2,135.1,0.0,270.2
6747,2471,13,33,4,140.62,0.0,562.48
6748,2472,73,207,2,192.67,0.0,385.34
6749,2472,77,216,3,190.3,0.0,570.9
6750,2473,14,37,1,83.42,10.01,73.41
6751,2473,76,215,2,63.03,7.56,110.94
6752,2473,40,113,1,133.52,16.02,117.5
6753,2473,58,165,1,43.21,5.19,38.02
6754,2473,22,59,1,148.97,17.88,131.09
6755,2474,31,84,5,47.47,0.0,237.35
6756,2474,61,174,3,72.85,0.0,218.55
6757,2475,13,34,1,155.62,0.0,155.62
6758,2475,14,37,1,83.42,0.0,83.42
6759,2476,9,22,4,56.83,6.82,200.04
6760,2476,70,200,1,129.33,15.52,113.81
6761,2477,49,139,1,38.68,0.0,38.68
6762,2477,38,107,3,159.11,0.0,477.33
6763,2478,6,15,5,111.76,0.0,558.8
6764,2479,66,189,2,26.38,0.0,52.76
6765,2479,67,191,2,83.05,0.0,166.1
6766,2479,90,257,1,52.11,0.0,52.11
6767,2480,44,125,1,40.65,4.88,35.77
6768,2481,20,53,1,75.61,0.0,75.61
6769,2481,66,188,1,32.38,0.0,32.38
6770,2481,8,21,3,183.95,0.0,551.85
6771,2481,26,70,1,69.15,0.0,69.15
6772,2482,89,255,1,61.85,7.42,54.43
6773,2483,62,180,3,150.25,0.0,450.75
6774,2483,58,165,1,43.21,0.0,43.21
6775,2483,49,138,1,20.68,0.0,20.68
6776,2484,75,212,3,50.67,6.08,133.77
6777,2484,42,120,3,72.62,8.71,191.73
6778,2484,18,47,3,98.27,11.79,259.44
6779,2485,3,6,1,147.59,0.0,147.59
6780,2485,31,85,2,52.47,0.0,104.94
6781,2485,71,202,3,18.78,0.0,56.34
6782,2485,54,152,3,31.28,0.0,93.84
6783,2485,59,167,3,55.83,0.0,167.49
6784,2486,38,109,3,164.11,19.69,433.26
6785,2486,54,153,4,13.28,1.59,46.76
6786,2486,12,32,1,243.11,29.17,213.94
6787,2486,1,1,1,193.05,23.17,169.88
6788,2487,2,3,1,81.92,0.0,81.92
6789,2487,58,166,3,61.21,0.0,183.63
6790,2488,44,125,4,40.65,0.0,162.6
6791,2488,43,124,5,44.67,0.0,223.35
6792,2488,20,52,2,65.61,0.0,131.22
6793,2489,97,279,1,39.57,4.75,34.82
6794,2490,48,137,3,45.39,5.45,119.82
6795,2490,53,149,3,44.71,5.37,118.02
6796,2490,28,75,4,153.25,18.39,539.44
6797,2491,32,91,4,186.3,0.0,745.2
6798,2491,77,216,1,190.3,0.0,190.3
6799,2492,10,28,1,236.5,0.0,236.5
6800,2493,34,98,2,79.03,9.48,139.1
6801,2494,92,263,2,60.75,0.0,121.5
6802,2495,91,261,3,23.66,0.0,70.98
6803,2496,77,216,3,190.3,22.84,502.38
6804,2496,65,186,1,154.37,18.52,135.85
6805,2497,15,39,5,161.21,0.0,806.05
6806,2497,82,230,1,21.0,0.0,21.0
6807,2497,68,195,1,162.66,0.0,162.66
6808,2498,4,8,5,89.33,0.0,446.65
6809,2498,10,27,4,236.5,0.0,946.0
6810,2498,19,51,3,192.14,0.0,576.42
6811,2498,75,211,4,47.67,0.0,190.68
6812,2498,10,25,1,241.5,0.0,241.5
6813,2499,27,71,2,12.55,0.0,25.1
6814,2499,24,65,3,107.11,0.0,321.33
6815,2499,66,188,2,32.38,0.0,64.76
6816,2499,65,186,2,154.37,0.0,308.74
6817,2499,2,4,2,86.92,0.0,173.84
6818,2500,75,211,1,47.67,0.0,47.67
6819,2500,7,18,2,51.06,0.0,102.12
6820,2500,51,145,2,51.92,0.0,103.84
6821,2501,27,72,2,22.55,0.0,45.1
6822,2501,8,20,2,193.95,0.0,387.9
6823,2502,77,216,2,190.3,0.0,380.6
6824,2503,49,138,1,20.68,0.0,20.68
6825,2503,46,133,1,88.22,0.0,88.22
6826,2503,12,31,1,258.11,0.0,258.11
6827,2503,75,213,2,44.67,0.0,89.34
6828,2503,14,36,3,78.42,0.0,235.26
6829,2504,19,50,2,192.14,0.0,384.28
6830,2504,83,233,3,35.04,0.0,105.12
6831,2505,34,98,1,79.03,0.0,79.03
6832,2506,42,119,1,40.62,0.0,40.62
6833,2506,84,237,1,38.36,0.0,38.36
6834,2506,45,128,3,29.45,0.0,88.35
6835,2507,27,72,5,22.55,0.0,112.75
6836,2508,49,138,1,20.68,0.0,20.68
6837,2508,44,125,1,40.65,0.0,40.65
6838,2508,13,35,3,145.62,0.0,436.86
6839,2508,76,214,1,66.03,0.0,66.03
6840,2509,76,214,5,66.03,0.0,330.15
6841,2509,12,31,1,258.11,0.0,258.11
6842,2509,99,283,2,61.51,0.0,123.02
6843,2510,73,206,5,195.67,0.0,978.35
6844,2510,43,124,1,44.67,0.0,44.67
6845,2510,76,215,1,63.03,0.0,63.03
6846,2511,6,16,2,126.76,0.0,253.52
6847,2511,66,189,2,26.38,0.0,52.76
6848,2511,75,211,1,47.67,0.0,47.67
6849,2512,33,93,2,51.53,0.0,103.06
6850,2512,34,97,1,89.03,0.0,89.03
6851,2512,70,200,1,129.33,0.0,129.33
6852,2512,29,77,1,135.1,0.0,135.1
6853,2512,73,207,1,192.67,0.0,192.67
6854,2512,65,187,2,151.37,0.0,302.74
6855,2513,14,38,2,93.42,0.0,186.84
6856,2513,52,146,5,65.59,0.0,327.95
6857,2513,47,134,3,97.33,0.0,291.99
6858,2513,96,277,1,80.44,0.0,80.44
6859,2514,86,245,5,85.71,0.0,428.55
6860,2514,37,105,5,23.93,0.0,119.65
6861,2514,80,225,5,213.05,0.0,1065.25
6862,2514,77,217,4,190.3,0.0,761.2
6863,2514,5,12,4,81.21,0.0,324.84
6864,2515,18,48,4,93.27,0.0,373.08
6865,2515,71,203,5,18.78,0.0,93.9
6866,2516,19,49,1,207.14,0.0,207.14
6867,2516,44,127,2,22.65,0.0,45.3
6868,2516,9,24,5,56.83,0.0,284.15
6869,2517,65,186,2,154.37,0.0,308.74
6870,2517,94,271,3,24.87,0.0,74.61
6871,2517,54,153,1,13.28,0.0,13.28
6872,2518,53,150,5,76.71,0.0,383.55
6873,2518,58,166,1,61.21,0.0,61.21
6874,2518,25,66,2,136.29,0.0,272.58
6875,2519,36,101,2,15.53,0.0,31.06
6876,2519,16,41,2,121.76,0.0,243.52
6877,2519,43,122,3,12.67,0.0,38.01
6878,2520,30,81,1,25.27,0.0,25.27
6879,2520,43,124,1,44.67,0.0,44.67
6880,2521,10,25,2,241.5,0.0,483.0
6881,2521,33,93,5,51.53,0.0,257.65
6882,2522,30,81,1,25.27,0.0,25.27
6883,2522,4,8,1,89.33,0.0,89.33
6884,2523,15,39,2,161.21,0.0,322.42
6885,2524,60,171,4,18.2,0.0,72.8
6886,2524,20,54,2,60.61,0.0,121.22
6887,2524,4,9,4,99.33,0.0,397.32
6888,2525,9,24,2,56.83,0.0,113.66
6889,2526,39,112,3,53.78,0.0,161.34
6890,2526,100,286,1,56.34,0.0,56.34
6891,2526,66,189,1,26.38,0.0,26.38
6892,2526,76,214,3,66.03,0.0,198.09
6893,2526,25,67,1,126.29,0.0,126.29
6894,2527,74,209,1,215.0,0.0,215.0
6895,2528,14,38,5,93.42,0.0,467.1
6896,2528,62,177,4,153.25,0.0,613.0
6897,2529,50,141,1,97.34,0.0,97.34
6898,2529,100,285,2,42.34,0.0,84.68
6899,2529,75,213,3,44.67,0.0,134.01
6900,2530,62,179,1,147.25,0.0,147.25
6901,2530,65,186,3,154.37,0.0,463.11
6902,2530,65,187,2,151.37,0.0,302.74
6903,2531,40,116,3,143.52,0.0,430.56
6904,2531,55,154,3,35.23,0.0,105.69
6905,2531,22,58,5,138.97,0.0,694.85
6906,2531,43,122,3,12.67,0.0,38.01
6907,2531,19,51,4,192.14,0.0,768.56
6908,2531,26,69,4,64.15,0.0,256.6
6909,2532,51,144,5,19.92,0.0,99.6
6910,2533,22,59,1,148.97,0.0,148.97
6911,2533,91,259,2,35.66,0.0,71.32
6912,2534,3,5,4,132.59,0.0,530.36
6913,2534,14,37,4,83.42,0.0,333.68
6914,2534,52,146,3,65.59,0.0,196.77
6915,2534,67,191,4,83.05,0.0,332.2
6916,2534,10,25,4,241.5,0.0,966.0
6917,2535,20,53,1,75.61,0.0,75.61
6918,2535,45,128,1,29.45,0.0,29.45
6919,2535,63,182,1,65.54,0.0,65.54
6920,2535,27,72,4,22.55,0.0,90.2
6921,2535,16,43,4,136.76,0.0,547.04
6922,2535,64,184,1,66.17,0.0,66.17
6923,2536,52,147,1,97.59,0.0,97.59
6924,2537,67,192,2,77.05,0.0,154.1
6925,2537,8,20,2,193.95,0.0,387.9
6926,2538,85,242,1,4.99,0.0,4.99
6927,2538,52,146,1,65.59,0.0,65.59
6928,2539,90,257,4,52.11,0.0,208.44
6929,2539,5,14,4,81.21,0.0,324.84
6930,2540,86,246,1,85.71,0.0,85.71
6931,2540,23,62,1,48.88,0.0,48.88
6932,2541,91,259,2,35.66,0.0,71.32
6933,2541,79,222,1,145.61,0.0,145.61
6934,2541,54,152,3,31.28,0.0,93.84
6935,2542,23,61,1,38.88,0.0,38.88
6936,2542,83,235,3,35.04,0.0,105.12
6937,2543,83,235,1,35.04,0.0,35.04
6938,2544,52,146,3,65.59,0.0,196.77
6939,2545,27,71,3,12.55,0.0,37.65
6940,2545,16,44,2,121.76,0.0,243.52
6941,2545,66,190,1,29.38,0.0,29.38
6942,2546,31,86,2,52.47,0.0,104.94
6943,2546,92,264,3,62.75,0.0,188.25
6944,2546,39,112,1,53.78,0.0,53.78
6945,2547,79,221,3,148.61,0.0,445.83
6946,2548,2,3,1,81.92,0.0,81.92
6947,2548,63,181,1,65.54,0.0,65.54
6948,2548,74,209,3,215.0,0.0,645.0
6949,2548,95,273,1,21.88,0.0,21.88
6950,2549,25,66,1,136.29,0.0,136.29
6951,2550,42,120,3,72.62,0.0,217.86
6952,2550,78,218,1,83.43,0.0,83.43
6953,2551,8,20,4,193.95,0.0,775.8
6954,2551,93,268,2,29.84,0.0,59.68
6955,2551,49,139,1,38.68,0.0,38.68
6956,2551,39,110,1,58.78,0.0,58.78
6957,2551,38,109,1,164.11,0.0,164.11
6958,2551,27,71,1,12.55,0.0,12.55
6959,2552,35,99,1,27.33,0.0,27.33
6960,2552,1,1,1,193.05,0.0,193.05
6961,2552,18,48,1,93.27,0.0,93.27
6962,2553,17,46,3,83.41,0.0,250.23
6963,2553,56,159,2,58.28,0.0,116.56
6964,2554,16,42,1,126.76,0.0,126.76
6965,2555,79,222,2,145.61,0.0,291.22
6966,2555,52,146,1,65.59,0.0,65.59
6967,2555,11,30,2,36.69,0.0,73.38
6968,2555,87,249,2,78.46,0.0,156.92
6969,2555,100,287,1,44.34,0.0,44.34
6970,2556,51,145,2,51.92,0.0,103.84
6971,2556,17,45,1,88.41,0.0,88.41
6972,2557,12,32,5,243.11,0.0,1215.55
6973,2557,68,193,3,165.66,0.0,496.98
6974,2557,72,205,1,153.23,0.0,153.23
6975,2557,21,56,1,72.82,0.0,72.82
6976,2558,88,250,3,45.4,0.0,136.2
6977,2558,11,29,2,41.69,0.0,83.38
6978,2559,93,266,1,27.84,0.0,27.84
6979,2560,81,229,4,75.08,0.0,300.32
6980,2560,19,50,2,192.14,0.0,384.28
6981,2561,4,9,1,99.33,0.0,99.33
6982,2561,27,71,1,12.55,0.0,12.55
6983,2561,38,109,1,164.11,0.0,164.11
6984,2561,13,34,1,155.62,0.0,155.62
6985,2561,15,39,1,161.21,0.0,161.21
6986,2561,40,115,2,133.52,0.0,267.04
6987,2562,4,9,3,99.33,0.0,297.99
6988,2562,8,20,3,193.95,0.0,581.85
6989,2563,56,158,2,72.28,0.0,144.56
6990,2563,49,138,2,20.68,0.0,41.36
6991,2563,83,233,1,35.04,0.0,35.04
6992,2563,32,89,4,171.3,0.0,685.2
6993,2563,1,1,1,193.05,0.0,193.05
6994,2564,7,17,1,51.06,0.0,51.06
6995,2564,68,196,1,165.66,0.0,165.66
6996,2564,49,138,2,20.68,0.0,41.36
6997,2564,13,33,1,140.62,0.0,140.62
6998,2565,41,117,1,22.66,0.0,22.66
6999,2565,80,223,2,216.05,0.0,432.1
7000,2565,53,149,3,44.71,0.0,134.13
7001,2565,3,6,4,147.59,0.0,590.36
7002,2566,36,101,1,15.53,0.0,15.53
7003,2566,57,164,1,26.38,0.0,26.38
7004,2567,53,149,3,44.71,0.0,134.13
7005,2567,66,189,1,26.38,0.0,26.38
7006,2567,51,144,3,19.92,0.0,59.76
7007,2568,1,2,2,188.05,0.0,376.1
7008,2569,19,50,2,192.14,0.0,384.28
7009,2570,28,75,1,153.25,0.0,153.25
7010,2570,17,46,2,83.41,0.0,166.82
7011,2571,18,48,1,93.27,0.0,93.27
7012,2571,25,67,2,126.29,0.0,252.58
7013,2572,85,242,2,4.99,0.0,9.98
7014,2572,41,118,1,40.66,0.0,40.66
7015,2572,4,10,1,84.33,0.0,84.33
7016,2572,41,118,2,40.66,0.0,81.32
7017,2572,63,181,2,65.54,0.0,131.08
7018,2573,80,224,3,213.05,0.0,639.15
7019,2573,10,26,1,251.5,0.0,251.5
7020,2573,80,223,4,216.05,0.0,864.2
7021,2573,28,75,2,153.25,0.0,306.5
7022,2573,21,57,3,67.82,0.0,203.46
7023,2573,96,275,3,92.44,0.0,277.32
7024,2574,84,238,5,38.36,0.0,191.8
7025,2574,54,152,3,31.28,0.0,93.84
7026,2574,6,16,2,126.76,0.0,253.52
7027,2574,20,53,3,75.61,0.0,226.83
7028,2574,10,26,2,251.5,0.0,503.0
7029,2575,50,141,1,97.34,0.0,97.34
7030,2575,51,145,5,51.92,0.0,259.6
7031,2576,4,10,2,84.33,0.0,168.66
7032,2577,8,21,1,183.95,0.0,183.95
7033,2577,58,166,2,61.21,0.0,122.42
7034,2578,42,119,5,40.62,0.0,203.1
7035,2578,70,199,3,132.33,0.0,396.99
7036,2579,66,188,3,32.38,0.0,97.14
7037,2579,91,259,1,35.66,0.0,35.66
7038,2579,57,164,2,26.38,0.0,52.76
7039,2579,19,50,1,192.14,0.0,192.14
7040,2580,79,221,5,148.61,0.0,743.05
7041,2581,15,39,3,161.21,0.0,483.63
7042,2581,22,59,2,148.97,0.0,297.94
7043,2582,74,210,2,212.0,0.0,424.0
7044,2582,3,6,1,147.59,0.0,147.59
7045,2582,52,146,3,65.59,0.0,196.77
7046,2582,32,90,4,176.3,0.0,705.2
7047,2583,31,86,4,52.47,0.0,209.88
7048,2583,9,22,1,56.83,0.0,56.83
7049,2584,100,287,1,44.34,0.0,44.34
7050,2584,26,69,1,64.15,0.0,64.15
7051,2585,7,18,2,51.06,0.0,102.12
7052,2585,4,10,2,84.33,0.0,168.66
7053,2586,96,275,1,92.44,0.0,92.44
7054,2586,42,119,4,40.62,0.0,162.48
7055,2586,2,4,3,86.92,0.0,260.76
7056,2586,41,118,5,40.66,0.0,203.3
7057,2587,40,116,5,143.52,0.0,717.6
7058,2587,8,21,1,183.95,0.0,183.95
7059,2588,37,106,1,18.93,0.0,18.93
7060,2589,57,164,2,26.38,0.0,52.76
7061,2589,57,162,1,44.38,0.0,44.38
7062,2589,41,118,4,40.66,0.0,162.64
7063,2589,32,90,1,176.3,0.0,176.3
7064,2590,76,214,1,66.03,0.0,66.03
7065,2591,89,254,1,59.85,0.0,59.85
7066,2591,15,40,2,176.21,0.0,352.42
7067,2591,48,136,4,45.39,0.0,181.56
7068,2592,44,127,1,22.65,0.0,22.65
7069,2592,41,118,1,40.66,0.0,40.66
7070,2592,95,272,1,9.88,0.0,9.88
7071,2593,43,124,1,44.67,0.0,44.67
7072,2593,5,11,1,86.21,0.0,86.21
7073,2593,77,217,3,190.3,0.0,570.9
7074,2594,63,182,3,65.54,0.0,196.62
7075,2594,69,198,4,25.8,0.0,103.2
7076,2594,13,35,5,145.62,0.0,728.1
7077,2595,47,134,2,97.33,0.0,194.66
7078,2595,2,4,2,86.92,0.0,173.84
7079,2595,48,137,1,45.39,0.0,45.39
7080,2595,28,76,2,158.25,0.0,316.5
7081,2595,66,189,1,26.38,0.0,26.38
7082,2596,66,189,1,26.38,0.0,26.38
7083,2596,5,14,1,81.21,0.0,81.21
7084,2596,66,190,1,29.38,0.0,29.38
7085,2596,37,106,1,18.93,0.0,18.93
7086,2597,27,72,3,22.55,0.0,67.65
7087,2597,47,135,2,79.33,0.0,158.66
7088,2597,4,8,5,89.33,0.0,446.65
7089,2597,51,144,3,19.92,0.0,59.76
7090,2598,40,113,1,133.52,0.0,133.52
7091,2599,1,1,1,193.05,0.0,193.05
7092,2599,72,204,1,156.23,0.0,156.23
7093,2599,5,11,2,86.21,0.0,172.42
7094,2599,9,23,4,61.83,0.0,247.32
7095,2600,61,176,2,66.85,0.0,133.7
7096,2600,78,219,2,80.43,0.0,160.86
7097,2601,85,240,2,18.14,0.0,36.28
7098,2602,96,278,1,80.44,0.0,80.44
7099,2602,60,171,1,18.2,0.0,18.2
7100,2602,60,171,1,18.2,0.0,18.2
7101,2603,32,88,1,176.3,0.0,176.3
7102,2603,14,38,3,93.42,0.0,280.26
7103,2604,44,125,1,40.65,0.0,40.65
7104,2604,1,1,2,193.05,0.0,386.1
7105,2604,22,59,1,148.97,0.0,148.97
7106,2605,19,49,1,207.14,31.07,176.07
7107,2605,78,218,2,83.43,12.51,141.84
7108,2606,18,48,1,93.27,0.0,93.27
7109,2606,12,32,1,243.11,0.0,243.11
7110,2607,10,28,1,236.5,35.48,201.02
7111,2608,68,195,1,162.66,24.4,138.26
7112,2608,89,253,2,73.85,11.08,125.54
7113,2609,86,244,2,83.71,12.56,142.3
7114,2609,15,39,2,161.21,24.18,274.06
7115,2609,5,14,3,81.21,12.18,207.09
7116,2609,54,152,1,31.28,4.69,26.59
7117,2609,22,59,3,148.97,22.35,379.86
7118,2610,33,94,1,66.53,9.98,56.55
7119,2610,31,87,1,62.47,9.37,53.1
7120,2610,1,2,2,188.05,28.21,319.68
7121,2611,99,283,2,61.51,0.0,123.02
7122,2611,58,165,4,43.21,0.0,172.84
7123,2612,2,3,4,81.92,0.0,327.68
7124,2612,13,33,3,140.62,0.0,421.86
7125,2613,54,153,3,13.28,1.99,33.87
7126,2613,74,210,3,212.0,31.8,540.6
7127,2614,32,90,1,176.3,26.45,149.85
7128,2615,9,23,1,61.83,9.27,52.56
7129,2615,81,229,2,75.08,11.26,127.64
7130,2615,17,46,1,83.41,12.51,70.9
7131,2615,88,251,1,33.4,5.01,28.39
7132,2615,11,30,1,36.69,5.5,31.19
7133,2616,45,129,1,47.45,0.0,47.45
7134,2617,7,18,1,51.06,7.66,43.4
7135,2618,92,264,1,62.75,9.41,53.34
7136,2619,13,34,1,155.62,0.0,155.62
7137,2619,73,208,2,198.67,0.0,397.34
7138,2619,16,42,1,126.76,0.0,126.76
7139,2619,55,154,1,35.23,0.0,35.23
7140,2620,36,104,5,15.53,2.33,66.0
7141,2620,72,204,4,156.23,23.43,531.2
7142,2620,30,83,2,15.27,2.29,25.96
7143,2621,84,237,5,38.36,5.75,163.05
7144,2621,9,23,5,61.83,9.27,262.8
7145,2622,40,114,1,128.52,19.28,109.24
7146,2622,20,52,1,65.61,9.84,55.77
7147,2622,54,153,5,13.28,1.99,56.45
7148,2622,66,190,3,29.38,4.41,74.91
7149,2623,8,21,3,183.95,0.0,551.85
7150,2624,22,58,2,138.97,0.0,277.94
7151,2625,53,151,4,44.71,0.0,178.84
7152,2626,94,270,1,36.87,0.0,36.87
7153,2626,30,83,4,15.27,0.0,61.08
7154,2627,9,22,2,56.83,8.52,96.62
7155,2627,34,97,2,89.03,13.35,151.36
7156,2627,64,184,2,66.17,9.93,112.48
7157,2627,32,89,1,171.3,25.7,145.6
7158,2628,48,136,2,45.39,0.0,90.78
7159,2628,9,23,1,61.83,0.0,61.83
7160,2629,67,192,1,77.05,11.56,65.49
7161,2629,25,66,4,136.29,20.44,463.4
7162,2629,52,147,1,97.59,14.64,82.95
7163,2630,77,216,5,190.3,0.0,951.5
7164,2630,27,72,1,22.55,0.0,22.55
7165,2630,84,239,2,36.36,0.0,72.72
7166,2630,22,58,1,138.97,0.0,138.97
7167,2630,4,9,2,99.33,0.0,198.66
7168,2630,65,186,5,154.37,0.0,771.85
7169,2631,33,92,4,56.53,0.0,226.12
7170,2631,26,68,2,69.15,0.0,138.3
7171,2632,9,22,2,56.83,8.52,96.62
7172,2632,18,48,1,93.27,13.99,79.28
7173,2633,55,155,3,49.23,0.0,147.69
7174,2633,60,172,2,18.2,0.0,36.4
7175,2633,42,121,5,40.62,0.0,203.1
7176,2633,40,116,3,143.52,0.0,430.56
7177,2634,44,125,1,40.65,0.0,40.65
7178,2634,3,6,3,147.59,0.0,442.77
7179,2634,13,34,1,155.62,0.0,155.62
7180,2634,5,11,1,86.21,0.0,86.21
7181,2634,19,50,2,192.14,0.0,384.28
7182,2635,74,210,1,212.0,31.8,180.2
7183,2635,1,1,3,193.05,28.96,492.27
7184,2636,13,35,3,145.62,21.84,371.34
7185,2636,6,15,1,111.76,16.76,95.0
7186,2636,16,42,2,126.76,19.01,215.5
7187,2637,65,186,2,154.37,23.16,262.42
7188,2637,8,20,3,193.95,29.09,494.58
7189,2638,81,228,2,63.08,9.46,107.24
7190,2638,10,28,2,236.5,35.48,402.04
7191,2638,5,14,3,81.21,12.18,207.09
7192,2638,65,186,1,154.37,23.16,131.21
7193,2638,74,210,3,212.0,31.8,540.6
7194,2638,55,156,1,17.23,2.58,14.65
7195,2639,43,123,1,12.67,0.0,12.67
7196,2639,48,137,1,45.39,0.0,45.39
7197,2639,7,17,2,51.06,0.0,102.12
7198,2639,49,139,5,38.68,0.0,193.4
7199,2639,19,50,1,192.14,0.0,192.14
7200,2640,23,60,1,33.88,0.0,33.88
7201,2640,68,196,3,165.66,0.0,496.98
7202,2640,61,176,1,66.85,0.0,66.85
7203,2640,8,21,4,183.95,0.0,735.8
7204,2640,28,76,1,158.25,0.0,158.25
7205,2641,38,109,1,164.11,0.0,164.11
7206,2642,43,124,3,44.67,0.0,134.01
7207,2642,14,38,2,93.42,0.0,186.84
7208,2642,21,57,1,67.82,0.0,67.82
7209,2642,4,10,3,84.33,0.0,252.99
7210,2642,34,97,1,89.03,0.0,89.03
7211,2643,75,211,3,47.67,7.15,121.56
7212,2643,25,66,2,136.29,20.44,231.7
7213,2643,97,279,1,39.57,5.94,33.63
7214,2644,1,2,1,188.05,28.21,159.84
7215,2644,55,155,4,49.23,7.38,167.4
7216,2644,66,189,1,26.38,3.96,22.42
7217,2645,4,7,3,84.33,0.0,252.99
7218,2646,18,48,1,93.27,0.0,93.27
7219,2646,14,36,1,78.42,0.0,78.42
7220,2647,36,102,1,25.53,3.83,21.7
7221,2648,71,203,5,18.78,0.0,93.9
7222,2649,84,239,1,36.36,0.0,36.36
7223,2649,18,48,2,93.27,0.0,186.54
7224,2650,18,47,3,98.27,14.74,250.59
7225,2650,57,162,3,44.38,6.66,113.16
7226,2650,7,19,3,56.06,8.41,142.95
7227,2651,51,143,1,37.92,5.69,32.23
7228,2651,21,57,3,67.82,10.17,172.95
7229,2652,98,281,3,83.39,12.51,212.64
7230,2652,14,37,3,83.42,12.51,212.73
7231,2653,31,86,3,52.47,7.87,133.8
7232,2654,43,123,4,12.67,1.9,43.08
7233,2654,24,64,1,112.11,16.82,95.29
7234,2654,18,47,1,98.27,14.74,83.53
7235,2655,24,63,5,122.11,0.0,610.55
7236,2655,85,243,1,6.14,0.0,6.14
7237,2655,97,280,1,39.57,0.0,39.57
7238,2655,70,199,2,132.33,0.0,264.66
7239,2655,22,58,1,138.97,0.0,138.97
7240,2656,18,47,1,98.27,14.74,83.53
7241,2657,71,203,1,18.78,0.0,18.78
7242,2657,38,108,2,174.11,0.0,348.22
7243,2657,68,194,4,168.66,0.0,674.64
7244,2658,53,151,2,44.71,0.0,89.42
7245,2659,5,13,1,96.21,0.0,96.21
7246,2659,52,146,1,65.59,0.0,65.59
7247,2660,10,27,5,236.5,0.0,1182.5
7248,2661,23,60,3,33.88,0.0,101.64
7249,2661,48,136,4,45.39,0.0,181.56
7250,2661,27,73,3,7.55,0.0,22.65
7251,2661,61,174,2,72.85,0.0,145.7
7252,2661,4,9,5,99.33,0.0,496.65
7253,2662,75,212,1,50.67,7.6,43.07
7254,2662,44,125,4,40.65,6.1,138.2
7255,2662,1,2,3,188.05,28.21,479.52
7256,2663,15,39,1,161.21,24.18,137.03
7257,2663,31,85,1,52.47,7.87,44.6
7258,2663,33,92,3,56.53,8.48,144.15
7259,2663,79,222,2,145.61,21.84,247.54
7260,2664,14,38,2,93.42,0.0,186.84
7261,2664,81,227,3,63.08,0.0,189.24
7262,2664,25,66,3,136.29,0.0,408.87
7263,2664,68,194,4,168.66,0.0,674.64
7264,2665,74,209,1,215.0,32.25,182.75
7265,2665,73,208,3,198.67,29.8,506.61
7266,2665,10,25,3,241.5,36.23,615.81
7267,2665,69,197,5,22.8,3.42,96.9
7268,2665,94,270,5,36.87,5.53,156.7
7269,2665,6,15,1,111.76,16.76,95.0
7270,2666,5,14,1,81.21,0.0,81.21
7271,2666,69,197,2,22.8,0.0,45.6
7272,2667,49,139,1,38.68,5.8,32.88
7273,2668,5,11,2,86.21,0.0,172.42
7274,2668,22,58,1,138.97,0.0,138.97
7275,2668,78,218,2,83.43,0.0,166.86
7276,2669,50,141,1,97.34,0.0,97.34
7277,2670,14,38,3,93.42,14.01,238.23
7278,2670,69,198,2,25.8,3.87,43.86
7279,2670,48,136,2,45.39,6.81,77.16
7280,2670,37,105,5,23.93,3.59,101.7
7281,2671,99,284,4,49.51,7.43,168.32
7282,2671,35,99,2,27.33,4.1,46.46
7283,2671,18,47,2,98.27,14.74,167.06
7284,2671,69,198,3,25.8,3.87,65.79
7285,2672,54,153,1,13.28,0.0,13.28
7286,2672,49,138,3,20.68,0.0,62.04
7287,2673,82,230,1,21.0,0.0,21.0
7288,2673,43,123,2,12.67,0.0,25.34
7289,2673,44,127,2,22.65,0.0,45.3
7290,2674,28,74,2,158.25,23.74,269.02
7291,2674,54,153,1,13.28,1.99,11.29
7292,2674,27,73,1,7.55,1.13,6.42
7293,2675,37,105,4,23.93,3.59,81.36
7294,2676,74,209,5,215.0,0.0,1075.0
7295,2676,48,137,4,45.39,0.0,181.56
7296,2677,33,95,3,56.53,0.0,169.59
7297,2678,99,284,2,49.51,0.0,99.02
7298,2678,41,118,5,40.66,0.0,203.3
7299,2678,2,4,4,86.92,0.0,347.68
7300,2678,25,66,4,136.29,0.0,545.16
7301,2679,4,7,5,84.33,0.0,421.65
7302,2679,71,203,3,18.78,0.0,56.34
7303,2679,39,111,4,68.78,0.0,275.12
7304,2679,61,176,3,66.85,0.0,200.55
7305,2680,47,134,4,97.33,0.0,389.32
7306,2680,7,19,4,56.06,0.0,224.24
7307,2680,74,210,1,212.0,0.0,212.0
7308,2681,54,153,3,13.28,1.99,33.87
7309,2681,38,108,4,174.11,26.12,591.96
7310,2681,17,46,4,83.41,12.51,283.6
7311,2682,34,97,1,89.03,0.0,89.03
7312,2682,14,36,2,78.42,0.0,156.84
7313,2682,59,167,2,55.83,0.0,111.66
7314,2683,67,192,1,77.05,0.0,77.05
7315,2683,62,180,1,150.25,0.0,150.25
7316,2683,14,37,1,83.42,0.0,83.42
7317,2683,14,37,1,83.42,0.0,83.42
7318,2684,88,252,4,33.4,0.0,133.6
7319,2685,84,238,1,38.36,5.75,32.61
7320,2685,76,214,1,66.03,9.9,56.13
7321,2685,18,47,3,98.27,14.74,250.59
7322,2685,6,15,1,111.76,16.76,95.0
7323,2685,43,122,1,12.67,1.9,10.77
7324,2685,27,72,1,22.55,3.38,19.17
7325,2686,66,189,1,26.38,0.0,26.38
7326,2686,55,155,3,49.23,0.0,147.69
7327,2686,22,58,5,138.97,0.0,694.85
7328,2686,13,34,1,155.62,0.0,155.62
7329,2687,24,64,1,112.11,0.0,112.11
7330,2687,44,126,1,22.65,0.0,22.65
7331,2687,75,212,1,50.67,0.0,50.67
7332,2687,30,81,2,25.27,0.0,50.54
7333,2687,19,50,1,192.14,0.0,192.14
7334,2687,78,219,1,80.43,0.0,80.43
7335,2688,43,123,3,12.67,0.0,38.01
7336,2688,60,171,1,18.2,0.0,18.2
7337,2688,26,69,2,64.15,0.0,128.3
7338,2689,24,63,1,122.11,18.32,103.79
7339,2689,88,251,1,33.4,5.01,28.39
7340,2689,58,165,2,43.21,6.48,73.46
7341,2689,42,120,1,72.62,10.89,61.73
7342,2689,14,38,5,93.42,14.01,397.05
7343,2690,20,53,3,75.61,0.0,226.83
7344,2690,8,21,3,183.95,0.0,551.85
7345,2690,81,229,4,75.08,0.0,300.32
7346,2691,16,42,1,126.76,19.01,107.75
7347,2691,16,41,1,121.76,18.26,103.5
7348,2691,17,46,5,83.41,12.51,354.5
7349,2692,99,283,4,61.51,9.23,209.12
7350,2692,11,29,2,41.69,6.25,70.88
7351,2693,3,5,4,132.59,19.89,450.8
7352,2693,1,1,2,193.05,28.96,328.18
7353,2693,47,134,4,97.33,14.6,330.92
7354,2693,3,5,1,132.59,19.89,112.7
7355,2693,94,270,5,36.87,5.53,156.7
7356,2694,98,281,3,83.39,12.51,212.64
7357,2694,76,215,3,63.03,9.45,160.74
7358,2694,30,82,1,10.27,1.54,8.73
7359,2695,2,3,1,81.92,12.29,69.63
7360,2696,12,31,3,258.11,38.72,658.17
7361,2697,48,137,3,45.39,0.0,136.17
7362,2697,8,20,1,193.95,0.0,193.95
7363,2697,45,129,3,47.45,0.0,142.35
7364,2697,15,39,1,161.21,0.0,161.21
7365,2697,20,53,4,75.61,0.0,302.44
7366,2698,8,21,5,183.95,0.0,919.75
7367,2699,57,164,1,26.38,3.96,22.42
7368,2699,63,181,3,65.54,9.83,167.13
7369,2699,6,15,3,111.76,16.76,285.0
7370,2700,62,177,2,153.25,22.99,260.52
7371,2700,100,286,2,56.34,8.45,95.78
7372,2700,5,12,4,81.21,12.18,276.12
7373,2700,57,163,3,58.38,8.76,148.86
7374,2700,1,2,2,188.05,28.21,319.68
7375,2701,28,74,1,158.25,0.0,158.25
7376,2701,100,286,1,56.34,0.0,56.34
7377,2702,35,99,3,27.33,0.0,81.99
7378,2702,96,277,3,80.44,0.0,241.32
7379,2702,19,49,2,207.14,0.0,414.28
7380,2702,68,196,2,165.66,0.0,331.32
7381,2703,27,73,5,7.55,1.13,32.1
7382,2703,19,50,5,192.14,28.82,816.6
7383,2703,78,219,1,80.43,12.06,68.37
7384,2703,58,166,3,61.21,9.18,156.09
7385,2703,1,1,4,193.05,28.96,656.36
7386,2703,65,185,2,154.37,23.16,262.42
7387,2704,41,117,2,22.66,0.0,45.32
7388,2704,78,219,1,80.43,0.0,80.43
7389,2704,12,32,1,243.11,0.0,243.11
7390,2704,63,182,2,65.54,0.0,131.08
7391,2704,54,152,1,31.28,0.0,31.28
7392,2705,35,99,3,27.33,0.0,81.99
7393,2705,91,260,3,23.66,0.0,70.98
7394,2706,9,23,1,61.83,0.0,61.83
7395,2706,8,21,1,183.95,0.0,183.95
7396,2707,25,67,4,126.29,0.0,505.16
7397,2707,15,39,1,161.21,0.0,161.21
7398,2707,30,83,1,15.27,0.0,15.27
7399,2708,90,257,2,52.11,0.0,104.22
7400,2708,53,150,1,76.71,0.0,76.71
7401,2708,46,132,5,102.22,0.0,511.1
7402,2708,5,14,5,81.21,0.0,406.05
7403,2708,20,52,1,65.61,0.0,65.61
7404,2709,79,221,1,148.61,0.0,148.61
7405,2710,37,106,1,18.93,0.0,18.93
7406,2710,64,183,2,72.17,0.0,144.34
7407,2711,55,156,4,17.23,2.58,58.6
7408,2711,14,37,2,83.42,12.51,141.82
7409,2712,6,15,4,111.76,16.76,380.0
7410,2712,76,215,2,63.03,9.45,107.16
7411,2712,51,145,2,51.92,7.79,88.26
7412,2713,23,61,2,38.88,5.83,66.1
7413,2713,77,216,2,190.3,28.55,323.5
7414,2713,71,203,4,18.78,2.82,63.84
7415,2713,69,197,2,22.8,3.42,38.76
7416,2713,45,129,1,47.45,7.12,40.33
7417,2714,40,114,4,128.52,0.0,514.08
7418,2714,50,142,2,79.34,0.0,158.68
7419,2714,52,146,3,65.59,0.0,196.77
7420,2715,2,3,3,81.92,12.29,208.89
7421,2715,6,15,1,111.76,16.76,95.0
7422,2715,15,40,2,176.21,26.43,299.56
7423,2715,65,187,2,151.37,22.71,257.32
7424,2715,84,239,1,36.36,5.45,30.91
7425,2715,30,82,3,10.27,1.54,26.19
7426,2716,20,55,1,60.61,9.09,51.52
7427,2717,53,150,5,76.71,0.0,383.55
7428,2718,48,137,5,45.39,0.0,226.95
7429,2718,76,215,2,63.03,0.0,126.06
7430,2718,43,124,5,44.67,0.0,223.35
7431,2718,83,233,3,35.04,0.0,105.12
7432,2718,14,36,1,78.42,0.0,78.42
7433,2719,99,283,1,61.51,0.0,61.51
7434,2719,60,173,1,36.2,0.0,36.2
7435,2720,15,40,3,176.21,0.0,528.63
7436,2720,69,198,4,25.8,0.0,103.2
7437,2720,41,118,3,40.66,0.0,121.98
7438,2720,23,61,5,38.88,0.0,194.4
7439,2721,10,27,1,236.5,35.48,201.02
7440,2721,88,252,4,33.4,5.01,113.56
7441,2721,71,203,2,18.78,2.82,31.92
7442,2722,16,41,2,121.76,0.0,243.52
7443,2722,78,218,5,83.43,0.0,417.15
7444,2722,7,17,1,51.06,0.0,51.06
7445,2723,34,98,1,79.03,0.0,79.03
7446,2723,88,250,2,45.4,0.0,90.8
7447,2724,17,46,1,83.41,12.51,70.9
7448,2724,17,45,2,88.41,13.26,150.3
7449,2725,5,12,2,81.21,0.0,162.42
7450,2725,66,188,1,32.38,0.0,32.38
7451,2726,58,166,1,61.21,0.0,61.21
7452,2726,33,94,3,66.53,0.0,199.59
7453,2727,77,217,3,190.3,0.0,570.9
7454,2728,39,112,5,53.78,8.07,228.55
7455,2728,30,83,4,15.27,2.29,51.92
7456,2728,48,137,1,45.39,6.81,38.58
7457,2729,12,31,1,258.11,38.72,219.39
7458,2729,81,226,4,61.08,9.16,207.68
7459,2729,47,135,4,79.33,11.9,269.72
7460,2729,38,108,4,174.11,26.12,591.96
7461,2730,21,56,2,72.82,0.0,145.64
7462,2730,67,191,2,83.05,0.0,166.1
7463,2730,39,112,5,53.78,0.0,268.9
7464,2730,93,268,2,29.84,0.0,59.68
7465,2731,81,228,2,63.08,0.0,126.16
7466,2731,41,117,2,22.66,0.0,45.32
7467,2732,32,91,2,186.3,27.95,316.7
7468,2732,70,199,1,132.33,19.85,112.48
7469,2732,23,60,4,33.88,5.08,115.2
7470,2732,59,169,1,87.83,13.17,74.66
7471,2733,2,3,2,81.92,0.0,163.84
7472,2733,20,52,1,65.61,0.0,65.61
7473,2733,12,32,1,243.11,0.0,243.11
7474,2733,70,199,3,132.33,0.0,396.99
7475,2734,8,21,2,183.95,0.0,367.9
7476,2734,53,148,3,62.71,0.0,188.13
7477,2734,25,67,2,126.29,0.0,252.58
7478,2734,79,222,1,145.61,0.0,145.61
7479,2734,68,195,2,162.66,0.0,325.32
7480,2735,77,216,3,190.3,0.0,570.9
7481,2735,22,58,2,138.97,0.0,277.94
7482,2735,56,161,5,40.28,0.0,201.4
7483,2735,38,107,1,159.11,0.0,159.11
7484,2736,11,30,2,36.69,5.5,62.38
7485,2736,35,99,5,27.33,4.1,116.15
7486,2736,81,227,1,63.08,9.46,53.62
7487,2736,68,196,2,165.66,24.85,281.62
7488,2737,75,213,2,44.67,6.7,75.94
7489,2738,37,106,1,18.93,0.0,18.93
7490,2738,3,6,1,147.59,0.0,147.59
7491,2738,4,8,1,89.33,0.0,89.33
7492,2739,41,118,1,40.66,0.0,40.66
7493,2739,61,175,1,69.85,0.0,69.85
7494,2739,22,58,4,138.97,0.0,555.88
7495,2740,90,257,1,52.11,0.0,52.11
7496,2741,36,102,2,25.53,0.0,51.06
7497,2741,78,218,5,83.43,0.0,417.15
7498,2742,41,117,1,22.66,3.4,19.26
7499,2742,10,27,1,236.5,35.48,201.02
7500,2742,20,55,1,60.61,9.09,51.52
7501,2743,8,20,3,193.95,0.0,581.85
7502,2743,13,34,1,155.62,0.0,155.62
7503,2743,58,165,1,43.21,0.0,43.21
7504,2744,47,134,3,97.33,14.6,248.19
7505,2744,2,4,2,86.92,13.04,147.76
7506,2744,5,11,1,86.21,12.93,73.28
7507,2744,77,217,1,190.3,28.55,161.75
7508,2745,44,125,2,40.65,6.1,69.1
7509,2746,53,149,3,44.71,0.0,134.13
7510,2746,14,37,3,83.42,0.0,250.26
7511,2746,36,101,3,15.53,0.0,46.59
7512,2746,11,30,2,36.69,0.0,73.38
7513,2747,50,140,2,111.34,0.0,222.68
7514,2747,69,198,1,25.8,0.0,25.8
7515,2748,34,97,1,89.03,0.0,89.03
7516,2748,64,184,3,66.17,0.0,198.51
7517,2749,7,17,1,51.06,0.0,51.06
7518,2750,9,23,5,61.83,0.0,309.15
7519,2751,11,30,2,36.69,0.0,73.38
7520,2751,59,170,1,73.83,0.0,73.83
7521,2752,26,68,1,69.15,0.0,69.15
7522,2752,76,214,3,66.03,0.0,198.09
7523,2753,27,73,3,7.55,1.13,19.26
7524,2753,10,26,1,251.5,37.73,213.77
7525,2753,37,106,3,18.93,2.84,48.27
7526,2753,1,1,4,193.05,28.96,656.36
7527,2754,47,134,1,97.33,14.6,82.73
7528,2754,74,210,5,212.0,31.8,901.0
7529,2754,26,68,3,69.15,10.37,176.34
7530,2754,38,107,3,159.11,23.87,405.72
7531,2755,7,19,4,56.06,0.0,224.24
7532,2755,12,32,2,243.11,0.0,486.22
7533,2755,23,61,3,38.88,0.0,116.64
7534,2755,60,173,1,36.2,0.0,36.2
7535,2756,21,56,2,72.82,0.0,145.64
7536,2757,98,282,4,69.39,0.0,277.56
7537,2757,25,66,4,136.29,0.0,545.16
7538,2757,30,83,2,15.27,0.0,30.54
7539,2758,84,236,3,50.36,0.0,151.08
7540,2759,22,59,1,148.97,0.0,148.97
7541,2759,70,199,1,132.33,0.0,132.33
7542,2760,17,45,1,88.41,13.26,75.15
7543,2761,12,31,1,258.11,0.0,258.11
7544,2761,80,223,2,216.05,0.0,432.1
7545,2761,5,12,1,81.21,0.0,81.21
7546,2761,94,270,1,36.87,0.0,36.87
7547,2761,5,13,2,96.21,0.0,192.42
7548,2762,21,57,5,67.82,10.17,288.25
7549,2763,69,197,2,22.8,0.0,45.6
7550,2764,89,255,3,61.85,0.0,185.55
7551,2765,53,149,1,44.71,0.0,44.71
7552,2765,66,190,2,29.38,0.0,58.76
7553,2766,36,102,3,25.53,3.83,65.1
7554,2766,52,146,1,65.59,9.84,55.75
7555,2766,41,117,1,22.66,3.4,19.26
7556,2766,99,284,4,49.51,7.43,168.32
7557,2767,29,77,2,135.1,0.0,270.2
7558,2767,22,59,1,148.97,0.0,148.97
7559,2767,38,109,3,164.11,0.0,492.33
7560,2767,78,219,3,80.43,0.0,241.29
7561,2767,69,197,1,22.8,0.0,22.8
7562,2768,34,97,4,89.03,0.0,356.12
7563,2768,28,74,1,158.25,0.0,158.25
7564,2768,9,22,2,56.83,0.0,113.66
7565,2768,67,191,1,83.05,0.0,83.05
7566,2768,18,47,2,98.27,0.0,196.54
7567,2769,58,165,1,43.21,6.48,36.73
7568,2769,50,140,3,111.34,16.7,283.92
7569,2769,12,31,2,258.11,38.72,438.78
7570,2769,56,158,4,72.28,10.84,245.76
7571,2769,32,88,3,176.3,26.45,449.55
7572,2769,36,102,1,25.53,3.83,21.7
7573,2770,65,186,1,154.37,0.0,154.37
7574,2771,48,137,3,45.39,6.81,115.74
7575,2771,25,67,4,126.29,18.94,429.4
7576,2771,98,281,2,83.39,12.51,141.76
7577,2771,68,195,2,162.66,24.4,276.52
7578,2772,20,52,1,65.61,0.0,65.61
7579,2772,24,63,3,122.11,0.0,366.33
7580,2772,22,59,1,148.97,0.0,148.97
7581,2773,8,21,1,183.95,0.0,183.95
7582,2773,34,98,3,79.03,0.0,237.09
7583,2773,37,106,2,18.93,0.0,37.86
7584,2774,83,234,1,33.04,0.0,33.04
7585,2775,57,163,1,58.38,0.0,58.38
7586,2775,29,79,1,140.1,0.0,140.1
7587,2776,60,172,2,18.2,2.73,30.94
7588,2776,51,143,1,37.92,5.69,32.23
7589,2777,16,43,1,136.76,20.51,116.25
7590,2777,99,283,1,61.51,9.23,52.28
7591,2778,48,137,1,45.39,0.0,45.39
7592,2778,80,225,3,213.05,0.0,639.15
7593,2778,51,143,3,37.92,0.0,113.76
7594,2779,59,168,1,55.83,0.0,55.83
7595,2780,61,175,1,69.85,0.0,69.85
7596,2780,94,270,1,36.87,0.0,36.87
7597,2780,35,100,1,32.33,0.0,32.33
7598,2781,18,48,2,93.27,13.99,158.56
7599,2781,38,107,1,159.11,23.87,135.24
7600,2782,16,43,1,136.76,0.0,136.76
7601,2782,10,25,3,241.5,0.0,724.5
7602,2783,54,153,1,13.28,1.99,11.29
7603,2783,20,52,1,65.61,9.84,55.77
7604,2784,7,19,2,56.06,0.0,112.12
7605,2784,44,126,1,22.65,0.0,22.65
7606,2784,71,201,1,15.78,0.0,15.78
7607,2784,30,83,1,15.27,0.0,15.27
7608,2784,27,71,1,12.55,0.0,12.55
7609,2785,48,137,1,45.39,0.0,45.39
7610,2785,78,219,2,80.43,0.0,160.86
7611,2785,71,201,1,15.78,0.0,15.78
7612,2786,35,100,2,32.33,0.0,64.66
7613,2786,41,117,1,22.66,0.0,22.66
7614,2786,9,22,1,56.83,0.0,56.83
7615,2786,6,15,1,111.76,0.0,111.76
7616,2787,88,251,3,33.4,0.0,100.2
7617,2787,63,181,3,65.54,0.0,196.62
7618,2788,87,247,1,64.46,0.0,64.46
7619,2788,28,76,1,158.25,0.0,158.25
7620,2788,19,49,2,207.14,0.0,414.28
7621,2788,4,10,1,84.33,0.0,84.33
7622,2789,68,194,1,168.66,0.0,168.66
7623,2790,96,277,5,80.44,0.0,402.2
7624,2790,97,280,5,39.57,0.0,197.85
7625,2791,75,213,1,44.67,0.0,44.67
7626,2791,61,176,1,66.85,0.0,66.85
7627,2791,50,140,1,111.34,0.0,111.34
7628,2792,99,284,3,49.51,0.0,148.53
7629,2792,5,11,1,86.21,0.0,86.21
7630,2792,24,63,1,122.11,0.0,122.11
7631,2793,50,142,1,79.34,11.9,67.44
7632,2793,65,187,2,151.37,22.71,257.32
7633,2793,4,7,5,84.33,12.65,358.4
7634,2794,74,210,3,212.0,31.8,540.6
7635,2794,61,174,5,72.85,10.93,309.6
7636,2794,53,149,1,44.71,6.71,38.0
7637,2794,58,165,1,43.21,6.48,36.73
7638,2795,41,117,2,22.66,0.0,45.32
7639,2796,91,261,2,23.66,3.55,40.22
7640,2796,8,21,1,183.95,27.59,156.36
7641,2796,26,70,1,69.15,10.37,58.78
7642,2797,16,42,2,126.76,0.0,253.52
7643,2797,29,80,1,140.1,0.0,140.1
7644,2798,67,191,2,83.05,0.0,166.1
7645,2798,69,197,1,22.8,0.0,22.8
7646,2799,73,208,5,198.67,0.0,993.35
7647,2799,23,61,1,38.88,0.0,38.88
7648,2799,71,201,2,15.78,0.0,31.56
7649,2799,5,12,3,81.21,0.0,243.63
7650,2799,31,87,2,62.47,0.0,124.94
7651,2800,10,26,1,251.5,37.73,213.77
7652,2800,92,265,1,74.75,11.21,63.54
7653,2800,2,4,1,86.92,13.04,73.88
7654,2801,8,20,1,193.95,29.09,164.86
7655,2801,17,45,4,88.41,13.26,300.6
7656,2801,5,13,3,96.21,14.43,245.34
7657,2802,79,222,1,145.61,0.0,145.61
7658,2803,69,198,2,25.8,3.87,43.86
7659,2803,5,11,4,86.21,12.93,293.12
7660,2803,57,164,4,26.38,3.96,89.68
7661,2803,54,153,3,13.28,1.99,33.87
7662,2803,39,110,4,58.78,8.82,199.84
7663,2803,51,145,3,51.92,7.79,132.39
7664,2804,51,144,2,19.92,0.0,39.84
7665,2804,1,1,1,193.05,0.0,193.05
7666,2804,30,82,2,10.27,0.0,20.54
7667,2804,12,32,2,243.11,0.0,486.22
7668,2805,75,213,2,44.67,6.7,75.94
7669,2805,63,182,2,65.54,9.83,111.42
7670,2805,68,194,2,168.66,25.3,286.72
7671,2805,72,204,2,156.23,23.43,265.6
7672,2806,25,67,3,126.29,18.94,322.05
7673,2806,77,216,2,190.3,28.55,323.5
7674,2806,100,287,4,44.34,6.65,150.76
7675,2807,17,46,1,83.41,0.0,83.41
7676,2807,7,19,2,56.06,0.0,112.12
7677,2807,78,219,1,80.43,0.0,80.43
7678,2808,46,133,2,88.22,0.0,176.44
7679,2809,92,265,2,74.75,11.21,127.08
7680,2809,72,204,1,156.23,23.43,132.8
7681,2810,68,196,1,165.66,0.0,165.66
7682,2810,41,118,1,40.66,0.0,40.66
7683,2811,91,261,1,23.66,0.0,23.66
7684,2812,28,76,3,158.25,23.74,403.53
7685,2812,22,59,3,148.97,22.35,379.86
7686,2813,10,26,1,251.5,37.73,213.77
7687,2813,29,79,1,140.1,21.02,119.08
7688,2813,31,87,1,62.47,9.37,53.1
7689,2814,86,244,5,83.71,12.56,355.75
7690,2814,20,55,1,60.61,9.09,51.52
7691,2814,58,166,2,61.21,9.18,104.06
7692,2815,24,64,2,112.11,0.0,224.22
7693,2816,51,145,4,51.92,0.0,207.68
7694,2816,43,123,3,12.67,0.0,38.01
7695,2816,5,11,4,86.21,0.0,344.84
7696,2817,41,117,2,22.66,3.4,38.52
7697,2817,37,106,1,18.93,2.84,16.09
7698,2817,55,157,3,17.23,2.58,43.95
7699,2818,47,135,2,79.33,11.9,134.86
7700,2818,14,37,2,83.42,12.51,141.82
7701,2819,66,190,1,29.38,0.0,29.38
7702,2819,47,134,2,97.33,0.0,194.66
7703,2819,6,16,2,126.76,0.0,253.52
7704,2820,26,68,3,69.15,0.0,207.45
7705,2820,14,37,4,83.42,0.0,333.68
7706,2820,6,16,4,126.76,0.0,507.04
7707,2820,21,56,2,72.82,0.0,145.64
7708,2821,29,80,3,140.1,0.0,420.3
7709,2821,5,11,2,86.21,0.0,172.42
7710,2822,3,5,1,132.59,0.0,132.59
7711,2822,44,126,1,22.65,0.0,22.65
7712,2822,27,71,2,12.55,0.0,25.1
7713,2823,6,16,1,126.76,0.0,126.76
7714,2823,77,217,2,190.3,0.0,380.6
7715,2823,96,277,2,80.44,0.0,160.88
7716,2823,49,138,1,20.68,0.0,20.68
7717,2824,7,19,4,56.06,8.41,190.6
7718,2824,79,220,5,151.61,22.74,644.35
7719,2825,19,51,1,192.14,0.0,192.14
7720,2825,64,183,1,72.17,0.0,72.17
7721,2825,81,229,1,75.08,0.0,75.08
7722,2826,29,77,2,135.1,0.0,270.2
7723,2827,67,192,3,77.05,0.0,231.15
7724,2827,37,106,3,18.93,0.0,56.79
7725,2827,17,45,1,88.41,0.0,88.41
7726,2828,78,219,3,80.43,0.0,241.29
7727,2828,17,46,4,83.41,0.0,333.64
7728,2828,16,41,4,121.76,0.0,487.04
7729,2828,7,18,1,51.06,0.0,51.06
7730,2828,88,252,3,33.4,0.0,100.2
7731,2828,71,202,2,18.78,0.0,37.56
7732,2829,58,165,2,43.21,0.0,86.42
7733,2829,37,105,2,23.93,0.0,47.86
7734,2830,62,177,1,153.25,0.0,153.25
7735,2830,68,195,1,162.66,0.0,162.66
7736,2831,38,107,2,159.11,0.0,318.22
7737,2832,1,1,5,193.05,28.96,820.45
7738,2833,15,40,1,176.21,26.43,149.78
7739,2834,13,34,1,155.62,23.34,132.28
7740,2834,13,33,3,140.62,21.09,358.59
7741,2834,6,15,5,111.76,16.76,475.0
7742,2835,75,212,3,50.67,0.0,152.01
7743,2835,15,39,3,161.21,0.0,483.63
7744,2835,87,247,4,64.46,0.0,257.84
7745,2835,77,217,1,190.3,0.0,190.3
7746,2835,3,5,5,132.59,0.0,662.95
7747,2836,94,271,4,24.87,0.0,99.48
7748,2836,58,166,1,61.21,0.0,61.21
7749,2837,16,43,1,136.76,0.0,136.76
7750,2837,94,270,2,36.87,0.0,73.74
7751,2837,22,59,5,148.97,0.0,744.85
7752,2838,25,67,1,126.29,0.0,126.29
7753,2838,80,225,2,213.05,0.0,426.1
7754,2839,31,84,2,47.47,7.12,80.7
7755,2839,21,56,1,72.82,10.92,61.9
7756,2840,75,213,1,44.67,0.0,44.67
7757,2840,9,23,1,61.83,0.0,61.83
7758,2841,100,286,1,56.34,8.45,47.89
7759,2842,10,25,5,241.5,0.0,1207.5
7760,2842,14,36,1,78.42,0.0,78.42
7761,2842,14,38,5,93.42,0.0,467.1
7762,2843,38,108,2,174.11,0.0,348.22
7763,2843,81,227,2,63.08,0.0,126.16
7764,2843,7,18,1,51.06,0.0,51.06
7765,2843,25,66,1,136.29,0.0,136.29
7766,2844,30,82,3,10.27,0.0,30.81
7767,2845,63,181,3,65.54,0.0,196.62
7768,2845,12,31,2,258.11,0.0,516.22
7769,2845,10,28,2,236.5,0.0,473.0
7770,2846,10,28,4,236.5,35.48,804.08
7771,2846,1,1,1,193.05,28.96,164.09
7772,2847,66,189,2,26.38,0.0,52.76
7773,2847,38,109,2,164.11,0.0,328.22
7774,2847,6,15,3,111.76,0.0,335.28
7775,2848,68,195,1,162.66,0.0,162.66
7776,2849,80,224,1,213.05,0.0,213.05
7777,2849,2,4,3,86.92,0.0,260.76
7778,2849,77,216,4,190.3,0.0,761.2
7779,2850,57,162,1,44.38,6.66,37.72
7780,2850,65,185,1,154.37,23.16,131.21
7781,2851,53,149,1,44.71,6.71,38.0
7782,2851,26,68,1,69.15,10.37,58.78
7783,2851,20,54,1,60.61,9.09,51.52
7784,2852,18,48,2,93.27,0.0,186.54
7785,2852,33,92,2,56.53,0.0,113.06
7786,2853,18,48,5,93.27,0.0,466.35
7787,2853,29,77,1,135.1,0.0,135.1
7788,2854,1,2,1,188.05,0.0,188.05
7789,2854,23,60,1,33.88,0.0,33.88
7790,2854,49,139,2,38.68,0.0,77.36
7791,2854,45,128,1,29.45,0.0,29.45
7792,2855,57,164,2,26.38,0.0,52.76
7793,2856,48,137,1,45.39,0.0,45.39
7794,2857,41,118,1,40.66,0.0,40.66
7795,2858,4,9,1,99.33,0.0,99.33
7796,2858,35,99,2,27.33,0.0,54.66
7797,2858,95,272,1,9.88,0.0,9.88
7798,2858,7,18,5,51.06,0.0,255.3
7799,2858,50,141,2,97.34,0.0,194.68
7800,2859,17,46,2,83.41,0.0,166.82
7801,2860,70,199,3,132.33,19.85,337.44
7802,2860,33,95,2,56.53,8.48,96.1
7803,2860,44,125,1,40.65,6.1,34.55
7804,2860,21,56,3,72.82,10.92,185.7
7805,2861,39,110,1,58.78,8.82,49.96
7806,2861,25,66,1,136.29,20.44,115.85
7807,2861,39,112,1,53.78,8.07,45.71
7808,2862,51,143,3,37.92,0.0,113.76
7809,2862,80,223,5,216.05,0.0,1080.25
7810,2862,8,21,2,183.95,0.0,367.9
7811,2862,17,45,1,88.41,0.0,88.41
7812,2862,66,190,1,29.38,0.0,29.38
7813,2862,3,6,2,147.59,0.0,295.18
7814,2863,12,32,3,243.11,0.0,729.33
7815,2864,70,199,1,132.33,19.85,112.48
7816,2864,50,142,1,79.34,11.9,67.44
7817,2865,60,173,1,36.2,0.0,36.2
7818,2865,78,218,1,83.43,0.0,83.43
7819,2865,86,244,4,83.71,0.0,334.84
7820,2866,27,72,3,22.55,0.0,67.65
7821,2866,99,284,1,49.51,0.0,49.51
7822,2866,21,57,3,67.82,0.0,203.46
7823,2866,32,90,3,176.3,0.0,528.9
7824,2866,78,218,1,83.43,0.0,83.43
7825,2866,24,65,2,107.11,0.0,214.22
7826,2867,73,206,2,195.67,0.0,391.34
7827,2867,15,40,1,176.21,0.0,176.21
7828,2867,85,241,1,6.14,0.0,6.14
7829,2867,71,201,1,15.78,0.0,15.78
7830,2868,42,119,2,40.62,6.09,69.06
7831,2869,6,15,2,111.76,0.0,223.52
7832,2869,24,63,2,122.11,0.0,244.22
7833,2869,81,228,4,63.08,0.0,252.32
7834,2869,32,89,1,171.3,0.0,171.3
7835,2869,69,197,1,22.8,0.0,22.8
7836,2870,21,57,1,67.82,10.17,57.65
7837,2870,51,143,1,37.92,5.69,32.23
7838,2871,38,108,1,174.11,26.12,147.99
7839,2871,92,263,5,60.75,9.11,258.2
7840,2871,34,96,4,79.03,11.85,268.72
7841,2871,24,65,5,107.11,16.07,455.2
7842,2872,39,112,4,53.78,0.0,215.12
7843,2872,83,235,4,35.04,0.0,140.16
7844,2872,68,194,2,168.66,0.0,337.32
7845,2872,67,191,1,83.05,0.0,83.05
7846,2872,92,262,3,62.75,0.0,188.25
7847,2873,34,96,1,79.03,0.0,79.03
7848,2874,17,45,1,88.41,0.0,88.41
7849,2874,46,133,2,88.22,0.0,176.44
7850,2874,20,55,5,60.61,0.0,303.05
7851,2874,38,107,1,159.11,0.0,159.11
7852,2874,44,125,1,40.65,0.0,40.65
7853,2874,16,43,1,136.76,0.0,136.76
7854,2875,13,34,1,155.62,0.0,155.62
7855,2875,16,43,4,136.76,0.0,547.04
7856,2876,60,172,1,18.2,0.0,18.2
7857,2876,26,70,2,69.15,0.0,138.3
7858,2877,66,190,1,29.38,4.41,24.97
7859,2877,97,279,1,39.57,5.94,33.63
7860,2878,40,116,2,143.52,0.0,287.04
7861,2878,77,216,1,190.3,0.0,190.3
7862,2878,56,159,1,58.28,0.0,58.28
7863,2878,53,151,2,44.71,0.0,89.42
7864,2879,18,47,2,98.27,0.0,196.54
7865,2879,32,90,5,176.3,0.0,881.5
7866,2879,89,254,5,59.85,0.0,299.25
7867,2880,42,120,2,72.62,0.0,145.24
7868,2880,73,207,1,192.67,0.0,192.67
7869,2881,14,38,1,93.42,0.0,93.42
7870,2881,34,97,2,89.03,0.0,178.06
7871,2882,57,163,1,58.38,0.0,58.38
7872,2882,79,220,1,151.61,0.0,151.61
7873,2882,39,111,3,68.78,0.0,206.34
7874,2883,60,173,1,36.2,0.0,36.2
7875,2883,68,195,2,162.66,0.0,325.32
7876,2883,14,37,2,83.42,0.0,166.84
7877,2883,100,285,1,42.34,0.0,42.34
7878,2883,9,24,1,56.83,0.0,56.83
7879,2884,69,197,1,22.8,3.42,19.38
7880,2885,76,215,3,63.03,0.0,189.09
7881,2885,13,34,1,155.62,0.0,155.62
7882,2885,96,277,4,80.44,0.0,321.76
7883,2885,2,3,2,81.92,0.0,163.84
7884,2885,82,230,2,21.0,0.0,42.0
7885,2886,80,223,3,216.05,0.0,648.15
7886,2886,66,188,1,32.38,0.0,32.38
7887,2886,34,96,4,79.03,0.0,316.12
7888,2886,30,82,1,10.27,0.0,10.27
7889,2886,42,121,3,40.62,0.0,121.86
7890,2887,14,37,5,83.42,0.0,417.1
7891,2887,71,203,2,18.78,0.0,37.56
7892,2887,24,65,3,107.11,0.0,321.33
7893,2887,67,192,1,77.05,0.0,77.05
7894,2887,75,212,2,50.67,0.0,101.34
7895,2888,79,222,1,145.61,0.0,145.61
7896,2888,84,239,2,36.36,0.0,72.72
7897,2889,21,56,2,72.82,0.0,145.64
7898,2889,35,99,1,27.33,0.0,27.33
7899,2889,44,126,5,22.65,0.0,113.25
7900,2889,55,156,2,17.23,0.0,34.46
7901,2889,6,16,2,126.76,0.0,253.52
7902,2890,72,205,4,153.23,0.0,612.92
7903,2890,28,75,2,153.25,0.0,306.5
7904,2890,68,196,1,165.66,0.0,165.66
7905,2891,79,221,2,148.61,0.0,297.22
7906,2891,17,45,3,88.41,0.0,265.23
7907,2891,50,142,2,79.34,0.0,158.68
7908,2891,54,152,5,31.28,0.0,156.4
7909,2891,60,173,2,36.2,0.0,72.4
7910,2891,85,242,1,4.99,0.0,4.99
7911,2892,39,110,1,58.78,0.0,58.78
7912,2892,20,55,1,60.61,0.0,60.61
7913,2893,4,10,1,84.33,0.0,84.33
7914,2893,59,169,4,87.83,0.0,351.32
7915,2893,30,81,5,25.27,0.0,126.35
7916,2894,38,107,1,159.11,0.0,159.11
7917,2894,28,74,2,158.25,0.0,316.5
7918,2894,46,131,2,70.22,0.0,140.44
7919,2894,53,149,2,44.71,0.0,89.42
7920,2894,46,131,2,70.22,0.0,140.44
7921,2895,35,99,3,27.33,0.0,81.99
7922,2895,98,281,1,83.39,0.0,83.39
7923,2896,61,176,1,66.85,0.0,66.85
7924,2896,61,174,2,72.85,0.0,145.7
7925,2896,56,160,5,40.28,0.0,201.4
7926,2896,26,70,2,69.15,0.0,138.3
7927,2897,62,178,2,150.25,0.0,300.5
7928,2897,32,90,2,176.3,0.0,352.6
7929,2897,17,45,1,88.41,0.0,88.41
7930,2897,24,64,3,112.11,0.0,336.33
7931,2897,76,214,1,66.03,0.0,66.03
7932,2897,47,135,3,79.33,0.0,237.99
7933,2898,43,123,1,12.67,0.0,12.67
7934,2898,85,240,1,18.14,0.0,18.14
7935,2898,18,47,1,98.27,0.0,98.27
7936,2899,56,160,4,40.28,0.0,161.12
7937,2899,10,26,3,251.5,0.0,754.5
7938,2899,11,29,1,41.69,0.0,41.69
7939,2899,19,49,1,207.14,0.0,207.14
7940,2900,93,267,1,29.84,0.0,29.84
7941,2900,86,245,1,85.71,0.0,85.71
7942,2900,32,90,1,176.3,0.0,176.3
7943,2901,23,60,3,33.88,0.0,101.64
7944,2901,46,131,2,70.22,0.0,140.44
7945,2901,17,46,4,83.41,0.0,333.64
7946,2901,30,82,1,10.27,0.0,10.27
7947,2901,66,188,3,32.38,0.0,97.14
7948,2902,75,211,1,47.67,0.0,47.67
7949,2902,12,31,2,258.11,0.0,516.22
7950,2902,83,233,2,35.04,0.0,70.08
7951,2903,4,8,1,89.33,0.0,89.33
7952,2904,31,86,1,52.47,0.0,52.47
7953,2904,23,62,1,48.88,0.0,48.88
7954,2904,11,30,2,36.69,0.0,73.38
7955,2905,21,57,1,67.82,0.0,67.82
7956,2905,92,263,1,60.75,0.0,60.75
7957,2905,10,26,5,251.5,0.0,1257.5
7958,2905,78,218,2,83.43,0.0,166.86
7959,2906,78,219,2,80.43,0.0,160.86
7960,2906,7,18,1,51.06,0.0,51.06
7961,2907,72,204,1,156.23,0.0,156.23
7962,2907,78,218,2,83.43,0.0,166.86
7963,2907,78,219,3,80.43,0.0,241.29
7964,2907,100,285,2,42.34,0.0,84.68
7965,2907,9,24,1,56.83,0.0,56.83
7966,2907,48,137,1,45.39,0.0,45.39
7967,2908,4,7,1,84.33,0.0,84.33
7968,2908,94,270,4,36.87,0.0,147.48
7969,2909,89,253,1,73.85,0.0,73.85
7970,2909,33,95,2,56.53,0.0,113.06
7971,2910,55,154,1,35.23,0.0,35.23
7972,2911,61,176,2,66.85,0.0,133.7
7973,2911,54,152,5,31.28,0.0,156.4
7974,2911,12,32,1,243.11,0.0,243.11
7975,2911,35,99,5,27.33,0.0,136.65
7976,2911,30,81,5,25.27,0.0,126.35
7977,2912,34,96,1,79.03,0.0,79.03
7978,2912,58,165,3,43.21,0.0,129.63
7979,2913,29,80,1,140.1,0.0,140.1
7980,2913,73,206,2,195.67,0.0,391.34
7981,2913,72,204,3,156.23,0.0,468.69
7982,2914,11,29,1,41.69,0.0,41.69
7983,2914,56,160,2,40.28,0.0,80.56
7984,2914,60,171,1,18.2,0.0,18.2
7985,2914,87,249,1,78.46,0.0,78.46
7986,2914,49,139,2,38.68,0.0,77.36
7987,2915,64,183,1,72.17,0.0,72.17
7988,2916,11,29,1,41.69,0.0,41.69
7989,2916,51,144,1,19.92,0.0,19.92
7990,2917,67,192,1,77.05,0.0,77.05
7991,2917,11,29,1,41.69,0.0,41.69
7992,2918,7,17,2,51.06,0.0,102.12
7993,2918,19,49,1,207.14,0.0,207.14
7994,2919,96,276,1,78.44,0.0,78.44
7995,2920,28,75,1,153.25,0.0,153.25
7996,2921,68,196,2,165.66,0.0,331.32
7997,2921,19,51,2,192.14,0.0,384.28
7998,2921,94,270,2,36.87,0.0,73.74
7999,2921,36,102,1,25.53,0.0,25.53
8000,2922,51,145,2,51.92,0.0,103.84
8001,2922,7,17,5,51.06,0.0,255.3
8002,2922,88,252,2,33.4,0.0,66.8
8003,2923,73,208,1,198.67,0.0,198.67
8004,2923,59,169,1,87.83,0.0,87.83
8005,2923,83,233,2,35.04,0.0,70.08
8006,2923,62,179,2,147.25,0.0,294.5
8007,2923,4,7,1,84.33,0.0,84.33
8008,2924,34,98,1,79.03,0.0,79.03
8009,2924,66,190,3,29.38,0.0,88.14
8010,2925,54,153,1,13.28,0.0,13.28
8011,2925,59,167,1,55.83,0.0,55.83
8012,2925,83,233,2,35.04,0.0,70.08
8013,2926,18,47,1,98.27,0.0,98.27
8014,2926,69,198,2,25.8,0.0,51.6
8015,2926,48,136,1,45.39,0.0,45.39
8016,2926,19,51,1,192.14,0.0,192.14
8017,2926,37,105,1,23.93,0.0,23.93
8018,2926,67,191,1,83.05,0.0,83.05
8019,2927,4,9,3,99.33,0.0,297.99
8020,2928,96,276,1,78.44,0.0,78.44
8021,2928,18,48,1,93.27,0.0,93.27
8022,2929,13,35,2,145.62,0.0,291.24
8023,2929,24,64,1,112.11,0.0,112.11
8024,2930,50,141,2,97.34,0.0,194.68
8025,2930,50,142,1,79.34,0.0,79.34
8026,2931,84,238,4,38.36,0.0,153.44
8027,2932,77,217,1,190.3,0.0,190.3
8028,2932,47,135,4,79.33,0.0,317.32
8029,2933,36,104,1,15.53,0.0,15.53
8030,2933,87,247,2,64.46,0.0,128.92
8031,2933,63,181,1,65.54,0.0,65.54
8032,2934,38,109,1,164.11,0.0,164.11
8033,2934,83,235,1,35.04,0.0,35.04
8034,2935,71,202,1,18.78,0.0,18.78
8035,2936,77,217,1,190.3,0.0,190.3
8036,2936,35,99,1,27.33,0.0,27.33
8037,2936,73,207,2,192.67,0.0,385.34
8038,2937,15,40,3,176.21,0.0,528.63
8039,2937,41,118,2,40.66,0.0,81.32
8040,2937,82,230,1,21.0,0.0,21.0
8041,2937,98,281,2,83.39,0.0,166.78
8042,2938,5,11,3,86.21,0.0,258.63
8043,2939,60,172,4,18.2,0.0,72.8
8044,2939,88,250,1,45.4,0.0,45.4
8045,2939,8,20,4,193.95,0.0,775.8
8046,2940,37,106,1,18.93,0.0,18.93
8047,2940,39,112,3,53.78,0.0,161.34
8048,2940,69,198,4,25.8,0.0,103.2
8049,2941,69,198,1,25.8,0.0,25.8
8050,2942,18,47,4,98.27,0.0,393.08
8051,2942,46,132,2,102.22,0.0,204.44
8052,2942,56,160,2,40.28,0.0,80.56
8053,2942,22,58,4,138.97,0.0,555.88
8054,2942,29,77,5,135.1,0.0,675.5
8055,2942,78,219,3,80.43,0.0,241.29
8056,2943,95,274,1,7.88,0.0,7.88
8057,2943,51,144,2,19.92,0.0,39.84
8058,2943,18,48,2,93.27,0.0,186.54
8059,2944,78,218,2,83.43,0.0,166.86
8060,2944,27,73,2,7.55,0.0,15.1
8061,2944,51,143,2,37.92,0.0,75.84
8062,2944,5,13,1,96.21,0.0,96.21
8063,2944,92,263,1,60.75,0.0,60.75
8064,2945,80,224,1,213.05,0.0,213.05
8065,2946,32,88,2,176.3,0.0,352.6
8066,2946,61,175,3,69.85,0.0,209.55
8067,2946,76,214,3,66.03,0.0,198.09
8068,2946,68,194,5,168.66,0.0,843.3
8069,2947,18,48,3,93.27,0.0,279.81
8070,2947,30,81,3,25.27,0.0,75.81
8071,2947,46,133,2,88.22,0.0,176.44
8072,2947,83,234,2,33.04,0.0,66.08
8073,2947,25,67,5,126.29,0.0,631.45
8074,2947,92,263,3,60.75,0.0,182.25
8075,2948,12,32,1,243.11,0.0,243.11
8076,2949,16,42,2,126.76,0.0,253.52
8077,2949,45,128,3,29.45,0.0,88.35
8078,2950,74,210,3,212.0,0.0,636.0
8079,2950,8,20,2,193.95,0.0,387.9
8080,2950,20,53,5,75.61,0.0,378.05
8081,2950,1,2,2,188.05,0.0,376.1
8082,2951,18,47,1,98.27,0.0,98.27
8083,2952,99,283,2,61.51,0.0,123.02
8084,2952,51,144,1,19.92,0.0,19.92
8085,2953,27,72,1,22.55,0.0,22.55
8086,2953,10,25,2,241.5,0.0,483.0
8087,2954,69,197,1,22.8,0.0,22.8
8088,2954,33,93,2,51.53,0.0,103.06
8089,2954,6,16,1,126.76,0.0,126.76
8090,2955,70,200,3,129.33,0.0,387.99
8091,2955,22,59,5,148.97,0.0,744.85
8092,2956,7,19,2,56.06,0.0,112.12
8093,2956,100,287,3,44.34,0.0,133.02
8094,2956,65,186,2,154.37,0.0,308.74
8095,2956,42,120,2,72.62,0.0,145.24
8096,2956,26,69,1,64.15,0.0,64.15
8097,2957,12,31,1,258.11,0.0,258.11
8098,2957,71,203,1,18.78,0.0,18.78
8099,2957,35,100,1,32.33,0.0,32.33
8100,2958,32,90,1,176.3,0.0,176.3
8101,2958,94,271,1,24.87,0.0,24.87
8102,2959,41,118,1,40.66,0.0,40.66
8103,2959,26,69,1,64.15,0.0,64.15
8104,2960,2,3,3,81.92,0.0,245.76
8105,2960,13,35,1,145.62,0.0,145.62
8106,2961,99,284,2,49.51,0.0,99.02
8107,2962,21,57,1,67.82,0.0,67.82
8108,2962,56,158,2,72.28,0.0,144.56
8109,2963,99,283,1,61.51,0.0,61.51
8110,2963,69,197,1,22.8,0.0,22.8
8111,2963,22,58,1,138.97,0.0,138.97
8112,2963,64,184,1,66.17,0.0,66.17
8113,2964,10,27,4,236.5,0.0,946.0
8114,2964,2,3,2,81.92,0.0,163.84
8115,2964,20,55,3,60.61,0.0,181.83
8116,2964,97,279,1,39.57,0.0,39.57
8117,2964,33,93,4,51.53,0.0,206.12
8118,2965,5,11,1,86.21,0.0,86.21
8119,2966,99,283,1,61.51,0.0,61.51
8120,2966,71,202,1,18.78,0.0,18.78
8121,2966,45,128,2,29.45,0.0,58.9
8122,2967,87,248,1,66.46,0.0,66.46
8123,2967,14,37,1,83.42,0.0,83.42
8124,2967,86,246,1,85.71,0.0,85.71
8125,2968,8,21,2,183.95,0.0,367.9
8126,2969,33,93,1,51.53,0.0,51.53
8127,2969,20,52,1,65.61,0.0,65.61
8128,2970,9,23,1,61.83,0.0,61.83
8129,2970,9,23,1,61.83,0.0,61.83
8130,2971,19,49,2,207.14,0.0,414.28
8131,2972,63,182,3,65.54,0.0,196.62
8132,2972,85,243,2,6.14,0.0,12.28
8133,2972,32,88,3,176.3,0.0,528.9
8134,2972,25,67,1,126.29,0.0,126.29
8135,2972,41,118,1,40.66,0.0,40.66
8136,2973,40,114,1,128.52,0.0,128.52
8137,2973,76,215,3,63.03,0.0,189.09
8138,2973,95,274,3,7.88,0.0,23.64
8139,2973,61,174,3,72.85,0.0,218.55
8140,2973,20,54,1,60.61,0.0,60.61
8141,2974,16,43,2,136.76,0.0,273.52
8142,2975,70,200,1,129.33,0.0,129.33
8143,2975,65,185,1,154.37,0.0,154.37
8144,2975,38,107,1,159.11,0.0,159.11
8145,2975,59,167,1,55.83,0.0,55.83
8146,2975,33,93,1,51.53,0.0,51.53
8147,2975,32,90,2,176.3,0.0,352.6
8148,2976,9,22,2,56.83,0.0,113.66
8149,2976,20,55,1,60.61,0.0,60.61
8150,2977,28,74,2,158.25,0.0,316.5
8151,2978,43,124,1,44.67,0.0,44.67
8152,2978,48,137,2,45.39,0.0,90.78
8153,2978,73,208,1,198.67,0.0,198.67
8154,2979,56,159,3,58.28,0.0,174.84
8155,2979,77,217,1,190.3,0.0,190.3
8156,2980,32,88,1,176.3,0.0,176.3
8157,2980,72,205,2,153.23,0.0,306.46
8158,2980,21,57,2,67.82,0.0,135.64
8159,2981,58,166,5,61.21,0.0,306.05
8160,2981,43,122,3,12.67,0.0,38.01
8161,2981,16,41,4,121.76,0.0,487.04
8162,2982,45,129,2,47.45,0.0,94.9
8163,2983,62,177,2,153.25,0.0,306.5
8164,2983,28,74,2,158.25,0.0,316.5
8165,2983,90,256,4,38.11,0.0,152.44
8166,2983,54,153,2,13.28,0.0,26.56
8167,2984,17,46,4,83.41,0.0,333.64
8168,2984,67,191,1,83.05,0.0,83.05
8169,2985,26,68,2,69.15,0.0,138.3
8170,2985,74,209,1,215.0,0.0,215.0
8171,2986,9,22,5,56.83,0.0,284.15
8172,2986,23,61,1,38.88,0.0,38.88
8173,2987,59,169,2,87.83,0.0,175.66
8174,2987,42,119,2,40.62,0.0,81.24
8175,2987,57,164,3,26.38,0.0,79.14
8176,2988,34,98,1,79.03,0.0,79.03
8177,2988,66,190,1,29.38,0.0,29.38
8178,2989,13,33,3,140.62,0.0,421.86
8179,2989,97,280,2,39.57,0.0,79.14
8180,2990,53,149,4,44.71,0.0,178.84
8181,2990,35,100,1,32.33,0.0,32.33
8182,2990,74,209,2,215.0,0.0,430.0
8183,2991,39,111,5,68.78,0.0,343.9
8184,2991,2,4,2,86.92,0.0,173.84
8185,2991,11,30,3,36.69,0.0,110.07
8186,2991,12,32,2,243.11,0.0,486.22
8187,2992,8,20,3,193.95,0.0,581.85
8188,2992,57,162,1,44.38,0.0,44.38
8189,2993,63,182,1,65.54,0.0,65.54
8190,2993,91,259,2,35.66,0.0,71.32
8191,2993,52,146,1,65.59,0.0,65.59
8192,2994,35,99,2,27.33,0.0,54.66
8193,2994,10,27,4,236.5,0.0,946.0
8194,2994,43,123,2,12.67,0.0,25.34
8195,2994,57,162,2,44.38,0.0,88.76
8196,2995,18,47,3,98.27,0.0,294.81
8197,2995,61,176,4,66.85,0.0,267.4
8198,2995,60,171,4,18.2,0.0,72.8
8199,2995,4,9,5,99.33,0.0,496.65
8200,2996,39,110,1,58.78,0.0,58.78
8201,2996,62,179,1,147.25,0.0,147.25
8202,2996,14,36,2,78.42,0.0,156.84
8203,2997,60,171,3,18.2,0.0,54.6
8204,2998,78,218,1,83.43,0.0,83.43
8205,2998,82,232,1,33.0,0.0,33.0
8206,2999,7,18,2,51.06,0.0,102.12
8207,2999,6,16,2,126.76,0.0,253.52
8208,3000,80,224,1,213.05,0.0,213.05
8209,3000,15,39,1,161.21,0.0,161.21
8210,3001,79,221,2,148.61,0.0,297.22
8211,3001,1,1,2,193.05,0.0,386.1
8212,3001,68,193,4,165.66,0.0,662.64
8213,3001,7,18,3,51.06,0.0,153.18
8214,3001,11,29,1,41.69,0.0,41.69
8215,3001,26,69,3,64.15,0.0,192.45
8216,3002,32,89,1,171.3,0.0,171.3
8217,3003,7,18,1,51.06,0.0,51.06
8218,3003,54,152,3,31.28,0.0,93.84
8219,3003,91,258,1,21.66,0.0,21.66
8220,3003,51,144,3,19.92,0.0,59.76
8221,3003,13,35,4,145.62,0.0,582.48
8222,3004,15,39,5,161.21,0.0,806.05
8223,3004,4,8,1,89.33,0.0,89.33
8224,3005,3,6,1,147.59,0.0,147.59
8225,3005,2,3,2,81.92,0.0,163.84
8226,3005,65,186,3,154.37,0.0,463.11
8227,3006,48,137,2,45.39,0.0,90.78
8228,3007,78,218,1,83.43,0.0,83.43
8229,3007,46,130,1,70.22,0.0,70.22
8230,3007,16,41,2,121.76,0.0,243.52
8231,3008,30,83,4,15.27,0.0,61.08
8232,3009,32,88,1,176.3,0.0,176.3
8233,3010,55,156,3,17.23,0.0,51.69
8234,3010,72,204,1,156.23,0.0,156.23
8235,3010,37,106,1,18.93,0.0,18.93
8236,3010,72,204,1,156.23,0.0,156.23
8237,3011,50,141,2,97.34,0.0,194.68
8238,3011,46,132,4,102.22,0.0,408.88
8239,3011,28,75,2,153.25,0.0,306.5
8240,3011,40,115,3,133.52,0.0,400.56
8241,3011,30,83,4,15.27,0.0,61.08
8242,3011,71,203,1,18.78,0.0,18.78
8243,3012,21,57,1,67.82,0.0,67.82
8244,3012,19,51,1,192.14,0.0,192.14
8245,3012,70,199,1,132.33,0.0,132.33
8246,3012,8,20,1,193.95,0.0,193.95
8247,3013,56,159,5,58.28,0.0,291.4
8248,3013,17,45,5,88.41,0.0,442.05
8249,3013,59,167,2,55.83,0.0,111.66
8250,3014,10,27,1,236.5,0.0,236.5
8251,3015,14,37,1,83.42,0.0,83.42
8252,3016,63,182,1,65.54,0.0,65.54
8253,3016,95,272,1,9.88,0.0,9.88
8254,3016,10,27,5,236.5,0.0,1182.5
8255,3016,13,33,3,140.62,0.0,421.86
8256,3016,45,128,3,29.45,0.0,88.35
8257,3017,89,253,1,73.85,0.0,73.85
8258,3018,59,168,1,55.83,0.0,55.83
8259,3019,30,83,4,15.27,0.0,61.08
8260,3019,44,126,2,22.65,0.0,45.3
8261,3019,79,220,1,151.61,0.0,151.61
8262,3019,42,119,3,40.62,0.0,121.86
8263,3019,12,31,2,258.11,0.0,516.22
8264,3019,64,183,1,72.17,0.0,72.17
8265,3020,51,143,3,37.92,0.0,113.76
8266,3020,14,37,1,83.42,0.0,83.42
8267,3020,99,284,3,49.51,0.0,148.53
8268,3020,11,29,4,41.69,0.0,166.76
8269,3020,24,64,3,112.11,0.0,336.33
8270,3021,50,140,1,111.34,0.0,111.34
8271,3021,58,166,3,61.21,0.0,183.63
8272,3021,17,46,1,83.41,0.0,83.41
8273,3022,83,234,2,33.04,0.0,66.08
8274,3022,100,285,1,42.34,0.0,42.34
8275,3023,60,172,2,18.2,0.0,36.4
8276,3023,54,153,1,13.28,0.0,13.28
8277,3023,39,110,1,58.78,0.0,58.78
8278,3023,26,70,3,69.15,0.0,207.45
8279,3024,62,178,2,150.25,0.0,300.5
8280,3024,21,56,1,72.82,0.0,72.82
8281,3024,12,32,1,243.11,0.0,243.11
8282,3024,56,158,1,72.28,0.0,72.28
8283,3024,16,43,2,136.76,0.0,273.52
8284,3024,6,16,5,126.76,0.0,633.8
8285,3025,12,32,1,243.11,0.0,243.11
8286,3025,23,60,5,33.88,0.0,169.4
8287,3025,69,198,3,25.8,0.0,77.4
8288,3025,58,165,1,43.21,0.0,43.21
8289,3026,54,152,3,31.28,0.0,93.84
8290,3026,94,271,3,24.87,0.0,74.61
8291,3026,7,18,4,51.06,0.0,204.24
8292,3027,37,105,1,23.93,0.0,23.93
8293,3027,68,194,1,168.66,0.0,168.66
8294,3028,80,225,2,213.05,0.0,426.1
8295,3029,88,250,3,45.4,0.0,136.2
8296,3029,53,149,5,44.71,0.0,223.55
8297,3029,23,61,4,38.88,0.0,155.52
8298,3029,2,4,2,86.92,0.0,173.84
8299,3029,24,63,3,122.11,0.0,366.33
8300,3029,86,244,3,83.71,0.0,251.13
8301,3030,98,281,3,83.39,0.0,250.17
8302,3031,32,91,2,186.3,0.0,372.6
8303,3031,80,224,3,213.05,0.0,639.15
8304,3032,16,44,3,121.76,0.0,365.28
8305,3032,89,254,4,59.85,0.0,239.4
8306,3032,74,209,5,215.0,0.0,1075.0
8307,3033,10,28,2,236.5,0.0,473.0
8308,3033,51,145,3,51.92,0.0,155.76
8309,3033,38,108,2,174.11,0.0,348.22
8310,3033,6,15,3,111.76,0.0,335.28
8311,3034,13,34,4,155.62,0.0,622.48
8312,3034,25,67,3,126.29,0.0,378.87
8313,3034,72,204,1,156.23,0.0,156.23
8314,3034,89,255,1,61.85,0.0,61.85
8315,3035,4,8,1,89.33,0.0,89.33
8316,3035,37,106,5,18.93,0.0,94.65
8317,3036,56,159,3,58.28,0.0,174.84
8318,3036,18,48,2,93.27,0.0,186.54
8319,3036,8,20,1,193.95,0.0,193.95
8320,3037,5,12,4,81.21,0.0,324.84
8321,3038,12,32,2,243.11,0.0,486.22
8322,3039,19,51,2,192.14,0.0,384.28
8323,3039,52,147,1,97.59,0.0,97.59
8324,3039,11,30,3,36.69,0.0,110.07
8325,3040,16,42,1,126.76,0.0,126.76
8326,3040,34,98,1,79.03,0.0,79.03
8327,3040,46,131,2,70.22,0.0,140.44
8328,3040,86,245,1,85.71,0.0,85.71
8329,3041,9,23,2,61.83,0.0,123.66
8330,3041,26,68,2,69.15,0.0,138.3
8331,3041,70,200,5,129.33,0.0,646.65
8332,3041,39,111,2,68.78,0.0,137.56
8333,3042,58,165,3,43.21,0.0,129.63
8334,3042,11,30,4,36.69,0.0,146.76
8335,3043,35,99,4,27.33,0.0,109.32
8336,3043,23,60,3,33.88,0.0,101.64
8337,3043,15,40,4,176.21,0.0,704.84
8338,3044,16,41,1,121.76,0.0,121.76
8339,3045,67,192,2,77.05,0.0,154.1
8340,3045,71,201,1,15.78,0.0,15.78
8341,3046,28,75,5,153.25,0.0,766.25
8342,3046,5,12,2,81.21,0.0,162.42
8343,3046,26,68,4,69.15,0.0,276.6
8344,3046,16,42,1,126.76,0.0,126.76
8345,3046,70,200,2,129.33,0.0,258.66
8346,3047,29,78,2,150.1,0.0,300.2
8347,3047,26,70,1,69.15,0.0,69.15
8348,3047,78,219,2,80.43,0.0,160.86
8349,3048,38,108,2,174.11,0.0,348.22
8350,3048,76,215,2,63.03,0.0,126.06
8351,3049,81,229,1,75.08,0.0,75.08
8352,3049,28,75,2,153.25,0.0,306.5
8353,3049,53,149,2,44.71,0.0,89.42
8354,3049,49,139,3,38.68,0.0,116.04
8355,3049,70,200,3,129.33,0.0,387.99
8356,3049,33,94,1,66.53,0.0,66.53
8357,3050,51,144,3,19.92,0.0,59.76
8358,3051,29,79,1,140.1,0.0,140.1
8359,3052,4,9,2,99.33,0.0,198.66
8360,3052,6,16,1,126.76,0.0,126.76
8361,3053,37,105,1,23.93,0.0,23.93
8362,3053,17,46,1,83.41,0.0,83.41
8363,3053,52,147,1,97.59,0.0,97.59
8364,3054,46,132,2,102.22,0.0,204.44
8365,3054,80,223,1,216.05,0.0,216.05
8366,3055,72,205,1,153.23,0.0,153.23
8367,3056,65,185,1,154.37,0.0,154.37
8368,3056,13,33,1,140.62,0.0,140.62
8369,3056,68,196,1,165.66,0.0,165.66
8370,3057,51,144,1,19.92,0.0,19.92
8371,3057,1,2,1,188.05,0.0,188.05
8372,3057,59,170,1,73.83,0.0,73.83
8373,3057,20,53,3,75.61,0.0,226.83
8374,3057,43,124,2,44.67,0.0,89.34
8375,3058,79,220,1,151.61,0.0,151.61
8376,3059,9,23,1,61.83,0.0,61.83
8377,3060,74,210,2,212.0,0.0,424.0
8378,3061,10,25,1,241.5,0.0,241.5
8379,3061,64,183,3,72.17,0.0,216.51
8380,3062,3,5,5,132.59,0.0,662.95
8381,3062,57,163,4,58.38,0.0,233.52
8382,3063,18,48,2,93.27,0.0,186.54
8383,3064,85,242,2,4.99,0.0,9.98
8384,3064,79,221,3,148.61,0.0,445.83
8385,3064,89,253,1,73.85,0.0,73.85
8386,3065,9,22,3,56.83,0.0,170.49
8387,3065,67,192,2,77.05,0.0,154.1
8388,3065,84,237,1,38.36,0.0,38.36
8389,3065,33,94,2,66.53,0.0,133.06
8390,3066,74,210,1,212.0,0.0,212.0
8391,3066,27,71,1,12.55,0.0,12.55
8392,3066,3,5,2,132.59,0.0,265.18
8393,3066,35,100,2,32.33,0.0,64.66
8394,3067,37,106,1,18.93,0.0,18.93
8395,3067,32,90,3,176.3,0.0,528.9
8396,3068,28,76,1,158.25,0.0,158.25
8397,3068,15,39,4,161.21,0.0,644.84
8398,3068,29,77,1,135.1,0.0,135.1
8399,3068,83,233,1,35.04,0.0,35.04
8400,3069,54,152,1,31.28,0.0,31.28
8401,3070,44,125,1,40.65,0.0,40.65
8402,3071,71,203,1,18.78,0.0,18.78
8403,3071,76,215,3,63.03,0.0,189.09
8404,3071,41,117,1,22.66,0.0,22.66
8405,3071,2,4,5,86.92,0.0,434.6
8406,3072,20,52,3,65.61,0.0,196.83
8407,3072,47,135,1,79.33,0.0,79.33
8408,3073,14,38,1,93.42,0.0,93.42
8409,3073,47,134,4,97.33,0.0,389.32
8410,3073,12,31,4,258.11,0.0,1032.44
8411,3073,69,197,4,22.8,0.0,91.2
8412,3074,23,60,1,33.88,0.0,33.88
8413,3075,83,235,5,35.04,0.0,175.2
8414,3075,58,166,5,61.21,0.0,306.05
8415,3075,28,75,1,153.25,0.0,153.25
8416,3075,66,189,2,26.38,0.0,52.76
8417,3075,89,253,3,73.85,0.0,221.55
8418,3076,16,41,3,121.76,0.0,365.28
8419,3076,11,29,4,41.69,0.0,166.76
8420,3076,21,56,1,72.82,0.0,72.82
8421,3077,65,187,2,151.37,0.0,302.74
8422,3077,45,129,1,47.45,0.0,47.45
8423,3077,7,17,2,51.06,0.0,102.12
8424,3078,7,17,2,51.06,0.0,102.12
8425,3078,47,134,1,97.33,0.0,97.33
8426,3079,63,181,2,65.54,0.0,131.08
8427,3079,11,29,4,41.69,0.0,166.76
8428,3079,99,284,4,49.51,0.0,198.04
8429,3080,60,171,1,18.2,0.0,18.2
8430,3081,13,33,5,140.62,0.0,703.1
8431,3081,21,57,1,67.82,0.0,67.82
8432,3082,6,15,1,111.76,0.0,111.76
8433,3082,75,213,2,44.67,0.0,89.34
8434,3082,57,162,1,44.38,0.0,44.38
8435,3083,2,4,3,86.92,0.0,260.76
8436,3083,59,170,2,73.83,0.0,147.66
8437,3084,21,57,3,67.82,0.0,203.46
8438,3084,3,5,1,132.59,0.0,132.59
8439,3084,11,29,1,41.69,0.0,41.69
8440,3085,45,128,1,29.45,0.0,29.45
8441,3085,66,189,2,26.38,0.0,52.76
8442,3086,71,202,2,18.78,0.0,37.56
8443,3086,100,287,4,44.34,0.0,177.36
8444,3087,11,29,1,41.69,0.0,41.69
8445,3087,39,110,4,58.78,0.0,235.12
8446,3088,11,30,1,36.69,0.0,36.69
8447,3089,40,113,2,133.52,0.0,267.04
8448,3089,9,22,1,56.83,0.0,56.83
8449,3089,98,281,1,83.39,0.0,83.39
8450,3089,1,1,2,193.05,0.0,386.1
8451,3090,12,32,3,243.11,0.0,729.33
8452,3090,6,16,1,126.76,0.0,126.76
8453,3090,90,256,2,38.11,0.0,76.22
8454,3090,34,98,2,79.03,0.0,158.06
8455,3090,75,212,4,50.67,0.0,202.68
8456,3090,3,6,1,147.59,0.0,147.59
8457,3091,16,43,4,136.76,0.0,547.04
8458,3091,62,180,2,150.25,0.0,300.5
8459,3091,13,34,3,155.62,0.0,466.86
8460,3091,15,39,5,161.21,0.0,806.05
8461,3091,2,3,3,81.92,0.0,245.76
8462,3092,18,47,1,98.27,0.0,98.27
8463,3092,34,97,1,89.03,0.0,89.03
8464,3092,36,103,3,10.53,0.0,31.59
8465,3092,56,160,5,40.28,0.0,201.4
8466,3092,74,210,1,212.0,0.0,212.0
8467,3092,73,206,3,195.67,0.0,587.01
8468,3093,18,47,1,98.27,0.0,98.27
8469,3094,6,15,1,111.76,0.0,111.76
8470,3095,26,69,3,64.15,0.0,192.45
8471,3095,59,170,1,73.83,0.0,73.83
8472,3095,48,137,3,45.39,0.0,136.17
8473,3095,60,173,5,36.2,0.0,181.0
8474,3096,44,126,1,22.65,0.0,22.65
8475,3096,77,217,2,190.3,0.0,380.6
8476,3097,68,196,2,165.66,0.0,331.32
8477,3097,73,208,4,198.67,0.0,794.68
8478,3097,79,221,2,148.61,0.0,297.22
8479,3097,25,66,2,136.29,0.0,272.58
8480,3098,99,284,2,49.51,0.0,99.02
8481,3098,15,39,3,161.21,0.0,483.63
8482,3098,34,97,1,89.03,0.0,89.03
8483,3098,72,204,1,156.23,0.0,156.23
8484,3098,84,237,3,38.36,0.0,115.08
8485,3099,21,57,1,67.82,0.0,67.82
8486,3099,10,25,2,241.5,0.0,483.0
8487,3099,6,15,3,111.76,0.0,335.28
8488,3099,1,1,1,193.05,0.0,193.05
8489,3100,16,44,1,121.76,0.0,121.76
8490,3100,39,110,1,58.78,0.0,58.78
8491,3100,56,160,3,40.28,0.0,120.84
8492,3100,34,98,3,79.03,0.0,237.09
8493,3101,24,64,1,112.11,0.0,112.11
8494,3102,73,206,4,195.67,0.0,782.68
8495,3102,79,221,2,148.61,0.0,297.22
8496,3102,40,113,1,133.52,0.0,133.52
8497,3102,15,40,3,176.21,0.0,528.63
8498,3102,49,138,1,20.68,0.0,20.68
8499,3103,41,118,5,40.66,0.0,203.3
8500,3103,75,211,2,47.67,0.0,95.34
8501,3104,77,216,2,190.3,0.0,380.6
8502,3104,16,41,1,121.76,0.0,121.76
8503,3104,8,20,2,193.95,0.0,387.9
8504,3105,36,103,1,10.53,0.0,10.53
8505,3105,98,282,1,69.39,0.0,69.39
8506,3105,74,209,4,215.0,0.0,860.0
8507,3106,44,125,3,40.65,0.0,121.95
8508,3106,46,132,1,102.22,0.0,102.22
8509,3107,93,268,1,29.84,0.0,29.84
8510,3108,27,71,3,12.55,0.0,37.65
8511,3108,32,91,2,186.3,0.0,372.6
8512,3108,85,240,1,18.14,0.0,18.14
8513,3109,69,197,2,22.8,0.0,45.6
8514,3109,14,36,3,78.42,0.0,235.26
8515,3109,79,221,2,148.61,0.0,297.22
8516,3109,25,67,3,126.29,0.0,378.87
8517,3109,46,130,5,70.22,0.0,351.1
8518,3110,78,218,1,83.43,0.0,83.43
8519,3110,41,118,1,40.66,0.0,40.66
8520,3111,50,140,2,111.34,0.0,222.68
8521,3111,69,197,1,22.8,0.0,22.8
8522,3112,36,101,3,15.53,0.0,46.59
8523,3112,53,148,1,62.71,0.0,62.71
8524,3112,42,120,2,72.62,0.0,145.24
8525,3113,49,139,5,38.68,0.0,193.4
8526,3113,79,221,2,148.61,0.0,297.22
8527,3114,84,239,1,36.36,0.0,36.36
8528,3114,23,60,1,33.88,0.0,33.88
8529,3114,78,218,1,83.43,0.0,83.43
8530,3114,80,224,2,213.05,0.0,426.1
8531,3114,81,229,1,75.08,0.0,75.08
8532,3115,13,35,1,145.62,0.0,145.62
8533,3116,78,218,1,83.43,0.0,83.43
8534,3116,47,135,2,79.33,0.0,158.66
8535,3116,25,66,1,136.29,0.0,136.29
8536,3117,81,228,2,63.08,0.0,126.16
8537,3118,20,53,1,75.61,0.0,75.61
8538,3118,99,283,1,61.51,0.0,61.51
8539,3118,89,255,2,61.85,0.0,123.7
8540,3118,14,38,2,93.42,0.0,186.84
8541,3118,67,191,1,83.05,0.0,83.05
8542,3119,44,127,1,22.65,0.0,22.65
8543,3119,33,94,2,66.53,0.0,133.06
8544,3119,98,281,1,83.39,0.0,83.39
8545,3119,58,165,1,43.21,0.0,43.21
8546,3120,87,248,4,66.46,0.0,265.84
8547,3120,44,126,4,22.65,0.0,90.6
8548,3120,99,283,1,61.51,0.0,61.51
8549,3120,71,202,5,18.78,0.0,93.9
8550,3120,40,113,3,133.52,0.0,400.56
8551,3120,10,25,3,241.5,0.0,724.5
8552,3121,69,198,1,25.8,0.0,25.8
8553,3121,74,210,4,212.0,0.0,848.0
8554,3121,27,71,2,12.55,0.0,25.1
8555,3121,7,19,1,56.06,0.0,56.06
8556,3121,46,131,1,70.22,0.0,70.22
8557,3122,33,93,1,51.53,0.0,51.53
8558,3122,54,152,3,31.28,0.0,93.84
8559,3123,14,38,1,93.42,0.0,93.42
8560,3123,14,36,2,78.42,0.0,156.84
8561,3124,58,166,5,61.21,0.0,306.05
8562,3124,67,191,5,83.05,0.0,415.25
8563,3124,61,175,3,69.85,0.0,209.55
8564,3125,5,14,1,81.21,0.0,81.21
8565,3125,92,263,3,60.75,0.0,182.25
8566,3126,57,162,1,44.38,0.0,44.38
8567,3126,33,94,3,66.53,0.0,199.59
8568,3126,16,42,2,126.76,0.0,253.52
8569,3127,99,284,2,49.51,0.0,99.02
8570,3127,9,23,1,61.83,0.0,61.83
8571,3127,27,73,2,7.55,0.0,15.1
8572,3127,10,28,3,236.5,0.0,709.5
8573,3127,3,5,5,132.59,0.0,662.95
8574,3128,6,15,2,111.76,0.0,223.52
8575,3128,12,32,2,243.11,0.0,486.22
8576,3129,60,172,3,18.2,0.0,54.6
8577,3129,16,44,2,121.76,0.0,243.52
8578,3130,5,13,3,96.21,0.0,288.63
8579,3131,39,110,5,58.78,0.0,293.9
8580,3131,14,37,2,83.42,0.0,166.84
8581,3131,16,42,2,126.76,0.0,253.52
8582,3132,7,17,3,51.06,0.0,153.18
8583,3132,18,48,5,93.27,0.0,466.35
8584,3132,14,36,3,78.42,0.0,235.26
8585,3133,10,25,3,241.5,0.0,724.5
8586,3133,29,80,3,140.1,0.0,420.3
8587,3134,58,166,4,61.21,0.0,244.84
8588,3134,29,77,2,135.1,0.0,270.2
8589,3134,67,191,5,83.05,0.0,415.25
8590,3135,28,76,1,158.25,0.0,158.25
8591,3135,34,98,1,79.03,0.0,79.03
8592,3135,7,18,1,51.06,0.0,51.06
8593,3135,52,147,3,97.59,0.0,292.77
8594,3135,32,90,1,176.3,0.0,176.3
8595,3136,45,129,1,47.45,0.0,47.45
8596,3136,99,283,3,61.51,0.0,184.53
8597,3137,57,163,1,58.38,0.0,58.38
8598,3137,3,5,5,132.59,0.0,662.95
8599,3137,56,158,5,72.28,0.0,361.4
8600,3137,32,88,2,176.3,0.0,352.6
8601,3138,63,181,2,65.54,0.0,131.08
8602,3138,43,122,3,12.67,0.0,38.01
8603,3139,37,105,1,23.93,0.0,23.93
8604,3139,12,32,1,243.11,0.0,243.11
8605,3140,69,198,3,25.8,0.0,77.4
8606,3140,81,227,2,63.08,0.0,126.16
8607,3141,55,156,1,17.23,0.0,17.23
8608,3141,66,190,5,29.38,0.0,146.9
8609,3141,76,215,3,63.03,0.0,189.09
8610,3141,70,199,5,132.33,0.0,661.65
8611,3142,92,265,1,74.75,0.0,74.75
8612,3143,29,79,2,140.1,0.0,280.2
8613,3143,45,128,1,29.45,0.0,29.45
8614,3144,38,109,1,164.11,0.0,164.11
8615,3144,49,138,1,20.68,0.0,20.68
8616,3144,15,39,1,161.21,0.0,161.21
8617,3145,14,36,2,78.42,0.0,156.84
8618,3146,43,122,1,12.67,0.0,12.67
8619,3146,52,146,1,65.59,0.0,65.59
8620,3147,8,21,2,183.95,0.0,367.9
8621,3148,12,32,3,243.11,0.0,729.33
8622,3148,39,110,1,58.78,0.0,58.78
8623,3148,75,212,1,50.67,0.0,50.67
8624,3149,2,3,1,81.92,0.0,81.92
8625,3149,10,25,2,241.5,0.0,483.0
8626,3149,96,277,1,80.44,0.0,80.44
8627,3150,26,69,2,64.15,0.0,128.3
8628,3150,35,100,3,32.33,0.0,96.99
8629,3150,86,244,3,83.71,0.0,251.13
8630,3150,73,207,5,192.67,0.0,963.35
8631,3150,15,39,2,161.21,0.0,322.42
8632,3150,97,279,3,39.57,0.0,118.71
8633,3151,26,68,1,69.15,0.0,69.15
8634,3151,5,11,2,86.21,0.0,172.42
8635,3151,60,173,1,36.2,0.0,36.2
8636,3151,55,155,1,49.23,0.0,49.23
8637,3151,5,12,5,81.21,0.0,406.05
8638,3152,76,214,1,66.03,0.0,66.03
8639,3152,18,48,1,93.27,0.0,93.27
8640,3152,2,4,1,86.92,0.0,86.92
8641,3152,55,156,2,17.23,0.0,34.46
8642,3152,42,120,1,72.62,0.0,72.62
8643,3153,46,131,1,70.22,0.0,70.22
8644,3153,85,240,1,18.14,0.0,18.14
8645,3154,44,126,1,22.65,0.0,22.65
8646,3155,43,122,2,12.67,0.0,25.34
8647,3155,70,200,2,129.33,0.0,258.66
8648,3156,72,205,1,153.23,0.0,153.23
8649,3157,8,21,3,183.95,0.0,551.85
8650,3157,14,36,4,78.42,0.0,313.68
8651,3157,13,33,3,140.62,0.0,421.86
8652,3158,31,84,5,47.47,0.0,237.35
8653,3158,11,29,2,41.69,0.0,83.38
8654,3159,4,10,1,84.33,0.0,84.33
8655,3159,3,5,5,132.59,0.0,662.95
8656,3159,17,45,1,88.41,0.0,88.41
8657,3159,13,35,4,145.62,0.0,582.48
8658,3159,93,267,1,29.84,0.0,29.84
8659,3159,14,38,1,93.42,0.0,93.42
8660,3160,79,220,4,151.61,0.0,606.44
8661,3160,46,130,4,70.22,0.0,280.88
8662,3160,33,93,1,51.53,0.0,51.53
8663,3160,23,61,2,38.88,0.0,77.76
8664,3161,3,5,4,132.59,0.0,530.36
8665,3162,28,75,1,153.25,0.0,153.25
8666,3163,100,287,1,44.34,0.0,44.34
8667,3163,30,83,2,15.27,0.0,30.54
8668,3163,57,163,2,58.38,0.0,116.76
8669,3164,89,253,2,73.85,0.0,147.7
8670,3165,77,217,2,190.3,0.0,380.6
8671,3165,8,21,2,183.95,0.0,367.9
8672,3165,37,106,4,18.93,0.0,75.72
8673,3166,50,142,4,79.34,0.0,317.36
8674,3166,1,1,4,193.05,0.0,772.2
8675,3166,84,237,1,38.36,0.0,38.36
8676,3167,79,221,2,148.61,0.0,297.22
8677,3167,45,129,2,47.45,0.0,94.9
8678,3168,38,108,4,174.11,0.0,696.44
8679,3168,91,258,2,21.66,0.0,43.32
8680,3168,8,21,1,183.95,0.0,183.95
8681,3168,1,1,3,193.05,0.0,579.15
8682,3169,19,51,2,192.14,0.0,384.28
8683,3169,98,281,4,83.39,0.0,333.56
8684,3169,12,32,2,243.11,0.0,486.22
8685,3170,7,18,3,51.06,0.0,153.18
8686,3170,8,20,2,193.95,0.0,387.9
8687,3170,28,75,1,153.25,0.0,153.25
8688,3171,8,20,1,193.95,0.0,193.95
8689,3171,23,60,1,33.88,0.0,33.88
8690,3171,61,175,4,69.85,0.0,279.4
8691,3172,15,40,2,176.21,0.0,352.42
8692,3173,44,127,1,22.65,0.0,22.65
8693,3173,16,43,5,136.76,0.0,683.8
8694,3173,91,258,2,21.66,0.0,43.32
8695,3173,76,215,2,63.03,0.0,126.06
8696,3173,25,67,1,126.29,0.0,126.29
8697,3174,35,100,1,32.33,0.0,32.33
8698,3174,79,222,2,145.61,0.0,291.22
8699,3174,23,61,3,38.88,0.0,116.64
8700,3174,5,12,3,81.21,0.0,243.63
8701,3174,15,40,1,176.21,0.0,176.21
8702,3175,31,86,2,52.47,0.0,104.94
8703,3175,27,73,2,7.55,0.0,15.1
8704,3175,43,123,1,12.67,0.0,12.67
8705,3175,52,147,1,97.59,0.0,97.59
8706,3176,70,200,3,129.33,0.0,387.99
8707,3176,36,101,4,15.53,0.0,62.12
8708,3177,89,255,1,61.85,0.0,61.85
8709,3177,44,127,1,22.65,0.0,22.65
8710,3177,73,208,2,198.67,0.0,397.34
8711,3177,18,48,2,93.27,0.0,186.54
8712,3177,28,76,1,158.25,0.0,158.25
8713,3177,63,182,1,65.54,0.0,65.54
8714,3178,8,20,2,193.95,0.0,387.9
8715,3178,46,130,1,70.22,0.0,70.22
8716,3178,9,23,1,61.83,0.0,61.83
8717,3179,15,39,1,161.21,0.0,161.21
8718,3180,18,47,3,98.27,0.0,294.81
8719,3180,62,177,2,153.25,0.0,306.5
8720,3180,46,132,2,102.22,0.0,204.44
8721,3180,51,144,2,19.92,0.0,39.84
8722,3181,4,7,4,84.33,0.0,337.32
8723,3181,2,4,5,86.92,0.0,434.6
8724,3182,45,129,2,47.45,0.0,94.9
8725,3182,63,181,2,65.54,0.0,131.08
8726,3183,13,34,3,155.62,0.0,466.86
8727,3183,84,237,1,38.36,0.0,38.36
8728,3184,42,119,2,40.62,0.0,81.24
8729,3184,13,35,1,145.62,0.0,145.62
8730,3184,75,213,4,44.67,0.0,178.68
8731,3185,25,66,2,136.29,0.0,272.58
8732,3185,22,59,1,148.97,0.0,148.97
8733,3185,56,161,2,40.28,0.0,80.56
8734,3185,58,166,3,61.21,0.0,183.63
8735,3185,4,8,1,89.33,0.0,89.33
8736,3186,8,20,5,193.95,0.0,969.75
8737,3186,29,78,2,150.1,0.0,300.2
8738,3187,35,100,4,32.33,0.0,129.32
8739,3187,83,233,1,35.04,0.0,35.04
8740,3188,89,255,1,61.85,0.0,61.85
8741,3188,63,182,1,65.54,0.0,65.54
8742,3188,70,199,3,132.33,0.0,396.99
8743,3189,72,204,1,156.23,0.0,156.23
8744,3190,27,72,2,22.55,0.0,45.1
8745,3190,80,225,4,213.05,0.0,852.2
8746,3191,89,254,2,59.85,0.0,119.7
8747,3191,97,279,2,39.57,0.0,79.14
8748,3191,72,204,4,156.23,0.0,624.92
8749,3191,6,16,2,126.76,0.0,253.52
8750,3191,27,71,1,12.55,0.0,12.55
8751,3192,29,77,1,135.1,0.0,135.1
8752,3192,53,151,2,44.71,0.0,89.42
8753,3192,24,65,2,107.11,0.0,214.22
8754,3192,85,240,3,18.14,0.0,54.42
8755,3193,69,197,3,22.8,0.0,68.4
8756,3193,61,176,2,66.85,0.0,133.7
8757,3194,10,26,1,251.5,0.0,251.5
8758,3194,11,30,1,36.69,0.0,36.69
8759,3194,20,55,2,60.61,0.0,121.22
8760,3194,92,264,1,62.75,0.0,62.75
8761,3195,18,48,2,93.27,0.0,186.54
8762,3196,12,32,1,243.11,0.0,243.11
8763,3196,29,79,1,140.1,0.0,140.1
8764,3196,8,21,3,183.95,0.0,551.85
8765,3197,66,189,1,26.38,0.0,26.38
8766,3197,96,278,1,80.44,0.0,80.44
8767,3198,59,169,1,87.83,0.0,87.83
8768,3198,44,125,1,40.65,0.0,40.65
8769,3199,8,21,2,183.95,0.0,367.9
8770,3199,12,31,2,258.11,0.0,516.22
8771,3200,2,4,1,86.92,0.0,86.92
8772,3200,3,5,2,132.59,0.0,265.18
8773,3200,15,40,4,176.21,0.0,704.84
8774,3200,92,265,3,74.75,0.0,224.25
8775,3201,31,87,3,62.47,0.0,187.41
8776,3201,57,163,1,58.38,0.0,58.38
8777,3201,11,29,2,41.69,0.0,83.38
8778,3201,5,12,2,81.21,0.0,162.42
8779,3201,51,143,2,37.92,0.0,75.84
8780,3201,3,6,1,147.59,0.0,147.59
8781,3202,7,17,5,51.06,0.0,255.3
8782,3203,32,89,1,171.3,0.0,171.3
8783,3203,10,28,2,236.5,0.0,473.0
8784,3204,88,252,2,33.4,0.0,66.8
8785,3205,1,2,1,188.05,0.0,188.05
8786,3205,15,39,2,161.21,0.0,322.42
8787,3206,98,282,1,69.39,0.0,69.39
8788,3206,43,123,1,12.67,0.0,12.67
8789,3207,13,33,3,140.62,0.0,421.86
8790,3208,46,133,2,88.22,0.0,176.44
8791,3208,11,30,4,36.69,0.0,146.76
8792,3208,8,21,2,183.95,0.0,367.9
8793,3209,79,222,1,145.61,0.0,145.61
8794,3209,38,107,1,159.11,0.0,159.11
8795,3209,3,6,1,147.59,0.0,147.59
8796,3210,22,59,2,148.97,0.0,297.94
8797,3210,74,209,1,215.0,0.0,215.0
8798,3210,5,14,4,81.21,0.0,324.84
8799,3211,19,49,1,207.14,0.0,207.14
8800,3211,7,17,2,51.06,0.0,102.12
8801,3212,49,139,1,38.68,0.0,38.68
8802,3213,83,234,4,33.04,0.0,132.16
8803,3213,79,222,1,145.61,0.0,145.61
8804,3213,79,220,4,151.61,0.0,606.44
8805,3213,60,171,1,18.2,0.0,18.2
8806,3214,32,91,3,186.3,0.0,558.9
8807,3214,29,78,1,150.1,0.0,150.1
8808,3214,91,259,2,35.66,0.0,71.32
8809,3215,80,225,3,213.05,0.0,639.15
8810,3215,52,147,2,97.59,0.0,195.18
8811,3215,53,150,2,76.71,0.0,153.42
8812,3216,29,79,1,140.1,0.0,140.1
8813,3216,7,19,2,56.06,0.0,112.12
8814,3217,18,48,1,93.27,0.0,93.27
8815,3218,32,89,1,171.3,0.0,171.3
8816,3218,41,117,1,22.66,0.0,22.66
8817,3218,55,156,2,17.23,0.0,34.46
8818,3218,65,187,2,151.37,0.0,302.74
8819,3218,87,249,2,78.46,0.0,156.92
8820,3218,46,130,1,70.22,0.0,70.22
8821,3219,41,117,4,22.66,0.0,90.64
8822,3219,46,131,5,70.22,0.0,351.1
8823,3220,25,67,2,126.29,0.0,252.58
8824,3220,88,250,1,45.4,0.0,45.4
8825,3221,47,135,1,79.33,0.0,79.33
8826,3222,25,67,1,126.29,0.0,126.29
8827,3222,32,89,2,171.3,0.0,342.6
8828,3222,26,70,3,69.15,0.0,207.45
8829,3222,58,166,1,61.21,0.0,61.21
8830,3223,17,46,5,83.41,0.0,417.05
8831,3223,30,82,2,10.27,0.0,20.54
8832,3224,42,119,3,40.62,0.0,121.86
8833,3224,79,221,4,148.61,0.0,594.44
8834,3225,79,220,1,151.61,0.0,151.61
8835,3225,40,116,1,143.52,0.0,143.52
8836,3226,88,251,1,33.4,0.0,33.4
8837,3226,31,84,5,47.47,0.0,237.35
8838,3226,91,260,1,23.66,0.0,23.66
8839,3226,52,146,1,65.59,0.0,65.59
8840,3227,15,40,1,176.21,0.0,176.21
8841,3227,42,120,1,72.62,0.0,72.62
8842,3228,36,104,1,15.53,0.0,15.53
8843,3229,59,168,3,55.83,0.0,167.49
8844,3230,59,167,2,55.83,0.0,111.66
8845,3230,1,2,1,188.05,0.0,188.05
8846,3231,3,5,1,132.59,0.0,132.59
8847,3231,84,236,1,50.36,0.0,50.36
8848,3231,67,192,1,77.05,0.0,77.05
8849,3231,16,43,1,136.76,0.0,136.76
8850,3231,15,39,1,161.21,0.0,161.21
8851,3232,39,111,2,68.78,0.0,137.56
8852,3232,41,118,2,40.66,0.0,81.32
8853,3232,25,67,2,126.29,0.0,252.58
8854,3232,53,151,1,44.71,0.0,44.71
8855,3232,67,192,5,77.05,0.0,385.25
8856,3232,63,182,2,65.54,0.0,131.08
8857,3233,57,164,3,26.38,0.0,79.14
8858,3233,16,44,4,121.76,0.0,487.04
8859,3233,49,139,3,38.68,0.0,116.04
8860,3234,23,61,3,38.88,0.0,116.64
8861,3234,18,47,1,98.27,0.0,98.27
8862,3234,89,253,5,73.85,0.0,369.25
8863,3235,71,201,2,15.78,0.0,31.56
8864,3235,71,203,2,18.78,0.0,37.56
8865,3235,87,247,2,64.46,0.0,128.92
8866,3235,100,287,3,44.34,0.0,133.02
8867,3235,80,223,3,216.05,0.0,648.15
8868,3235,71,203,2,18.78,0.0,37.56
8869,3236,8,20,5,193.95,0.0,969.75
8870,3236,80,225,5,213.05,0.0,1065.25
8871,3236,33,95,3,56.53,0.0,169.59
8872,3236,46,132,2,102.22,0.0,204.44
8873,3236,30,83,3,15.27,0.0,45.81
8874,3236,47,135,4,79.33,0.0,317.32
8875,3237,11,30,4,36.69,0.0,146.76
8876,3237,61,176,1,66.85,0.0,66.85
8877,3237,23,62,1,48.88,0.0,48.88
8878,3237,7,17,5,51.06,0.0,255.3
8879,3237,95,273,2,21.88,0.0,43.76
8880,3238,76,215,1,63.03,0.0,63.03
8881,3238,24,65,1,107.11,0.0,107.11
8882,3239,2,3,1,81.92,0.0,81.92
8883,3239,84,236,3,50.36,0.0,151.08
8884,3239,62,178,2,150.25,0.0,300.5
8885,3239,47,134,1,97.33,0.0,97.33
8886,3240,26,70,4,69.15,0.0,276.6
8887,3240,6,15,1,111.76,0.0,111.76
8888,3241,56,161,2,40.28,0.0,80.56
8889,3242,72,205,2,153.23,0.0,306.46
8890,3242,55,155,2,49.23,0.0,98.46
8891,3242,38,109,2,164.11,0.0,328.22
8892,3243,85,241,1,6.14,0.0,6.14
8893,3243,100,285,2,42.34,0.0,84.68
8894,3244,32,90,2,176.3,0.0,352.6
8895,3244,43,122,2,12.67,0.0,25.34
8896,3244,7,19,1,56.06,0.0,56.06
8897,3244,9,24,3,56.83,0.0,170.49
8898,3244,18,48,1,93.27,0.0,93.27
8899,3245,48,137,5,45.39,0.0,226.95
8900,3245,50,141,2,97.34,0.0,194.68
8901,3245,56,158,1,72.28,0.0,72.28
8902,3245,75,211,1,47.67,0.0,47.67
8903,3246,94,271,1,24.87,0.0,24.87
8904,3246,58,166,1,61.21,0.0,61.21
8905,3247,93,269,2,41.84,0.0,83.68
8906,3247,81,228,1,63.08,0.0,63.08
8907,3248,52,146,2,65.59,0.0,131.18
8908,3248,5,11,3,86.21,0.0,258.63
8909,3249,96,278,1,80.44,0.0,80.44
8910,3249,27,73,1,7.55,0.0,7.55
8911,3249,92,265,1,74.75,0.0,74.75
8912,3250,27,73,1,7.55,0.0,7.55
8913,3250,24,65,1,107.11,0.0,107.11
8914,3251,84,237,2,38.36,0.0,76.72
8915,3251,4,8,4,89.33,0.0,357.32
8916,3252,94,271,1,24.87,0.0,24.87
8917,3252,5,13,1,96.21,0.0,96.21
8918,3253,73,206,4,195.67,0.0,782.68
8919,3253,45,129,1,47.45,0.0,47.45
8920,3253,48,137,5,45.39,0.0,226.95
8921,3253,3,5,4,132.59,0.0,530.36
8922,3253,15,39,3,161.21,0.0,483.63
8923,3254,5,13,1,96.21,0.0,96.21
8924,3254,9,22,2,56.83,0.0,113.66
8925,3254,57,162,1,44.38,0.0,44.38
8926,3255,52,146,3,65.59,0.0,196.77
8927,3255,46,131,2,70.22,0.0,140.44
8928,3256,76,214,2,66.03,0.0,132.06
8929,3257,42,120,2,72.62,0.0,145.24
8930,3257,16,43,1,136.76,0.0,136.76
8931,3257,26,68,2,69.15,0.0,138.3
8932,3258,28,76,2,158.25,0.0,316.5
8933,3258,97,280,3,39.57,0.0,118.71
8934,3259,19,50,2,192.14,0.0,384.28
8935,3259,6,15,1,111.76,0.0,111.76
8936,3260,23,61,2,38.88,0.0,77.76
8937,3260,31,87,4,62.47,0.0,249.88
8938,3260,36,101,1,15.53,0.0,15.53
8939,3260,53,151,2,44.71,0.0,89.42
8940,3261,7,19,2,56.06,0.0,112.12
8941,3261,2,3,5,81.92,0.0,409.6
8942,3262,26,68,2,69.15,0.0,138.3
8943,3263,52,146,4,65.59,0.0,262.36
8944,3264,24,65,4,107.11,0.0,428.44
8945,3264,86,245,1,85.71,0.0,85.71
8946,3264,53,149,2,44.71,0.0,89.42
8947,3264,63,182,3,65.54,0.0,196.62
8948,3264,49,139,1,38.68,0.0,38.68
8949,3265,64,183,2,72.17,0.0,144.34
8950,3265,82,231,1,21.0,0.0,21.0
8951,3265,59,170,2,73.83,0.0,147.66
8952,3265,49,138,3,20.68,0.0,62.04
8953,3265,17,45,2,88.41,0.0,176.82
8954,3266,6,15,2,111.76,0.0,223.52
8955,3266,79,222,2,145.61,0.0,291.22
8956,3266,62,179,3,147.25,0.0,441.75
8957,3266,28,74,1,158.25,0.0,158.25
8958,3266,56,158,1,72.28,0.0,72.28
8959,3267,20,55,1,60.61,0.0,60.61
8960,3267,30,82,1,10.27,0.0,10.27
8961,3267,12,32,1,243.11,0.0,243.11
8962,3267,31,87,1,62.47,0.0,62.47
8963,3267,3,6,2,147.59,0.0,295.18
8964,3268,26,69,4,64.15,0.0,256.6
8965,3268,5,13,1,96.21,0.0,96.21
8966,3268,30,82,2,10.27,0.0,20.54
8967,3269,86,244,1,83.71,0.0,83.71
8968,3269,43,124,1,44.67,0.0,44.67
8969,3270,10,26,2,251.5,0.0,503.0
8970,3271,27,72,4,22.55,0.0,90.2
8971,3271,65,187,3,151.37,0.0,454.11
8972,3272,79,222,1,145.61,0.0,145.61
8973,3272,63,182,5,65.54,0.0,327.7
8974,3272,41,118,3,40.66,0.0,121.98
8975,3272,59,169,3,87.83,0.0,263.49
8976,3272,46,133,2,88.22,0.0,176.44
8977,3273,27,72,4,22.55,0.0,90.2
8978,3274,45,129,1,47.45,0.0,47.45
8979,3274,63,182,3,65.54,0.0,196.62
8980,3274,6,15,3,111.76,0.0,335.28
8981,3274,75,211,2,47.67,0.0,95.34
8982,3274,60,173,4,36.2,0.0,144.8
8983,3275,86,244,1,83.71,0.0,83.71
8984,3275,80,224,1,213.05,0.0,213.05
8985,3275,53,151,1,44.71,0.0,44.71
8986,3275,44,125,1,40.65,0.0,40.65
8987,3276,36,103,1,10.53,0.0,10.53
8988,3276,21,57,3,67.82,0.0,203.46
8989,3276,5,12,2,81.21,0.0,162.42
8990,3277,30,82,2,10.27,0.0,20.54
8991,3277,4,10,2,84.33,0.0,168.66
8992,3278,78,218,2,83.43,0.0,166.86
8993,3278,55,155,2,49.23,0.0,98.46
8994,3278,7,19,1,56.06,0.0,56.06
8995,3278,27,71,2,12.55,0.0,25.1
8996,3279,1,2,1,188.05,0.0,188.05
8997,3280,14,36,2,78.42,0.0,156.84
8998,3280,32,90,2,176.3,0.0,352.6
8999,3280,39,112,1,53.78,0.0,53.78
9000,3280,24,63,1,122.11,0.0,122.11
9001,3280,46,131,3,70.22,0.0,210.66
9002,3281,19,49,5,207.14,0.0,1035.7
9003,3281,33,93,1,51.53,0.0,51.53
9004,3282,77,217,3,190.3,0.0,570.9
9005,3283,55,156,2,17.23,0.0,34.46
9006,3284,85,243,1,6.14,0.0,6.14
9007,3284,91,258,2,21.66,0.0,43.32
9008,3285,59,167,1,55.83,0.0,55.83
9009,3286,46,132,2,102.22,0.0,204.44
9010,3287,73,207,1,192.67,0.0,192.67
9011,3287,73,208,2,198.67,0.0,397.34
9012,3287,31,86,3,52.47,0.0,157.41
9013,3288,34,96,5,79.03,0.0,395.15
9014,3289,16,44,3,121.76,0.0,365.28
9015,3289,52,146,5,65.59,0.0,327.95
9016,3290,78,219,5,80.43,0.0,402.15
9017,3290,90,256,1,38.11,0.0,38.11
9018,3290,37,106,5,18.93,0.0,94.65
9019,3290,96,278,2,80.44,0.0,160.88
9020,3290,24,63,1,122.11,0.0,122.11
9021,3291,5,14,3,81.21,0.0,243.63
9022,3292,54,153,5,13.28,0.0,66.4
9023,3292,71,202,1,18.78,0.0,18.78
9024,3292,79,220,1,151.61,0.0,151.61
9025,3292,55,154,1,35.23,0.0,35.23
9026,3292,44,125,3,40.65,0.0,121.95
9027,3293,13,35,1,145.62,0.0,145.62
9028,3294,27,72,1,22.55,0.0,22.55
9029,3295,76,214,2,66.03,0.0,132.06
9030,3295,14,37,2,83.42,0.0,166.84
9031,3296,55,156,3,17.23,0.0,51.69
9032,3296,66,190,1,29.38,0.0,29.38
9033,3297,78,219,4,80.43,0.0,321.72
9034,3297,63,181,1,65.54,0.0,65.54
9035,3298,63,181,2,65.54,0.0,131.08
9036,3298,10,27,5,236.5,0.0,1182.5
9037,3299,54,153,5,13.28,0.0,66.4
9038,3299,5,11,1,86.21,0.0,86.21
9039,3299,10,27,1,236.5,0.0,236.5
9040,3299,12,32,2,243.11,0.0,486.22
9041,3299,87,249,2,78.46,0.0,156.92
9042,3300,19,51,3,192.14,0.0,576.42
9043,3300,7,17,4,51.06,0.0,204.24
9044,3300,17,46,1,83.41,0.0,83.41
9045,3301,45,128,2,29.45,0.0,58.9
9046,3301,27,73,1,7.55,0.0,7.55
9047,3302,38,107,1,159.11,0.0,159.11
9048,3302,35,99,1,27.33,0.0,27.33
9049,3303,67,192,1,77.05,0.0,77.05
9050,3303,13,34,1,155.62,0.0,155.62
9051,3304,10,27,2,236.5,0.0,473.0
9052,3304,3,5,1,132.59,0.0,132.59
9053,3304,47,135,2,79.33,0.0,158.66
9054,3304,59,167,1,55.83,0.0,55.83
9055,3304,17,46,1,83.41,0.0,83.41
9056,3305,2,4,3,86.92,0.0,260.76
9057,3305,4,9,2,99.33,0.0,198.66
9058,3306,99,284,2,49.51,13.86,71.3
9059,3306,91,259,2,35.66,9.98,51.36
9060,3306,3,6,1,147.59,41.33,106.26
9061,3306,20,55,1,60.61,16.97,43.64
9062,3307,30,83,2,15.27,4.28,21.98
9063,3307,86,244,4,83.71,23.44,241.08
9064,3307,68,194,4,168.66,47.22,485.76
9065,3308,3,6,1,147.59,0.0,147.59
9066,3308,30,83,3,15.27,0.0,45.81
9067,3309,26,68,1,69.15,0.0,69.15
9068,3309,84,236,1,50.36,0.0,50.36
9069,3310,28,76,1,158.25,0.0,158.25
9070,3310,64,184,2,66.17,0.0,132.34
9071,3310,8,21,3,183.95,0.0,551.85
9072,3310,19,50,3,192.14,0.0,576.42
9073,3311,3,6,3,147.59,0.0,442.77
9074,3311,17,45,1,88.41,0.0,88.41
9075,3312,4,7,2,84.33,23.61,121.44
9076,3313,40,115,3,133.52,0.0,400.56
9077,3313,60,171,2,18.2,0.0,36.4
9078,3313,53,150,1,76.71,0.0,76.71
9079,3314,18,48,1,93.27,0.0,93.27
9080,3314,19,50,5,192.14,0.0,960.7
9081,3315,96,278,1,80.44,0.0,80.44
9082,3316,9,22,2,56.83,0.0,113.66
9083,3316,65,186,1,154.37,0.0,154.37
9084,3316,21,57,2,67.82,0.0,135.64
9085,3316,70,200,1,129.33,0.0,129.33
9086,3316,57,162,1,44.38,0.0,44.38
9087,3317,33,92,4,56.53,15.83,162.8
9088,3317,78,218,2,83.43,23.36,120.14
9089,3318,25,66,2,136.29,38.16,196.26
9090,3318,97,279,4,39.57,11.08,113.96
9091,3318,43,124,1,44.67,12.51,32.16
9092,3319,60,173,5,36.2,10.14,130.3
9093,3319,60,172,2,18.2,5.1,26.2
9094,3319,2,4,4,86.92,24.34,250.32
9095,3319,63,181,2,65.54,18.35,94.38
9096,3319,26,68,5,69.15,19.36,248.95
9097,3319,47,135,2,79.33,22.21,114.24
9098,3320,45,128,1,29.45,8.25,21.2
9099,3320,2,3,1,81.92,22.94,58.98
9100,3321,10,27,1,236.5,66.22,170.28
9101,3321,78,218,1,83.43,23.36,60.07
9102,3321,15,39,1,161.21,45.14,116.07
9103,3322,55,156,1,17.23,4.82,12.41
9104,3323,60,171,2,18.2,0.0,36.4
9105,3323,36,102,4,25.53,0.0,102.12
9106,3324,32,90,4,176.3,0.0,705.2
9107,3324,64,183,2,72.17,0.0,144.34
9108,3325,76,214,4,66.03,0.0,264.12
9109,3326,21,57,1,67.82,0.0,67.82
9110,3326,3,5,1,132.59,0.0,132.59
9111,3326,56,160,3,40.28,0.0,120.84
9112,3326,70,200,3,129.33,0.0,387.99
9113,3327,36,102,1,25.53,7.15,18.38
9114,3327,43,123,2,12.67,3.55,18.24
9115,3327,83,233,2,35.04,9.81,50.46
9116,3327,2,3,2,81.92,22.94,117.96
9117,3327,30,81,2,25.27,7.08,36.38
9118,3328,9,23,1,61.83,17.31,44.52
9119,3328,2,3,1,81.92,22.94,58.98
9120,3328,35,99,1,27.33,7.65,19.68
9121,3328,87,249,5,78.46,21.97,282.45
9122,3328,74,210,2,212.0,59.36,305.28
9123,3329,39,110,1,58.78,0.0,58.78
9124,3330,28,75,2,153.25,42.91,220.68
9125,3331,78,219,2,80.43,22.52,115.82
9126,3331,89,253,1,73.85,20.68,53.17
9127,3331,12,31,2,258.11,72.27,371.68
9128,3331,2,4,1,86.92,24.34,62.58
9129,3331,47,135,3,79.33,22.21,171.36
9130,3332,14,37,2,83.42,0.0,166.84
9131,3332,18,47,1,98.27,0.0,98.27
9132,3333,18,47,2,98.27,27.52,141.5
9133,3333,4,10,1,84.33,23.61,60.72
9134,3333,27,71,5,12.55,3.51,45.2
9135,3333,18,47,5,98.27,27.52,353.75
9136,3334,74,209,1,215.0,0.0,215.0
9137,3334,40,115,1,133.52,0.0,133.52
9138,3334,93,269,2,41.84,0.0,83.68
9139,3334,100,286,2,56.34,0.0,112.68
9140,3335,26,69,1,64.15,0.0,64.15
9141,3335,83,235,2,35.04,0.0,70.08
9142,3335,2,3,1,81.92,0.0,81.92
9143,3336,16,42,3,126.76,0.0,380.28
9144,3337,19,51,1,192.14,0.0,192.14
9145,3337,38,109,3,164.11,0.0,492.33
9146,3338,36,104,4,15.53,0.0,62.12
9147,3338,5,13,2,96.21,0.0,192.42
9148,3339,83,234,1,33.04,9.25,23.79
9149,3339,59,167,1,55.83,15.63,40.2
9150,3340,35,99,1,27.33,7.65,19.68
9151,3341,43,124,1,44.67,0.0,44.67
9152,3341,9,23,2,61.83,0.0,123.66
9153,3342,65,185,5,154.37,0.0,771.85
9154,3342,82,232,2,33.0,0.0,66.0
9155,3343,43,122,2,12.67,0.0,25.34
9156,3343,18,48,2,93.27,0.0,186.54
9157,3343,8,20,1,193.95,0.0,193.95
9158,3344,33,93,1,51.53,0.0,51.53
9159,3344,15,39,1,161.21,0.0,161.21
9160,3344,92,263,1,60.75,0.0,60.75
9161,3345,34,98,2,79.03,0.0,158.06
9162,3345,89,253,1,73.85,0.0,73.85
9163,3345,64,184,2,66.17,0.0,132.34
9164,3346,23,61,1,38.88,0.0,38.88
9165,3346,71,203,1,18.78,0.0,18.78
9166,3347,44,126,4,22.65,0.0,90.6
9167,3347,8,20,3,193.95,0.0,581.85
9168,3348,44,127,1,22.65,0.0,22.65
9169,3348,38,109,2,164.11,0.0,328.22
9170,3349,11,29,4,41.69,0.0,166.76
9171,3349,3,5,2,132.59,0.0,265.18
9172,3350,85,242,5,4.99,0.0,24.95
9173,3350,43,123,1,12.67,0.0,12.67
9174,3350,94,271,1,24.87,0.0,24.87
9175,3350,44,125,1,40.65,0.0,40.65
9176,3350,83,235,2,35.04,0.0,70.08
9177,3351,16,43,1,136.76,0.0,136.76
9178,3351,11,30,3,36.69,0.0,110.07
9179,3351,98,282,2,69.39,0.0,138.78
9180,3351,79,221,1,148.61,0.0,148.61
9181,3351,97,280,1,39.57,0.0,39.57
9182,3352,100,287,3,44.34,0.0,133.02
9183,3352,36,104,1,15.53,0.0,15.53
9184,3352,25,66,2,136.29,0.0,272.58
9185,3352,16,42,2,126.76,0.0,253.52
9186,3352,43,122,1,12.67,0.0,12.67
9187,3352,42,119,1,40.62,0.0,40.62
9188,3353,65,185,3,154.37,0.0,463.11
9189,3353,60,173,1,36.2,0.0,36.2
9190,3353,51,145,2,51.92,0.0,103.84
9191,3354,93,269,2,41.84,0.0,83.68
9192,3354,95,274,2,7.88,0.0,15.76
9193,3354,65,187,1,151.37,0.0,151.37
9194,3354,78,218,1,83.43,0.0,83.43
9195,3354,68,193,1,165.66,0.0,165.66
9196,3355,73,207,1,192.67,0.0,192.67
9197,3356,4,8,3,89.33,0.0,267.99
9198,3357,58,165,5,43.21,0.0,216.05
9199,3357,3,5,2,132.59,0.0,265.18
9200,3358,54,152,5,31.28,0.0,156.4
9201,3358,7,19,2,56.06,0.0,112.12
9202,3358,10,25,2,241.5,0.0,483.0
9203,3359,96,278,2,80.44,0.0,160.88
9204,3359,25,67,2,126.29,0.0,252.58
9205,3360,100,287,1,44.34,0.0,44.34
9206,3360,22,58,1,138.97,0.0,138.97
9207,3360,79,221,1,148.61,0.0,148.61
9208,3360,42,121,2,40.62,0.0,81.24
9209,3360,48,136,2,45.39,0.0,90.78
9210,3361,4,9,3,99.33,0.0,297.99
9211,3361,47,134,1,97.33,0.0,97.33
9212,3361,10,27,5,236.5,0.0,1182.5
9213,3362,24,64,1,112.11,0.0,112.11
9214,3362,86,246,3,85.71,0.0,257.13
9215,3362,39,111,2,68.78,0.0,137.56
9216,3363,58,166,3,61.21,0.0,183.63
9217,3363,4,8,2,89.33,0.0,178.66
9218,3363,76,215,1,63.03,0.0,63.03
9219,3363,24,63,2,122.11,0.0,244.22
9220,3363,81,228,1,63.08,0.0,63.08
9221,3363,6,16,1,126.76,0.0,126.76
9222,3364,83,235,2,35.04,0.0,70.08
9223,3364,4,7,3,84.33,0.0,252.99
9224,3364,22,59,2,148.97,0.0,297.94
9225,3364,15,40,3,176.21,0.0,528.63
9226,3365,79,221,2,148.61,0.0,297.22
9227,3365,7,19,3,56.06,0.0,168.18
9228,3366,5,14,2,81.21,0.0,162.42
9229,3366,54,152,2,31.28,0.0,62.56
9230,3366,54,152,2,31.28,0.0,62.56
9231,3367,46,133,2,88.22,0.0,176.44
9232,3367,17,45,1,88.41,0.0,88.41
9233,3367,22,59,5,148.97,0.0,744.85
9234,3368,95,273,1,21.88,0.0,21.88
9235,3368,99,283,1,61.51,0.0,61.51
9236,3369,100,286,3,56.34,0.0,169.02
9237,3370,7,17,2,51.06,0.0,102.12
9238,3370,37,106,2,18.93,0.0,37.86
9239,3371,38,108,1,174.11,0.0,174.11
9240,3371,17,45,1,88.41,0.0,88.41
9241,3372,56,160,3,40.28,0.0,120.84
9242,3372,34,97,2,89.03,0.0,178.06
9243,3373,42,121,2,40.62,0.0,81.24
9244,3373,98,282,1,69.39,0.0,69.39
9245,3373,35,100,2,32.33,0.0,64.66
9246,3374,70,199,1,132.33,0.0,132.33
9247,3374,54,152,3,31.28,0.0,93.84
9248,3374,21,57,1,67.82,0.0,67.82
9249,3374,48,137,2,45.39,0.0,90.78
9250,3374,60,171,2,18.2,0.0,36.4
9251,3375,56,158,3,72.28,0.0,216.84
9252,3376,18,47,1,98.27,0.0,98.27
9253,3376,31,86,1,52.47,0.0,52.47
9254,3376,4,10,4,84.33,0.0,337.32
9255,3376,53,149,1,44.71,0.0,44.71
9256,3376,67,191,1,83.05,0.0,83.05
9257,3376,93,268,1,29.84,0.0,29.84
9258,3377,10,27,1,236.5,0.0,236.5
9259,3377,40,115,1,133.52,0.0,133.52
9260,3378,4,9,1,99.33,0.0,99.33
9261,3378,11,30,3,36.69,0.0,110.07
9262,3378,97,280,2,39.57,0.0,79.14
9263,3378,42,121,1,40.62,0.0,40.62
9264,3379,81,227,2,63.08,0.0,126.16
9265,3379,43,122,1,12.67,0.0,12.67
9266,3379,37,105,4,23.93,0.0,95.72
9267,3379,90,257,3,52.11,0.0,156.33
9268,3379,50,140,3,111.34,0.0,334.02
9269,3380,75,212,1,50.67,0.0,50.67
9270,3380,38,108,2,174.11,0.0,348.22
9271,3380,56,161,1,40.28,0.0,40.28
9272,3380,8,21,3,183.95,0.0,551.85
9273,3381,22,59,4,148.97,0.0,595.88
9274,3381,2,4,2,86.92,0.0,173.84
9275,3381,76,214,2,66.03,0.0,132.06
9276,3381,7,19,3,56.06,0.0,168.18
9277,3381,14,36,3,78.42,0.0,235.26
9278,3382,79,222,1,145.61,0.0,145.61
9279,3382,44,126,3,22.65,0.0,67.95
9280,3383,63,182,3,65.54,0.0,196.62
9281,3383,63,182,2,65.54,0.0,131.08
9282,3383,9,23,4,61.83,0.0,247.32
9283,3383,31,86,4,52.47,0.0,209.88
9284,3384,70,199,1,132.33,0.0,132.33
9285,3384,70,199,1,132.33,0.0,132.33
9286,3385,56,159,1,58.28,0.0,58.28
9287,3385,33,93,1,51.53,0.0,51.53
9288,3386,55,154,1,35.23,0.0,35.23
9289,3387,4,10,1,84.33,0.0,84.33
9290,3387,36,102,3,25.53,0.0,76.59
9291,3387,38,108,1,174.11,0.0,174.11
9292,3387,27,73,2,7.55,0.0,15.1
9293,3387,85,242,1,4.99,0.0,4.99
9294,3388,35,99,1,27.33,0.0,27.33
9295,3388,38,109,1,164.11,0.0,164.11
9296,3388,48,136,1,45.39,0.0,45.39
9297,3388,78,218,2,83.43,0.0,166.86
9298,3389,81,227,1,63.08,0.0,63.08
9299,3389,9,23,3,61.83,0.0,185.49
9300,3389,70,199,2,132.33,0.0,264.66
9301,3389,73,207,2,192.67,0.0,385.34
9302,3389,51,145,1,51.92,0.0,51.92
9303,3390,25,67,1,126.29,0.0,126.29
9304,3390,95,272,3,9.88,0.0,29.64
9305,3390,13,33,4,140.62,0.0,562.48
9306,3391,36,102,4,25.53,0.0,102.12
9307,3391,94,270,1,36.87,0.0,36.87
9308,3392,8,20,1,193.95,0.0,193.95
9309,3392,76,215,3,63.03,0.0,189.09
9310,3392,87,248,2,66.46,0.0,132.92
9311,3392,59,167,3,55.83,0.0,167.49
9312,3393,87,247,1,64.46,0.0,64.46
9313,3393,10,27,1,236.5,0.0,236.5
9314,3393,86,246,2,85.71,0.0,171.42
9315,3393,11,29,1,41.69,0.0,41.69
9316,3394,90,256,3,38.11,0.0,114.33
9317,3394,74,210,1,212.0,0.0,212.0
9318,3394,34,98,2,79.03,0.0,158.06
9319,3394,97,279,2,39.57,0.0,79.14
9320,3395,34,97,1,89.03,0.0,89.03
9321,3395,42,119,1,40.62,0.0,40.62
9322,3396,16,44,3,121.76,0.0,365.28
9323,3397,45,129,2,47.45,0.0,94.9
9324,3397,78,218,4,83.43,0.0,333.72
9325,3397,85,240,1,18.14,0.0,18.14
9326,3398,58,165,1,43.21,0.0,43.21
9327,3398,88,251,1,33.4,0.0,33.4
9328,3399,26,69,1,64.15,0.0,64.15
9329,3399,88,251,3,33.4,0.0,100.2
9330,3399,98,282,4,69.39,0.0,277.56
9331,3400,21,57,1,67.82,0.0,67.82
9332,3400,56,160,5,40.28,0.0,201.4
9333,3400,26,69,2,64.15,0.0,128.3
9334,3400,29,77,1,135.1,0.0,135.1
9335,3401,87,249,2,78.46,0.0,156.92
9336,3401,17,45,1,88.41,0.0,88.41
9337,3402,6,15,5,111.76,0.0,558.8
9338,3402,77,217,5,190.3,0.0,951.5
9339,3402,33,95,5,56.53,0.0,282.65
9340,3402,16,43,3,136.76,0.0,410.28
9341,3403,48,136,1,45.39,0.0,45.39
9342,3404,37,105,1,23.93,0.0,23.93
9343,3405,34,98,3,79.03,0.0,237.09
9344,3406,69,198,4,25.8,0.0,103.2
9345,3406,75,213,2,44.67,0.0,89.34
9346,3406,1,1,4,193.05,0.0,772.2
9347,3406,33,92,2,56.53,0.0,113.06
9348,3406,54,152,5,31.28,0.0,156.4
9349,3407,96,277,4,80.44,0.0,321.76
9350,3407,22,59,1,148.97,0.0,148.97
9351,3407,92,262,2,62.75,0.0,125.5
9352,3407,54,152,1,31.28,0.0,31.28
9353,3408,53,150,1,76.71,0.0,76.71
9354,3408,95,273,2,21.88,0.0,43.76
9355,3409,62,179,2,147.25,0.0,294.5
9356,3409,1,2,3,188.05,0.0,564.15
9357,3409,63,182,2,65.54,0.0,131.08
9358,3410,18,47,2,98.27,0.0,196.54
9359,3411,26,70,1,69.15,0.0,69.15
9360,3412,69,197,3,22.8,0.0,68.4
9361,3412,62,177,1,153.25,0.0,153.25
9362,3412,9,23,4,61.83,0.0,247.32
9363,3412,82,232,1,33.0,0.0,33.0
9364,3413,59,169,5,87.83,0.0,439.15
9365,3413,53,150,1,76.71,0.0,76.71
9366,3414,59,167,1,55.83,0.0,55.83
9367,3414,77,217,2,190.3,0.0,380.6
9368,3415,12,32,1,243.11,0.0,243.11
9369,3415,47,134,5,97.33,0.0,486.65
9370,3415,98,281,3,83.39,0.0,250.17
9371,3415,31,86,2,52.47,0.0,104.94
9372,3416,79,222,1,145.61,0.0,145.61
9373,3416,47,135,1,79.33,0.0,79.33
9374,3417,69,198,2,25.8,0.0,51.6
9375,3417,40,115,1,133.52,0.0,133.52
9376,3417,28,74,1,158.25,0.0,158.25
9377,3418,57,162,1,44.38,0.0,44.38
9378,3419,28,75,5,153.25,0.0,766.25
9379,3419,75,213,1,44.67,0.0,44.67
9380,3420,92,262,4,62.75,0.0,251.0
9381,3420,57,163,1,58.38,0.0,58.38
9382,3421,88,252,1,33.4,0.0,33.4
9383,3421,58,166,1,61.21,0.0,61.21
9384,3422,78,218,2,83.43,0.0,166.86
9385,3422,71,201,1,15.78,0.0,15.78
9386,3423,70,200,1,129.33,0.0,129.33
9387,3423,84,238,1,38.36,0.0,38.36
9388,3423,71,203,5,18.78,0.0,93.9
9389,3423,41,117,3,22.66,0.0,67.98
9390,3423,4,10,3,84.33,0.0,252.99
9391,3424,96,277,2,80.44,0.0,160.88
9392,3424,79,222,1,145.61,0.0,145.61
9393,3424,71,202,1,18.78,0.0,18.78
9394,3424,48,136,1,45.39,0.0,45.39
9395,3424,61,176,2,66.85,0.0,133.7
9396,3425,75,212,1,50.67,0.0,50.67
9397,3425,44,125,4,40.65,0.0,162.6
9398,3426,54,152,3,31.28,0.0,93.84
9399,3426,42,119,1,40.62,0.0,40.62
9400,3426,10,26,1,251.5,0.0,251.5
9401,3427,58,165,1,43.21,0.0,43.21
9402,3428,52,146,3,65.59,0.0,196.77
9403,3428,9,23,2,61.83,0.0,123.66
9404,3429,49,138,1,20.68,0.0,20.68
9405,3429,52,147,3,97.59,0.0,292.77
9406,3429,43,124,3,44.67,0.0,134.01
9407,3430,95,274,1,7.88,0.0,7.88
9408,3431,76,214,2,66.03,0.0,132.06
9409,3432,44,127,1,22.65,0.0,22.65
9410,3433,22,59,4,148.97,0.0,595.88
9411,3434,88,250,1,45.4,0.0,45.4
9412,3434,16,42,2,126.76,0.0,253.52
9413,3435,57,164,2,26.38,0.0,52.76
9414,3436,78,218,2,83.43,0.0,166.86
9415,3436,4,10,1,84.33,0.0,84.33
9416,3437,31,86,1,52.47,0.0,52.47
9417,3438,31,86,1,52.47,0.0,52.47
9418,3438,16,44,3,121.76,0.0,365.28
9419,3438,29,79,2,140.1,0.0,280.2
9420,3438,8,20,4,193.95,0.0,775.8
9421,3438,10,27,2,236.5,0.0,473.0
9422,3438,45,129,1,47.45,0.0,47.45
9423,3439,55,157,1,17.23,0.0,17.23
9424,3439,45,129,1,47.45,0.0,47.45
9425,3440,71,203,3,18.78,0.0,56.34
9426,3441,100,287,2,44.34,0.0,88.68
9427,3441,86,244,3,83.71,0.0,251.13
9428,3441,14,38,1,93.42,0.0,93.42
9429,3442,44,125,1,40.65,0.0,40.65
9430,3442,16,43,1,136.76,0.0,136.76
9431,3443,64,183,2,72.17,0.0,144.34
9432,3444,62,179,1,147.25,0.0,147.25
9433,3445,77,216,3,190.3,0.0,570.9
9434,3445,87,249,3,78.46,0.0,235.38
9435,3445,31,87,3,62.47,0.0,187.41
9436,3445,37,106,4,18.93,0.0,75.72
9437,3446,18,48,2,93.27,0.0,186.54
9438,3446,63,182,1,65.54,0.0,65.54
9439,3446,84,236,1,50.36,0.0,50.36
9440,3447,77,217,2,190.3,0.0,380.6
9441,3448,59,169,1,87.83,0.0,87.83
9442,3448,1,2,3,188.05,0.0,564.15
9443,3448,94,271,2,24.87,0.0,49.74
9444,3448,50,142,4,79.34,0.0,317.36
9445,3448,24,65,1,107.11,0.0,107.11
9446,3449,9,23,1,61.83,0.0,61.83
9447,3449,48,136,2,45.39,0.0,90.78
9448,3450,63,182,2,65.54,0.0,131.08
9449,3450,36,103,2,10.53,0.0,21.06
9450,3451,18,48,4,93.27,0.0,373.08
9451,3452,58,165,2,43.21,0.0,86.42
9452,3452,22,59,2,148.97,0.0,297.94
9453,3452,64,184,2,66.17,0.0,132.34
9454,3453,20,53,4,75.61,0.0,302.44
9455,3453,73,208,2,198.67,0.0,397.34
9456,3453,68,193,1,165.66,0.0,165.66
9457,3453,94,270,4,36.87,0.0,147.48
9458,3453,13,34,2,155.62,0.0,311.24
9459,3454,3,6,1,147.59,0.0,147.59
9460,3455,58,166,2,61.21,0.0,122.42
9461,3455,25,67,1,126.29,0.0,126.29
9462,3456,36,103,2,10.53,0.0,21.06
9463,3457,90,256,1,38.11,0.0,38.11
9464,3457,10,27,3,236.5,0.0,709.5
9465,3457,60,171,1,18.2,0.0,18.2
9466,3458,44,127,1,22.65,0.0,22.65
9467,3459,64,184,4,66.17,0.0,264.68
9468,3459,14,38,1,93.42,0.0,93.42
9469,3460,58,166,5,61.21,0.0,306.05
9470,3460,6,16,2,126.76,0.0,253.52
9471,3460,23,61,3,38.88,0.0,116.64
9472,3460,45,128,3,29.45,0.0,88.35
9473,3460,52,147,1,97.59,0.0,97.59
9474,3460,13,33,4,140.62,0.0,562.48
9475,3461,21,56,4,72.82,0.0,291.28
9476,3462,98,281,3,83.39,0.0,250.17
9477,3462,56,158,1,72.28,0.0,72.28
9478,3462,37,106,2,18.93,0.0,37.86
9479,3463,53,149,1,44.71,0.0,44.71
9480,3464,82,232,1,33.0,0.0,33.0
9481,3464,15,40,2,176.21,0.0,352.42
9482,3464,49,139,1,38.68,0.0,38.68
9483,3464,63,182,2,65.54,0.0,131.08
9484,3464,2,3,1,81.92,0.0,81.92
9485,3465,18,48,5,93.27,0.0,466.35
9486,3465,5,14,2,81.21,0.0,162.42
9487,3465,60,171,2,18.2,0.0,36.4
9488,3465,24,64,2,112.11,0.0,224.22
9489,3465,49,138,1,20.68,0.0,20.68
9490,3466,53,149,3,44.71,0.0,134.13
9491,3466,66,189,1,26.38,0.0,26.38
9492,3466,60,172,1,18.2,0.0,18.2
9493,3466,63,182,1,65.54,0.0,65.54
9494,3466,99,283,1,61.51,0.0,61.51
9495,3466,81,226,1,61.08,0.0,61.08
9496,3467,73,206,1,195.67,0.0,195.67
9497,3467,67,192,1,77.05,0.0,77.05
9498,3468,99,284,3,49.51,0.0,148.53
9499,3468,93,269,1,41.84,0.0,41.84
9500,3468,14,38,4,93.42,0.0,373.68
9501,3468,47,135,1,79.33,0.0,79.33
9502,3469,27,71,3,12.55,0.0,37.65
9503,3469,6,16,4,126.76,0.0,507.04
9504,3470,1,2,1,188.05,0.0,188.05
9505,3470,73,207,1,192.67,0.0,192.67
9506,3470,13,35,4,145.62,0.0,582.48
9507,3470,15,39,1,161.21,0.0,161.21
9508,3471,92,263,2,60.75,0.0,121.5
9509,3472,20,53,1,75.61,0.0,75.61
9510,3472,70,200,1,129.33,0.0,129.33
9511,3472,39,110,2,58.78,0.0,117.56
9512,3473,2,4,2,86.92,0.0,173.84
9513,3474,93,266,5,27.84,0.0,139.2
9514,3474,12,32,2,243.11,0.0,486.22
9515,3474,91,258,5,21.66,0.0,108.3
9516,3474,55,156,4,17.23,0.0,68.92
9517,3474,80,225,4,213.05,0.0,852.2
9518,3474,42,119,1,40.62,0.0,40.62
9519,3475,16,44,2,121.76,26.79,189.94
9520,3476,38,107,1,159.11,0.0,159.11
9521,3476,42,120,2,72.62,0.0,145.24
9522,3476,44,126,1,22.65,0.0,22.65
9523,3476,15,40,4,176.21,0.0,704.84
9524,3476,43,123,3,12.67,0.0,38.01
9525,3477,18,47,5,98.27,0.0,491.35
9526,3478,2,3,4,81.92,0.0,327.68
9527,3478,6,16,3,126.76,0.0,380.28
9528,3479,77,216,4,190.3,41.87,593.72
9529,3479,80,225,3,213.05,46.87,498.54
9530,3479,61,175,1,69.85,15.37,54.48
9531,3480,40,116,4,143.52,31.57,447.8
9532,3480,36,101,5,15.53,3.42,60.55
9533,3481,27,73,2,7.55,0.0,15.1
9534,3481,53,149,1,44.71,0.0,44.71
9535,3481,18,48,1,93.27,0.0,93.27
9536,3482,8,20,3,193.95,42.67,453.84
9537,3482,75,213,2,44.67,9.83,69.68
9538,3482,90,257,5,52.11,11.46,203.25
9539,3482,65,185,5,154.37,33.96,602.05
9540,3483,39,111,1,68.78,0.0,68.78
9541,3483,6,16,5,126.76,0.0,633.8
9542,3483,40,115,3,133.52,0.0,400.56
9543,3484,72,205,1,153.23,0.0,153.23
9544,3484,88,252,1,33.4,0.0,33.4
9545,3484,77,216,2,190.3,0.0,380.6
9546,3485,91,258,1,21.66,0.0,21.66
9547,3485,72,205,1,153.23,0.0,153.23
9548,3486,34,98,3,79.03,17.39,184.92
9549,3486,43,124,3,44.67,9.83,104.52
9550,3487,54,152,1,31.28,0.0,31.28
9551,3487,65,185,1,154.37,0.0,154.37
9552,3487,31,87,3,62.47,0.0,187.41
9553,3487,66,189,2,26.38,0.0,52.76
9554,3487,20,52,1,65.61,0.0,65.61
9555,3487,34,96,2,79.03,0.0,158.06
9556,3488,56,158,3,72.28,0.0,216.84
9557,3489,59,170,1,73.83,16.24,57.59
9558,3489,25,67,1,126.29,27.78,98.51
9559,3489,41,118,3,40.66,8.95,95.13
9560,3490,76,215,2,63.03,0.0,126.06
9561,3490,17,45,1,88.41,0.0,88.41
9562,3491,59,167,1,55.83,0.0,55.83
9563,3492,42,120,1,72.62,0.0,72.62
9564,3492,29,78,2,150.1,0.0,300.2
9565,3493,16,42,1,126.76,0.0,126.76
9566,3493,76,214,4,66.03,0.0,264.12
9567,3494,38,108,5,174.11,0.0,870.55
9568,3494,60,171,2,18.2,0.0,36.4
9569,3494,79,221,1,148.61,0.0,148.61
9570,3494,55,156,1,17.23,0.0,17.23
9571,3494,56,158,2,72.28,0.0,144.56
9572,3495,2,3,3,81.92,0.0,245.76
9573,3496,65,187,5,151.37,0.0,756.85
9574,3497,86,246,1,85.71,0.0,85.71
9575,3498,40,113,1,133.52,29.37,104.15
9576,3498,78,219,1,80.43,17.69,62.74
9577,3498,82,230,1,21.0,4.62,16.38
9578,3498,24,64,1,112.11,24.66,87.45
9579,3499,3,5,1,132.59,29.17,103.42
9580,3499,80,225,2,213.05,46.87,332.36
9581,3500,32,91,2,186.3,40.99,290.62
9582,3500,10,28,1,236.5,52.03,184.47
9583,3500,97,280,2,39.57,8.71,61.72
9584,3500,99,284,4,49.51,10.89,154.48
9585,3500,68,194,3,168.66,37.11,394.65
9586,3501,87,249,3,78.46,0.0,235.38
9587,3501,80,224,4,213.05,0.0,852.2
9588,3502,72,204,1,156.23,0.0,156.23
9589,3503,6,16,1,126.76,0.0,126.76
9590,3503,59,168,2,55.83,0.0,111.66
9591,3504,47,134,5,97.33,0.0,486.65
9592,3504,29,77,3,135.1,0.0,405.3
9593,3505,51,144,1,19.92,4.38,15.54
9594,3506,39,112,4,53.78,11.83,167.8
9595,3506,3,5,2,132.59,29.17,206.84
9596,3506,38,108,1,174.11,38.3,135.81
9597,3506,6,16,1,126.76,27.89,98.87
9598,3506,53,150,3,76.71,16.88,179.49
9599,3506,80,224,2,213.05,46.87,332.36
9600,3507,5,13,4,96.21,21.17,300.16
9601,3507,75,212,2,50.67,11.15,79.04
9602,3508,48,137,1,45.39,9.99,35.4
9603,3508,30,82,1,10.27,2.26,8.01
9604,3508,96,275,1,92.44,20.34,72.1
9605,3509,37,106,1,18.93,0.0,18.93
9606,3510,51,143,2,37.92,8.34,59.16
9607,3510,18,47,1,98.27,21.62,76.65
9608,3511,84,236,1,50.36,11.08,39.28
9609,3512,36,104,3,15.53,3.42,36.33
9610,3512,59,169,2,87.83,19.32,137.02
9611,3512,39,110,3,58.78,12.93,137.55
9612,3512,73,208,1,198.67,43.71,154.96
9613,3513,100,287,3,44.34,0.0,133.02
9614,3513,1,1,1,193.05,0.0,193.05
9615,3513,100,285,5,42.34,0.0,211.7
9616,3513,75,211,4,47.67,0.0,190.68
9617,3513,29,78,5,150.1,0.0,750.5
9618,3514,32,88,2,176.3,0.0,352.6
9619,3514,50,142,5,79.34,0.0,396.7
9620,3514,46,130,1,70.22,0.0,70.22
9621,3514,10,26,3,251.5,0.0,754.5
9622,3515,81,228,2,63.08,0.0,126.16
9623,3515,58,166,2,61.21,0.0,122.42
9624,3515,59,167,2,55.83,0.0,111.66
9625,3515,96,275,3,92.44,0.0,277.32
9626,3515,9,23,1,61.83,0.0,61.83
9627,3516,39,112,1,53.78,11.83,41.95
9628,3516,51,143,4,37.92,8.34,118.32
9629,3517,73,208,1,198.67,0.0,198.67
9630,3518,90,256,1,38.11,8.38,29.73
9631,3519,53,148,3,62.71,0.0,188.13
9632,3519,12,32,2,243.11,0.0,486.22
9633,3519,20,52,5,65.61,0.0,328.05
9634,3519,20,55,2,60.61,0.0,121.22
9635,3519,13,33,2,140.62,0.0,281.24
9636,3519,34,96,1,79.03,0.0,79.03
9637,3520,39,111,2,68.78,0.0,137.56
9638,3521,96,275,2,92.44,0.0,184.88
9639,3522,63,181,4,65.54,14.42,204.48
9640,3523,58,165,4,43.21,9.51,134.8
9641,3524,5,14,3,81.21,0.0,243.63
9642,3524,6,16,1,126.76,0.0,126.76
9643,3525,22,58,1,138.97,0.0,138.97
9644,3526,4,8,2,89.33,0.0,178.66
9645,3526,80,224,4,213.05,0.0,852.2
9646,3526,30,81,2,25.27,0.0,50.54
9647,3527,6,15,1,111.76,24.59,87.17
9648,3528,87,249,2,78.46,0.0,156.92
9649,3528,31,85,2,52.47,0.0,104.94
9650,3529,28,75,3,153.25,33.72,358.59
9651,3529,34,96,1,79.03,17.39,61.64
9652,3529,15,40,1,176.21,38.77,137.44
9653,3530,30,83,3,15.27,0.0,45.81
9654,3530,3,6,1,147.59,0.0,147.59
9655,3530,90,257,5,52.11,0.0,260.55
9656,3531,8,21,2,183.95,0.0,367.9
9657,3531,3,6,3,147.59,0.0,442.77
9658,3531,21,56,3,72.82,0.0,218.46
9659,3531,44,125,2,40.65,0.0,81.3
9660,3531,58,165,2,43.21,0.0,86.42
9661,3531,35,100,1,32.33,0.0,32.33
9662,3532,84,237,5,38.36,8.44,149.6
9663,3532,9,22,2,56.83,12.5,88.66
9664,3533,33,95,5,56.53,0.0,282.65
9665,3533,79,222,2,145.61,0.0,291.22
9666,3533,7,19,2,56.06,0.0,112.12
9667,3533,22,58,3,138.97,0.0,416.91
9668,3533,67,191,3,83.05,0.0,249.15
9669,3533,52,147,3,97.59,0.0,292.77
9670,3534,19,50,2,192.14,0.0,384.28
9671,3534,9,22,2,56.83,0.0,113.66
9672,3534,8,21,1,183.95,0.0,183.95
9673,3534,14,37,3,83.42,0.0,250.26
9674,3534,6,15,1,111.76,0.0,111.76
9675,3535,9,23,1,61.83,13.6,48.23
9676,3536,81,226,1,61.08,0.0,61.08
9677,3537,38,109,1,164.11,0.0,164.11
9678,3538,17,45,2,88.41,0.0,176.82
9679,3538,33,94,1,66.53,0.0,66.53
9680,3538,52,147,2,97.59,0.0,195.18
9681,3539,37,106,1,18.93,0.0,18.93
9682,3539,9,22,2,56.83,0.0,113.66
9683,3539,10,27,3,236.5,0.0,709.5
9684,3540,16,44,3,121.76,26.79,284.91
9685,3540,98,282,2,69.39,15.27,108.24
9686,3540,48,137,4,45.39,9.99,141.6
9687,3540,38,108,3,174.11,38.3,407.43
9688,3541,96,277,2,80.44,17.7,125.48
9689,3541,87,248,2,66.46,14.62,103.68
9690,3542,6,15,2,111.76,0.0,223.52
9691,3543,45,128,2,29.45,0.0,58.9
9692,3543,65,187,1,151.37,0.0,151.37
9693,3544,57,164,1,26.38,0.0,26.38
9694,3544,67,191,2,83.05,0.0,166.1
9695,3545,17,45,1,88.41,19.45,68.96
9696,3546,79,220,1,151.61,33.35,118.26
9697,3547,97,280,2,39.57,8.71,61.72
9698,3547,52,146,2,65.59,14.43,102.32
9699,3548,45,128,1,29.45,6.48,22.97
9700,3549,27,71,1,12.55,0.0,12.55
9701,3549,33,92,4,56.53,0.0,226.12
9702,3549,82,231,1,21.0,0.0,21.0
9703,3550,51,143,1,37.92,0.0,37.92
9704,3550,18,48,1,93.27,0.0,93.27
9705,3550,86,245,1,85.71,0.0,85.71
9706,3550,32,89,4,171.3,0.0,685.2
9707,3551,66,190,4,29.38,0.0,117.52
9708,3551,54,152,3,31.28,0.0,93.84
9709,3552,45,128,5,29.45,0.0,147.25
9710,3553,54,152,4,31.28,0.0,125.12
9711,3553,46,131,3,70.22,0.0,210.66
9712,3553,51,145,1,51.92,0.0,51.92
9713,3554,92,263,5,60.75,0.0,303.75
9714,3554,44,127,2,22.65,0.0,45.3
9715,3555,17,46,2,83.41,0.0,166.82
9716,3555,55,156,3,17.23,0.0,51.69
9717,3555,10,28,5,236.5,0.0,1182.5
9718,3556,77,217,1,190.3,0.0,190.3
9719,3556,49,139,1,38.68,0.0,38.68
9720,3556,98,282,5,69.39,0.0,346.95
9721,3556,90,256,5,38.11,0.0,190.55
9722,3557,25,67,2,126.29,0.0,252.58
9723,3558,8,21,1,183.95,0.0,183.95
9724,3559,46,131,4,70.22,0.0,280.88
9725,3559,90,256,2,38.11,0.0,76.22
9726,3559,94,270,2,36.87,0.0,73.74
9727,3560,22,58,2,138.97,0.0,277.94
9728,3560,58,166,3,61.21,0.0,183.63
9729,3561,2,3,1,81.92,0.0,81.92
9730,3562,49,138,1,20.68,0.0,20.68
9731,3563,28,76,1,158.25,0.0,158.25
9732,3563,63,181,1,65.54,0.0,65.54
9733,3563,6,16,3,126.76,0.0,380.28
9734,3564,14,37,1,83.42,0.0,83.42
9735,3564,22,58,1,138.97,0.0,138.97
9736,3564,95,274,3,7.88,0.0,23.64
9737,3564,66,188,2,32.38,0.0,64.76
9738,3565,36,102,2,25.53,0.0,51.06
9739,3566,19,50,1,192.14,42.27,149.87
9740,3566,84,236,1,50.36,11.08,39.28
9741,3566,5,12,1,81.21,17.87,63.34
9742,3566,2,4,1,86.92,19.12,67.8
9743,3567,75,213,3,44.67,0.0,134.01
9744,3567,40,114,5,128.52,0.0,642.6
9745,3567,46,132,3,102.22,0.0,306.66
9746,3567,84,236,2,50.36,0.0,100.72
9747,3568,12,32,3,243.11,0.0,729.33
9748,3568,100,285,1,42.34,0.0,42.34
9749,3569,78,219,1,80.43,17.69,62.74
9750,3570,32,90,2,176.3,0.0,352.6
9751,3570,69,198,1,25.8,0.0,25.8
9752,3570,32,88,1,176.3,0.0,176.3
9753,3570,67,191,3,83.05,0.0,249.15
9754,3571,3,6,3,147.59,0.0,442.77
9755,3571,61,176,1,66.85,0.0,66.85
9756,3571,93,267,2,29.84,0.0,59.68
9757,3571,47,134,3,97.33,0.0,291.99
9758,3572,76,215,1,63.03,0.0,63.03
9759,3572,75,211,2,47.67,0.0,95.34
9760,3572,8,20,5,193.95,0.0,969.75
9761,3573,17,46,1,83.41,0.0,83.41
9762,3573,56,161,2,40.28,0.0,80.56
9763,3574,97,280,3,39.57,0.0,118.71
9764,3575,2,4,3,86.92,19.12,203.4
9765,3576,44,126,1,22.65,4.98,17.67
9766,3576,39,111,3,68.78,15.13,160.95
9767,3576,18,48,5,93.27,20.52,363.75
9768,3577,32,90,1,176.3,38.79,137.51
9769,3578,34,98,2,79.03,0.0,158.06
9770,3578,16,42,1,126.76,0.0,126.76
9771,3578,23,60,1,33.88,0.0,33.88
9772,3578,20,54,2,60.61,0.0,121.22
9773,3578,59,167,2,55.83,0.0,111.66
9774,3578,40,115,2,133.52,0.0,267.04
9775,3579,14,37,1,83.42,18.35,65.07
9776,3580,38,109,3,164.11,0.0,492.33
9777,3580,47,135,3,79.33,0.0,237.99
9778,3580,29,79,2,140.1,0.0,280.2
9779,3580,69,197,3,22.8,0.0,68.4
9780,3581,21,56,1,72.82,16.02,56.8
9781,3581,79,220,1,151.61,33.35,118.26
9782,3581,39,112,1,53.78,11.83,41.95
9783,3582,30,81,2,25.27,5.56,39.42
9784,3582,48,137,2,45.39,9.99,70.8
9785,3582,41,117,5,22.66,4.99,88.35
9786,3583,42,119,1,40.62,0.0,40.62
9787,3584,25,66,1,136.29,0.0,136.29
9788,3584,82,231,1,21.0,0.0,21.0
9789,3585,55,154,5,35.23,0.0,176.15
9790,3585,33,92,3,56.53,0.0,169.59
9791,3585,61,174,4,72.85,0.0,291.4
9792,3585,86,246,3,85.71,0.0,257.13
9793,3585,10,26,1,251.5,0.0,251.5
9794,3585,63,181,1,65.54,0.0,65.54
9795,3586,46,131,2,70.22,15.45,109.54
9796,3586,71,202,3,18.78,4.13,43.95
9797,3586,56,158,2,72.28,15.9,112.76
9798,3586,54,153,3,13.28,2.92,31.08
9799,3587,59,168,1,55.83,0.0,55.83
9800,3587,27,72,1,22.55,0.0,22.55
9801,3588,87,249,4,78.46,17.26,244.8
9802,3588,38,109,2,164.11,36.1,256.02
9803,3588,57,163,3,58.38,12.84,136.62
9804,3588,27,72,2,22.55,4.96,35.18
9805,3589,3,5,3,132.59,0.0,397.77
9806,3589,13,34,3,155.62,0.0,466.86
9807,3589,6,15,3,111.76,0.0,335.28
9808,3590,8,21,1,183.95,40.47,143.48
9809,3590,47,134,1,97.33,21.41,75.92
9810,3591,29,78,1,150.1,33.02,117.08
9811,3591,66,188,1,32.38,7.12,25.26
9812,3591,7,18,5,51.06,11.23,199.15
9813,3592,12,31,2,258.11,56.78,402.66
9814,3592,77,217,2,190.3,41.87,296.86
9815,3593,54,153,3,13.28,2.92,31.08
9816,3593,4,10,1,84.33,18.55,65.78
9817,3593,58,166,1,61.21,13.47,47.74
9818,3593,47,135,1,79.33,17.45,61.88
9819,3593,41,117,2,22.66,4.99,35.34
9820,3594,39,110,4,58.78,12.93,183.4
9821,3594,21,57,2,67.82,14.92,105.8
9822,3594,77,217,5,190.3,41.87,742.15
9823,3595,60,171,1,18.2,0.0,18.2
9824,3595,5,12,1,81.21,0.0,81.21
9825,3595,72,204,1,156.23,0.0,156.23
9826,3595,61,176,1,66.85,0.0,66.85
9827,3595,94,271,2,24.87,0.0,49.74
9828,3595,7,18,3,51.06,0.0,153.18
9829,3596,89,255,3,61.85,0.0,185.55
9830,3596,64,184,3,66.17,0.0,198.51
9831,3596,21,56,1,72.82,0.0,72.82
9832,3596,9,23,1,61.83,0.0,61.83
9833,3597,41,118,2,40.66,0.0,81.32
9834,3598,9,22,1,56.83,0.0,56.83
9835,3599,61,175,3,69.85,0.0,209.55
9836,3599,37,105,3,23.93,0.0,71.79
9837,3600,79,222,3,145.61,0.0,436.83
9838,3601,55,156,2,17.23,0.0,34.46
9839,3601,79,221,3,148.61,0.0,445.83
9840,3602,80,223,4,216.05,0.0,864.2
9841,3602,71,203,1,18.78,0.0,18.78
9842,3602,65,185,4,154.37,0.0,617.48
9843,3602,47,135,1,79.33,0.0,79.33
9844,3602,53,151,2,44.71,0.0,89.42
9845,3603,38,108,1,174.11,0.0,174.11
9846,3603,100,285,1,42.34,0.0,42.34
9847,3603,64,184,4,66.17,0.0,264.68
9848,3604,97,280,2,39.57,0.0,79.14
9849,3604,69,197,1,22.8,0.0,22.8
9850,3604,17,45,5,88.41,0.0,442.05
9851,3605,35,100,1,32.33,0.0,32.33
9852,3605,49,139,2,38.68,0.0,77.36
9853,3605,58,165,3,43.21,0.0,129.63
9854,3605,51,143,2,37.92,0.0,75.84
9855,3605,29,78,1,150.1,0.0,150.1
9856,3605,20,55,3,60.61,0.0,181.83
9857,3606,18,48,1,93.27,0.0,93.27
9858,3606,35,99,1,27.33,0.0,27.33
9859,3606,60,171,3,18.2,0.0,54.6
9860,3606,18,48,1,93.27,0.0,93.27
9861,3606,29,79,2,140.1,0.0,280.2
9862,3607,69,198,2,25.8,0.0,51.6
9863,3608,17,46,1,83.41,0.0,83.41
9864,3608,95,274,1,7.88,0.0,7.88
9865,3608,14,38,1,93.42,0.0,93.42
9866,3608,22,59,2,148.97,0.0,297.94
9867,3609,75,212,1,50.67,0.0,50.67
9868,3609,54,153,2,13.28,0.0,26.56
9869,3609,88,252,1,33.4,0.0,33.4
9870,3609,52,146,2,65.59,0.0,131.18
9871,3609,9,22,1,56.83,0.0,56.83
9872,3609,17,45,1,88.41,0.0,88.41
9873,3610,44,126,3,22.65,0.0,67.95
9874,3611,91,258,4,21.66,0.0,86.64
9875,3611,41,118,1,40.66,0.0,40.66
9876,3611,68,195,5,162.66,0.0,813.3
9877,3612,31,86,2,52.47,0.0,104.94
9878,3612,54,152,3,31.28,0.0,93.84
9879,3613,35,99,2,27.33,0.0,54.66
9880,3614,40,113,5,133.52,0.0,667.6
9881,3614,81,229,3,75.08,0.0,225.24
9882,3614,18,47,2,98.27,0.0,196.54
9883,3614,24,63,1,122.11,0.0,122.11
9884,3614,69,198,2,25.8,0.0,51.6
9885,3614,69,198,5,25.8,0.0,129.0
9886,3615,78,218,4,83.43,0.0,333.72
9887,3616,2,3,2,81.92,0.0,163.84
9888,3617,21,56,1,72.82,0.0,72.82
9889,3617,44,126,2,22.65,0.0,45.3
9890,3617,16,42,3,126.76,0.0,380.28
9891,3617,34,98,1,79.03,0.0,79.03
9892,3618,21,56,2,72.82,0.0,145.64
9893,3618,87,249,1,78.46,0.0,78.46
9894,3619,28,76,2,158.25,0.0,316.5
9895,3619,25,67,3,126.29,0.0,378.87
9896,3619,11,30,3,36.69,0.0,110.07
9897,3619,93,266,4,27.84,0.0,111.36
9898,3619,52,147,4,97.59,0.0,390.36
9899,3620,99,284,4,49.51,0.0,198.04
9900,3620,12,32,3,243.11,0.0,729.33
9901,3620,65,187,3,151.37,0.0,454.11
9902,3620,43,124,5,44.67,0.0,223.35
9903,3621,36,102,2,25.53,0.0,51.06
9904,3621,89,254,2,59.85,0.0,119.7
9905,3621,55,157,3,17.23,0.0,51.69
9906,3622,75,213,3,44.67,0.0,134.01
9907,3622,24,64,3,112.11,0.0,336.33
9908,3622,56,160,4,40.28,0.0,161.12
9909,3622,47,134,1,97.33,0.0,97.33
9910,3622,65,186,2,154.37,0.0,308.74
9911,3623,28,75,1,153.25,0.0,153.25
9912,3623,23,60,2,33.88,0.0,67.76
9913,3624,48,136,1,45.39,0.0,45.39
9914,3624,76,214,1,66.03,0.0,66.03
9915,3624,54,152,1,31.28,0.0,31.28
9916,3625,15,40,1,176.21,0.0,176.21
9917,3625,62,180,1,150.25,0.0,150.25
9918,3625,74,210,1,212.0,0.0,212.0
9919,3625,45,128,2,29.45,0.0,58.9
9920,3626,50,141,3,97.34,0.0,292.02
9921,3626,18,47,3,98.27,0.0,294.81
9922,3626,44,125,1,40.65,0.0,40.65
9923,3626,61,174,2,72.85,0.0,145.7
9924,3626,49,139,4,38.68,0.0,154.72
9925,3627,7,18,2,51.06,0.0,102.12
9926,3627,16,41,1,121.76,0.0,121.76
9927,3628,53,151,1,44.71,0.0,44.71
9928,3628,51,143,1,37.92,0.0,37.92
9929,3628,97,279,2,39.57,0.0,79.14
9930,3628,2,4,2,86.92,0.0,173.84
9931,3629,85,241,5,6.14,0.0,30.7
9932,3629,32,90,1,176.3,0.0,176.3
9933,3629,24,65,1,107.11,0.0,107.11
9934,3629,49,138,4,20.68,0.0,82.72
9935,3629,32,90,3,176.3,0.0,528.9
9936,3629,68,195,2,162.66,0.0,325.32
9937,3630,2,4,2,86.92,0.0,173.84
9938,3630,25,67,2,126.29,0.0,252.58
9939,3631,8,20,1,193.95,0.0,193.95
9940,3631,33,92,1,56.53,0.0,56.53
9941,3631,65,185,1,154.37,0.0,154.37
9942,3632,62,178,5,150.25,0.0,751.25
9943,3632,69,198,2,25.8,0.0,51.6
9944,3633,74,210,3,212.0,0.0,636.0
9945,3633,53,150,4,76.71,0.0,306.84
9946,3633,74,210,4,212.0,0.0,848.0
9947,3633,39,110,2,58.78,0.0,117.56
9948,3634,5,12,4,81.21,0.0,324.84
9949,3634,36,102,3,25.53,0.0,76.59
9950,3635,19,50,3,192.14,0.0,576.42
9951,3635,21,56,1,72.82,0.0,72.82
9952,3635,27,73,1,7.55,0.0,7.55
9953,3636,55,156,1,17.23,0.0,17.23
9954,3637,61,176,1,66.85,0.0,66.85
9955,3637,3,6,2,147.59,0.0,295.18
9956,3637,48,136,1,45.39,0.0,45.39
9957,3638,60,172,3,18.2,0.0,54.6
9958,3638,78,218,1,83.43,0.0,83.43
9959,3638,28,74,1,158.25,0.0,158.25
9960,3638,26,68,2,69.15,0.0,138.3
9961,3639,94,271,5,24.87,0.0,124.35
9962,3639,49,138,1,20.68,0.0,20.68
9963,3640,77,217,2,190.3,0.0,380.6
9964,3640,74,210,2,212.0,0.0,424.0
9965,3640,78,219,3,80.43,0.0,241.29
9966,3641,96,275,1,92.44,0.0,92.44
9967,3642,4,9,3,99.33,9.93,268.2
9968,3642,15,39,1,161.21,16.12,145.09
9969,3642,87,247,1,64.46,6.45,58.01
9970,3642,33,92,3,56.53,5.65,152.64
9971,3642,1,1,1,193.05,19.3,173.75
9972,3642,67,192,1,77.05,7.71,69.34
9973,3643,17,45,2,88.41,0.0,176.82
9974,3643,8,21,1,183.95,0.0,183.95
9975,3644,59,169,2,87.83,0.0,175.66
9976,3644,10,25,3,241.5,0.0,724.5
9977,3644,63,181,2,65.54,0.0,131.08
9978,3645,45,128,2,29.45,0.0,58.9
9979,3645,44,126,5,22.65,0.0,113.25
9980,3645,28,75,3,153.25,0.0,459.75
9981,3645,19,49,1,207.14,0.0,207.14
9982,3645,25,66,1,136.29,0.0,136.29
9983,3645,73,206,1,195.67,0.0,195.67
9984,3646,93,267,1,29.84,0.0,29.84
9985,3646,78,219,4,80.43,0.0,321.72
9986,3647,64,183,1,72.17,0.0,72.17
9987,3648,9,22,5,56.83,0.0,284.15
9988,3648,3,5,4,132.59,0.0,530.36
9989,3648,70,199,2,132.33,0.0,264.66
9990,3648,9,24,4,56.83,0.0,227.32
9991,3649,15,39,5,161.21,16.12,725.45
9992,3649,47,134,1,97.33,9.73,87.6
9993,3649,94,270,5,36.87,3.69,165.9
9994,3650,23,60,1,33.88,3.39,30.49
9995,3650,29,80,1,140.1,14.01,126.09
9996,3650,8,21,1,183.95,18.39,165.56
9997,3651,3,6,1,147.59,14.76,132.83
9998,3652,38,108,2,174.11,0.0,348.22
9999,3652,44,127,1,22.65,0.0,22.65
10000,3652,37,106,2,18.93,0.0,37.86
10001,3653,21,56,1,72.82,0.0,72.82
10002,3654,68,195,1,162.66,16.27,146.39
10003,3654,50,141,1,97.34,9.73,87.61
10004,3654,79,220,1,151.61,15.16,136.45
10005,3654,75,211,2,47.67,4.77,85.8
10006,3655,15,40,1,176.21,0.0,176.21
10007,3655,15,40,2,176.21,0.0,352.42
10008,3655,59,170,1,73.83,0.0,73.83
10009,3656,58,166,2,61.21,0.0,122.42
10010,3656,71,202,1,18.78,0.0,18.78
10011,3657,17,45,1,88.41,0.0,88.41
10012,3657,26,69,1,64.15,0.0,64.15
10013,3657,37,106,2,18.93,0.0,37.86
10014,3657,55,157,4,17.23,0.0,68.92
10015,3658,67,191,1,83.05,0.0,83.05
10016,3658,51,144,2,19.92,0.0,39.84
10017,3658,73,208,1,198.67,0.0,198.67
10018,3659,24,65,1,107.11,0.0,107.11
10019,3660,9,24,1,56.83,0.0,56.83
10020,3660,8,21,1,183.95,0.0,183.95
10021,3660,47,135,1,79.33,0.0,79.33
10022,3660,37,105,1,23.93,0.0,23.93
10023,3661,51,145,2,51.92,0.0,103.84
10024,3661,83,235,1,35.04,0.0,35.04
10025,3662,78,219,1,80.43,0.0,80.43
10026,3663,57,163,1,58.38,5.84,52.54
10027,3663,77,217,2,190.3,19.03,342.54
10028,3664,21,57,2,67.82,0.0,135.64
10029,3664,35,99,1,27.33,0.0,27.33
10030,3665,25,67,1,126.29,12.63,113.66
10031,3665,29,77,1,135.1,13.51,121.59
10032,3665,34,96,1,79.03,7.9,71.13
10033,3666,3,5,1,132.59,13.26,119.33
10034,3666,69,197,2,22.8,2.28,41.04
10035,3666,7,18,1,51.06,5.11,45.95
10036,3666,17,46,5,83.41,8.34,375.35
10037,3667,64,183,5,72.17,0.0,360.85
10038,3667,36,101,3,15.53,0.0,46.59
10039,3667,9,22,5,56.83,0.0,284.15
10040,3668,89,253,1,73.85,0.0,73.85
10041,3668,61,176,1,66.85,0.0,66.85
10042,3668,20,52,2,65.61,0.0,131.22
10043,3668,14,37,2,83.42,0.0,166.84
10044,3668,9,23,2,61.83,0.0,123.66
10045,3668,36,104,3,15.53,0.0,46.59
10046,3669,19,50,2,192.14,0.0,384.28
10047,3669,10,28,4,236.5,0.0,946.0
10048,3669,71,201,1,15.78,0.0,15.78
10049,3669,72,204,1,156.23,0.0,156.23
10050,3670,43,123,3,12.67,0.0,38.01
10051,3670,16,44,4,121.76,0.0,487.04
10052,3670,39,110,5,58.78,0.0,293.9
10053,3670,6,16,4,126.76,0.0,507.04
10054,3670,4,10,3,84.33,0.0,252.99
10055,3670,1,1,4,193.05,0.0,772.2
10056,3671,46,131,1,70.22,0.0,70.22
10057,3671,33,94,2,66.53,0.0,133.06
10058,3671,62,180,1,150.25,0.0,150.25
10059,3672,73,207,2,192.67,0.0,385.34
10060,3672,3,5,5,132.59,0.0,662.95
10061,3673,17,46,2,83.41,0.0,166.82
10062,3673,21,56,1,72.82,0.0,72.82
10063,3674,31,85,1,52.47,5.25,47.22
10064,3674,19,51,1,192.14,19.21,172.93
10065,3674,52,146,1,65.59,6.56,59.03
10066,3674,26,70,3,69.15,6.92,186.69
10067,3675,72,205,1,153.23,0.0,153.23
10068,3675,38,107,1,159.11,0.0,159.11
10069,3675,88,252,1,33.4,0.0,33.4
10070,3675,97,280,1,39.57,0.0,39.57
10071,3676,49,138,2,20.68,2.07,37.22
10072,3676,33,95,1,56.53,5.65,50.88
10073,3676,30,81,2,25.27,2.53,45.48
10074,3676,76,215,2,63.03,6.3,113.46
10075,3677,73,208,2,198.67,0.0,397.34
10076,3677,7,18,5,51.06,0.0,255.3
10077,3677,3,6,3,147.59,0.0,442.77
10078,3677,1,1,4,193.05,0.0,772.2
10079,3677,49,138,2,20.68,0.0,41.36
10080,3678,13,33,3,140.62,0.0,421.86
10081,3679,52,147,4,97.59,9.76,351.32
10082,3679,64,184,2,66.17,6.62,119.1
10083,3679,28,74,4,158.25,15.82,569.72
10084,3679,67,192,1,77.05,7.71,69.34
10085,3680,47,134,5,97.33,9.73,438.0
10086,3680,58,166,2,61.21,6.12,110.18
10087,3680,55,154,5,35.23,3.52,158.55
10088,3680,68,196,3,165.66,16.57,447.27
10089,3681,12,32,1,243.11,24.31,218.8
10090,3681,18,47,2,98.27,9.83,176.88
10091,3681,60,171,4,18.2,1.82,65.52
10092,3681,50,140,1,111.34,11.13,100.21
10093,3682,95,273,2,21.88,0.0,43.76
10094,3682,99,284,1,49.51,0.0,49.51
10095,3683,26,69,3,64.15,0.0,192.45
10096,3683,19,51,1,192.14,0.0,192.14
10097,3683,69,197,4,22.8,0.0,91.2
10098,3683,76,214,5,66.03,0.0,330.15
10099,3684,34,96,2,79.03,7.9,142.26
10100,3684,75,211,1,47.67,4.77,42.9
10101,3685,93,266,2,27.84,2.78,50.12
10102,3686,34,97,1,89.03,0.0,89.03
10103,3687,28,74,4,158.25,15.82,569.72
10104,3687,80,224,4,213.05,21.3,767.0
10105,3687,99,284,2,49.51,4.95,89.12
10106,3687,13,33,2,140.62,14.06,253.12
10107,3688,70,199,1,132.33,0.0,132.33
10108,3688,7,18,1,51.06,0.0,51.06
10109,3688,9,24,4,56.83,0.0,227.32
10110,3689,5,12,4,81.21,8.12,292.36
10111,3689,9,24,3,56.83,5.68,153.45
10112,3690,65,186,1,154.37,15.44,138.93
10113,3691,60,171,1,18.2,0.0,18.2
10114,3691,69,197,2,22.8,0.0,45.6
10115,3691,40,115,1,133.52,0.0,133.52
10116,3691,99,284,1,49.51,0.0,49.51
10117,3691,61,175,1,69.85,0.0,69.85
10118,3692,59,170,1,73.83,0.0,73.83
10119,3692,27,73,3,7.55,0.0,22.65
10120,3692,51,145,2,51.92,0.0,103.84
10121,3692,69,197,2,22.8,0.0,45.6
10122,3692,90,257,4,52.11,0.0,208.44
10123,3692,16,44,3,121.76,0.0,365.28
10124,3693,37,106,2,18.93,0.0,37.86
10125,3693,2,4,4,86.92,0.0,347.68
10126,3694,12,32,1,243.11,24.31,218.8
10127,3695,34,98,2,79.03,0.0,158.06
10128,3695,95,274,2,7.88,0.0,15.76
10129,3696,6,15,5,111.76,0.0,558.8
10130,3696,51,144,2,19.92,0.0,39.84
10131,3696,23,62,1,48.88,0.0,48.88
10132,3697,57,164,1,26.38,0.0,26.38
10133,3697,10,27,2,236.5,0.0,473.0
10134,3697,48,136,1,45.39,0.0,45.39
10135,3698,78,218,3,83.43,0.0,250.29
10136,3698,78,218,1,83.43,0.0,83.43
10137,3699,74,209,1,215.0,0.0,215.0
10138,3699,69,197,1,22.8,0.0,22.8
10139,3699,95,274,3,7.88,0.0,23.64
10140,3699,52,147,1,97.59,0.0,97.59
10141,3700,55,156,1,17.23,1.72,15.51
10142,3700,8,20,2,193.95,19.39,349.12
10143,3701,9,23,3,61.83,0.0,185.49
10144,3701,4,7,1,84.33,0.0,84.33
10145,3701,16,42,1,126.76,0.0,126.76
10146,3701,59,170,1,73.83,0.0,73.83
10147,3701,94,270,1,36.87,0.0,36.87
10148,3702,35,99,1,27.33,0.0,27.33
10149,3702,87,247,2,64.46,0.0,128.92
10150,3702,40,114,2,128.52,0.0,257.04
10151,3702,96,275,1,92.44,0.0,92.44
10152,3703,82,232,3,33.0,0.0,99.0
10153,3704,95,273,1,21.88,0.0,21.88
10154,3704,48,137,1,45.39,0.0,45.39
10155,3704,28,75,2,153.25,0.0,306.5
10156,3704,51,145,1,51.92,0.0,51.92
10157,3704,47,134,1,97.33,0.0,97.33
10158,3705,41,117,1,22.66,0.0,22.66
10159,3705,82,232,5,33.0,0.0,165.0
10160,3705,54,152,2,31.28,0.0,62.56
10161,3705,9,24,2,56.83,0.0,113.66
10162,3705,4,8,2,89.33,0.0,178.66
10163,3706,37,106,1,18.93,0.0,18.93
10164,3706,58,165,1,43.21,0.0,43.21
10165,3707,40,115,1,133.52,0.0,133.52
10166,3708,66,190,4,29.38,0.0,117.52
10167,3708,26,69,4,64.15,0.0,256.6
10168,3709,31,87,1,62.47,0.0,62.47
10169,3709,44,127,4,22.65,0.0,90.6
10170,3710,77,216,1,190.3,0.0,190.3
10171,3711,1,2,1,188.05,0.0,188.05
10172,3711,21,57,2,67.82,0.0,135.64
10173,3712,12,32,1,243.11,0.0,243.11
10174,3712,55,155,5,49.23,0.0,246.15
10175,3712,43,124,3,44.67,0.0,134.01
10176,3713,72,204,2,156.23,0.0,312.46
10177,3713,22,59,1,148.97,0.0,148.97
10178,3713,16,42,1,126.76,0.0,126.76
10179,3713,7,17,2,51.06,0.0,102.12
10180,3714,85,243,3,6.14,0.0,18.42
10181,3714,3,6,5,147.59,0.0,737.95
10182,3714,28,75,2,153.25,0.0,306.5
10183,3714,4,7,1,84.33,0.0,84.33
10184,3715,72,205,1,153.23,0.0,153.23
10185,3716,13,34,4,155.62,0.0,622.48
10186,3717,54,152,3,31.28,0.0,93.84
10187,3717,29,78,2,150.1,0.0,300.2
10188,3717,6,16,1,126.76,0.0,126.76
10189,3718,36,102,1,25.53,0.0,25.53
10190,3718,1,1,1,193.05,0.0,193.05
10191,3719,73,206,1,195.67,0.0,195.67
10192,3719,1,2,1,188.05,0.0,188.05
10193,3720,27,71,2,12.55,0.0,25.1
10194,3720,48,137,3,45.39,0.0,136.17
10195,3721,29,77,1,135.1,0.0,135.1
10196,3721,7,19,1,56.06,0.0,56.06
10197,3721,41,117,1,22.66,0.0,22.66
10198,3722,98,281,1,83.39,0.0,83.39
10199,3723,53,151,2,44.71,0.0,89.42
10200,3723,4,7,3,84.33,0.0,252.99
10201,3723,14,37,2,83.42,0.0,166.84
10202,3724,13,35,2,145.62,0.0,291.24
10203,3724,68,193,2,165.66,0.0,331.32
10204,3724,65,185,5,154.37,0.0,771.85
10205,3724,69,198,2,25.8,0.0,51.6
10206,3724,39,110,2,58.78,0.0,117.56
10207,3724,58,165,3,43.21,0.0,129.63
10208,3725,37,106,1,18.93,0.0,18.93
10209,3726,61,174,2,72.85,0.0,145.7
10210,3726,3,5,3,132.59,0.0,397.77
10211,3726,82,231,2,21.0,0.0,42.0
10212,3727,52,147,1,97.59,0.0,97.59
10213,3727,27,73,2,7.55,0.0,15.1
10214,3727,95,272,1,9.88,0.0,9.88
10215,3727,13,33,2,140.62,0.0,281.24
10216,3728,76,215,2,63.03,0.0,126.06
10217,3728,4,9,1,99.33,0.0,99.33
10218,3728,68,196,3,165.66,0.0,496.98
10219,3728,28,74,1,158.25,0.0,158.25
10220,3729,2,4,2,86.92,0.0,173.84
10221,3730,76,215,4,63.03,0.0,252.12
10222,3731,37,106,5,18.93,0.0,94.65
10223,3731,58,166,3,61.21,0.0,183.63
10224,3731,13,35,3,145.62,0.0,436.86
10225,3732,6,15,2,111.76,0.0,223.52
10226,3733,60,171,1,18.2,0.0,18.2
10227,3734,35,100,1,32.33,0.0,32.33
10228,3734,51,145,2,51.92,0.0,103.84
10229,3734,24,64,1,112.11,0.0,112.11
10230,3734,94,270,4,36.87,0.0,147.48
10231,3735,39,110,1,58.78,0.0,58.78
10232,3735,30,83,1,15.27,0.0,15.27
10233,3736,9,22,2,56.83,0.0,113.66
10234,3736,43,122,2,12.67,0.0,25.34
10235,3736,54,152,3,31.28,0.0,93.84
10236,3736,11,29,3,41.69,0.0,125.07
10237,3737,3,5,1,132.59,0.0,132.59
10238,3737,33,94,2,66.53,0.0,133.06
10239,3737,86,245,1,85.71,0.0,85.71
10240,3737,20,55,2,60.61,0.0,121.22
10241,3738,83,235,1,35.04,0.0,35.04
10242,3738,96,278,4,80.44,0.0,321.76
10243,3739,4,9,4,99.33,0.0,397.32
10244,3739,71,202,2,18.78,0.0,37.56
10245,3739,10,25,3,241.5,0.0,724.5
10246,3739,25,66,1,136.29,0.0,136.29
10247,3739,45,129,3,47.45,0.0,142.35
10248,3740,82,232,3,33.0,0.0,99.0
10249,3740,63,182,1,65.54,0.0,65.54
10250,3741,78,218,2,83.43,0.0,166.86
10251,3742,18,48,3,93.27,0.0,279.81
10252,3743,19,49,2,207.14,0.0,414.28
10253,3743,40,115,1,133.52,0.0,133.52
10254,3744,19,51,2,192.14,0.0,384.28
10255,3745,22,58,2,138.97,0.0,277.94
10256,3746,5,12,4,81.21,0.0,324.84
10257,3746,20,52,5,65.61,0.0,328.05
10258,3747,55,155,1,49.23,0.0,49.23
10259,3747,62,179,1,147.25,0.0,147.25
10260,3748,31,84,3,47.47,0.0,142.41
10261,3749,82,231,1,21.0,0.0,21.0
10262,3749,84,236,1,50.36,0.0,50.36
10263,3749,74,209,1,215.0,0.0,215.0
10264,3749,86,244,2,83.71,0.0,167.42
10265,3750,9,24,2,56.83,0.0,113.66
10266,3750,94,271,4,24.87,0.0,99.48
10267,3750,72,205,1,153.23,0.0,153.23
10268,3750,85,243,3,6.14,0.0,18.42
10269,3750,60,171,3,18.2,0.0,54.6
10270,3751,97,280,4,39.57,0.0,158.28
10271,3751,74,209,2,215.0,0.0,430.0
10272,3751,17,45,5,88.41,0.0,442.05
10273,3752,31,87,3,62.47,0.0,187.41
10274,3752,24,63,3,122.11,0.0,366.33
10275,3752,31,86,2,52.47,0.0,104.94
10276,3752,55,157,4,17.23,0.0,68.92
10277,3753,35,99,1,27.33,0.0,27.33
10278,3753,13,35,3,145.62,0.0,436.86
10279,3754,8,20,2,193.95,0.0,387.9
10280,3754,96,277,2,80.44,0.0,160.88
10281,3755,1,2,1,188.05,0.0,188.05
10282,3756,67,192,3,77.05,0.0,231.15
10283,3756,27,71,3,12.55,0.0,37.65
10284,3757,73,207,1,192.67,0.0,192.67
10285,3758,30,83,2,15.27,0.0,30.54
10286,3758,41,118,1,40.66,0.0,40.66
10287,3758,74,209,2,215.0,0.0,430.0
10288,3758,94,271,1,24.87,0.0,24.87
10289,3758,26,69,1,64.15,0.0,64.15
10290,3759,19,50,1,192.14,0.0,192.14
10291,3759,23,62,2,48.88,0.0,97.76
10292,3760,27,73,1,7.55,0.0,7.55
10293,3760,52,146,3,65.59,0.0,196.77
10294,3760,18,47,5,98.27,0.0,491.35
10295,3760,10,25,4,241.5,0.0,966.0
10296,3760,22,58,2,138.97,0.0,277.94
10297,3761,87,247,1,64.46,0.0,64.46
10298,3762,30,83,4,15.27,0.0,61.08
10299,3762,92,263,5,60.75,0.0,303.75
10300,3762,18,48,2,93.27,0.0,186.54
10301,3762,20,53,2,75.61,0.0,151.22
10302,3763,97,280,1,39.57,0.0,39.57
10303,3763,17,46,5,83.41,0.0,417.05
10304,3763,78,219,5,80.43,0.0,402.15
10305,3763,75,213,1,44.67,0.0,44.67
10306,3764,3,5,1,132.59,0.0,132.59
10307,3764,25,67,1,126.29,0.0,126.29
10308,3764,75,213,1,44.67,0.0,44.67
10309,3765,37,105,2,23.93,0.0,47.86
10310,3765,48,136,3,45.39,0.0,136.17
10311,3765,20,53,1,75.61,0.0,75.61
10312,3765,52,147,1,97.59,0.0,97.59
10313,3765,2,4,1,86.92,0.0,86.92
10314,3766,34,97,1,89.03,0.0,89.03
10315,3767,39,111,1,68.78,0.0,68.78
10316,3767,9,23,3,61.83,0.0,185.49
10317,3767,16,42,2,126.76,0.0,253.52
10318,3767,21,56,1,72.82,0.0,72.82
10319,3767,43,124,1,44.67,0.0,44.67
10320,3768,12,31,2,258.11,0.0,516.22
10321,3769,5,14,2,81.21,0.0,162.42
10322,3769,38,109,3,164.11,0.0,492.33
10323,3770,77,216,1,190.3,0.0,190.3
10324,3770,44,125,2,40.65,0.0,81.3
10325,3771,43,124,2,44.67,0.0,89.34
10326,3772,88,252,3,33.4,0.0,100.2
10327,3773,2,3,3,81.92,0.0,245.76
10328,3773,19,49,1,207.14,0.0,207.14
10329,3774,6,15,1,111.76,0.0,111.76
10330,3774,6,15,1,111.76,0.0,111.76
10331,3775,8,20,1,193.95,0.0,193.95
10332,3776,99,283,2,61.51,0.0,123.02
10333,3776,79,221,2,148.61,0.0,297.22
10334,3777,15,39,3,161.21,0.0,483.63
10335,3777,92,265,1,74.75,0.0,74.75
10336,3777,55,156,1,17.23,0.0,17.23
10337,3778,19,51,5,192.14,0.0,960.7
10338,3779,20,53,2,75.61,0.0,151.22
10339,3780,20,52,4,65.61,0.0,262.44
10340,3780,22,59,3,148.97,0.0,446.91
10341,3780,67,191,4,83.05,0.0,332.2
10342,3781,87,248,2,66.46,0.0,132.92
10343,3781,34,98,2,79.03,0.0,158.06
10344,3781,15,40,5,176.21,0.0,881.05
10345,3782,33,92,2,56.53,0.0,113.06
10346,3783,51,143,2,37.92,0.0,75.84
10347,3783,18,47,4,98.27,0.0,393.08
10348,3784,30,81,1,25.27,0.0,25.27
10349,3784,25,66,3,136.29,0.0,408.87
10350,3784,32,91,4,186.3,0.0,745.2
10351,3784,66,190,3,29.38,0.0,88.14
10352,3785,48,137,4,45.39,0.0,181.56
10353,3785,23,62,4,48.88,0.0,195.52
10354,3786,64,184,1,66.17,0.0,66.17
10355,3787,69,198,5,25.8,0.0,129.0
10356,3787,34,96,2,79.03,0.0,158.06
10357,3787,6,15,3,111.76,0.0,335.28
10358,3788,18,47,1,98.27,0.0,98.27
10359,3788,18,47,3,98.27,0.0,294.81
10360,3788,10,27,1,236.5,0.0,236.5
10361,3788,98,282,1,69.39,0.0,69.39
10362,3789,7,17,2,51.06,0.0,102.12
10363,3789,73,206,5,195.67,0.0,978.35
10364,3789,7,18,1,51.06,0.0,51.06
10365,3790,46,130,2,70.22,0.0,140.44
10366,3790,11,30,4,36.69,0.0,146.76
10367,3790,92,262,3,62.75,0.0,188.25
10368,3790,28,74,3,158.25,0.0,474.75
10369,3791,24,63,1,122.11,0.0,122.11
10370,3791,9,22,3,56.83,0.0,170.49
10371,3792,91,258,3,21.66,0.0,64.98
10372,3793,43,123,1,12.67,0.0,12.67
10373,3794,87,249,3,78.46,14.12,193.02
10374,3795,50,141,4,97.34,0.0,389.36
10375,3795,2,4,4,86.92,0.0,347.68
10376,3795,1,2,1,188.05,0.0,188.05
10377,3795,8,21,3,183.95,0.0,551.85
10378,3795,53,148,2,62.71,0.0,125.42
10379,3795,18,47,1,98.27,0.0,98.27
10380,3796,22,59,2,148.97,0.0,297.94
10381,3797,66,190,4,29.38,5.29,96.36
10382,3797,67,191,1,83.05,14.95,68.1
10383,3797,27,72,3,22.55,4.06,55.47
10384,3798,45,128,1,29.45,0.0,29.45
10385,3798,97,279,1,39.57,0.0,39.57
10386,3798,49,139,4,38.68,0.0,154.72
10387,3799,7,17,1,51.06,0.0,51.06
10388,3800,97,280,1,39.57,0.0,39.57
10389,3800,51,143,1,37.92,0.0,37.92
10390,3800,63,182,5,65.54,0.0,327.7
10391,3800,92,264,1,62.75,0.0,62.75
10392,3800,96,278,1,80.44,0.0,80.44
10393,3800,89,255,1,61.85,0.0,61.85
10394,3801,34,98,4,79.03,0.0,316.12
10395,3801,55,154,1,35.23,0.0,35.23
10396,3802,24,63,1,122.11,0.0,122.11
10397,3803,63,181,4,65.54,11.8,214.96
10398,3804,18,47,3,98.27,0.0,294.81
10399,3804,22,59,1,148.97,0.0,148.97
10400,3804,52,146,1,65.59,0.0,65.59
10401,3804,8,20,1,193.95,0.0,193.95
10402,3804,55,154,1,35.23,0.0,35.23
10403,3805,48,136,5,45.39,0.0,226.95
10404,3805,93,269,1,41.84,0.0,41.84
10405,3806,33,95,4,56.53,0.0,226.12
10406,3807,53,148,2,62.71,11.29,102.84
10407,3807,15,39,1,161.21,29.02,132.19
10408,3808,19,50,4,192.14,0.0,768.56
10409,3809,53,149,2,44.71,8.05,73.32
10410,3810,46,133,2,88.22,15.88,144.68
10411,3810,13,35,2,145.62,26.21,238.82
10412,3810,5,11,1,86.21,15.52,70.69
10413,3810,75,211,3,47.67,8.58,117.27
10414,3811,5,14,3,81.21,14.62,199.77
10415,3811,11,30,3,36.69,6.6,90.27
10416,3811,73,207,2,192.67,34.68,315.98
10417,3811,47,134,2,97.33,17.52,159.62
10418,3812,41,118,5,40.66,7.32,166.7
10419,3812,11,29,2,41.69,7.5,68.38
10420,3812,57,163,5,58.38,10.51,239.35
10421,3812,1,2,3,188.05,33.85,462.6
10422,3813,46,132,2,102.22,0.0,204.44
10423,3813,1,2,1,188.05,0.0,188.05
10424,3813,12,31,1,258.11,0.0,258.11
10425,3813,77,216,1,190.3,0.0,190.3
10426,3814,23,60,1,33.88,6.1,27.78
10427,3815,36,104,4,15.53,0.0,62.12
10428,3815,13,34,2,155.62,0.0,311.24
10429,3815,93,267,2,29.84,0.0,59.68
10430,3816,42,121,3,40.62,7.31,99.93
10431,3816,83,235,1,35.04,6.31,28.73
10432,3817,43,124,2,44.67,0.0,89.34
10433,3817,24,63,1,122.11,0.0,122.11
10434,3817,57,162,2,44.38,0.0,88.76
10435,3818,13,34,3,155.62,28.01,382.83
10436,3818,14,37,2,83.42,15.02,136.8
10437,3818,41,118,1,40.66,7.32,33.34
10438,3819,97,279,5,39.57,0.0,197.85
10439,3819,78,219,1,80.43,0.0,80.43
10440,3819,26,70,2,69.15,0.0,138.3
10441,3819,3,5,2,132.59,0.0,265.18
10442,3820,30,82,2,10.27,0.0,20.54
10443,3820,19,49,5,207.14,0.0,1035.7
10444,3820,39,112,1,53.78,0.0,53.78
10445,3820,19,50,2,192.14,0.0,384.28
10446,3820,29,79,1,140.1,0.0,140.1
10447,3820,64,184,5,66.17,0.0,330.85
10448,3821,89,255,2,61.85,0.0,123.7
10449,3821,41,117,2,22.66,0.0,45.32
10450,3822,15,40,4,176.21,0.0,704.84
10451,3822,50,140,4,111.34,0.0,445.36
10452,3822,53,149,1,44.71,0.0,44.71
10453,3823,82,232,3,33.0,0.0,99.0
10454,3823,32,90,5,176.3,0.0,881.5
10455,3823,16,42,2,126.76,0.0,253.52
10456,3823,6,16,1,126.76,0.0,126.76
10457,3824,74,209,2,215.0,0.0,430.0
10458,3824,68,195,2,162.66,0.0,325.32
10459,3825,45,129,2,47.45,0.0,94.9
10460,3825,38,108,1,174.11,0.0,174.11
10461,3825,11,29,1,41.69,0.0,41.69
10462,3826,36,104,3,15.53,0.0,46.59
10463,3826,44,125,3,40.65,0.0,121.95
10464,3826,22,58,2,138.97,0.0,277.94
10465,3826,66,189,2,26.38,0.0,52.76
10466,3827,25,66,3,136.29,0.0,408.87
10467,3827,30,83,2,15.27,0.0,30.54
10468,3827,66,188,1,32.38,0.0,32.38
10469,3827,53,148,2,62.71,0.0,125.42
10470,3827,22,58,5,138.97,0.0,694.85
10471,3828,20,54,2,60.61,0.0,121.22
10472,3828,57,164,1,26.38,0.0,26.38
10473,3829,39,111,4,68.78,0.0,275.12
10474,3829,35,100,1,32.33,0.0,32.33
10475,3829,32,89,2,171.3,0.0,342.6
10476,3829,4,8,3,89.33,0.0,267.99
10477,3829,77,217,5,190.3,0.0,951.5
10478,3830,58,166,1,61.21,0.0,61.21
10479,3830,27,71,2,12.55,0.0,25.1
10480,3830,92,264,1,62.75,0.0,62.75
10481,3830,64,184,1,66.17,0.0,66.17
10482,3831,39,111,1,68.78,0.0,68.78
10483,3831,86,245,2,85.71,0.0,171.42
10484,3831,11,30,1,36.69,0.0,36.69
10485,3831,13,33,3,140.62,0.0,421.86
10486,3832,7,17,2,51.06,0.0,102.12
10487,3832,31,86,2,52.47,0.0,104.94
10488,3832,4,7,3,84.33,0.0,252.99
10489,3832,11,29,1,41.69,0.0,41.69
10490,3833,25,67,1,126.29,0.0,126.29
10491,3834,50,142,4,79.34,0.0,317.36
10492,3834,12,31,1,258.11,0.0,258.11
10493,3834,45,128,2,29.45,0.0,58.9
10494,3835,27,71,2,12.55,0.0,25.1
10495,3836,19,50,1,192.14,0.0,192.14
10496,3837,2,4,3,86.92,0.0,260.76
10497,3837,27,71,1,12.55,0.0,12.55
10498,3837,83,233,5,35.04,0.0,175.2
10499,3837,29,79,5,140.1,0.0,700.5
10500,3838,79,221,2,148.61,0.0,297.22
10501,3839,64,183,3,72.17,0.0,216.51
10502,3840,82,231,1,21.0,0.0,21.0
10503,3840,66,190,1,29.38,0.0,29.38
10504,3840,16,42,3,126.76,0.0,380.28
10505,3841,43,124,2,44.67,0.0,89.34
10506,3841,45,128,2,29.45,0.0,58.9
10507,3841,7,18,2,51.06,0.0,102.12
10508,3842,14,36,2,78.42,0.0,156.84
10509,3842,19,50,2,192.14,0.0,384.28
10510,3843,25,66,1,136.29,0.0,136.29
10511,3844,47,135,1,79.33,0.0,79.33
10512,3844,27,71,2,12.55,0.0,25.1
10513,3845,99,283,4,61.51,0.0,246.04
10514,3845,20,54,5,60.61,0.0,303.05
10515,3846,45,129,1,47.45,0.0,47.45
10516,3847,9,24,5,56.83,0.0,284.15
10517,3847,26,68,5,69.15,0.0,345.75
10518,3848,100,286,2,56.34,0.0,112.68
10519,3848,83,235,4,35.04,0.0,140.16
10520,3848,45,128,1,29.45,0.0,29.45
10521,3848,44,126,1,22.65,0.0,22.65
10522,3849,31,85,2,52.47,0.0,104.94
10523,3849,10,28,5,236.5,0.0,1182.5
10524,3850,36,104,1,15.53,0.0,15.53
10525,3851,48,136,3,45.39,0.0,136.17
10526,3851,51,145,3,51.92,0.0,155.76
10527,3852,40,113,3,133.52,0.0,400.56
10528,3852,42,120,1,72.62,0.0,72.62
10529,3853,20,53,1,75.61,0.0,75.61
10530,3853,41,118,3,40.66,0.0,121.98
10531,3853,50,141,2,97.34,0.0,194.68
10532,3853,62,179,3,147.25,0.0,441.75
10533,3853,47,135,1,79.33,0.0,79.33
10534,3853,16,44,2,121.76,0.0,243.52
10535,3854,6,16,1,126.76,0.0,126.76
10536,3854,20,53,3,75.61,0.0,226.83
10537,3854,19,51,3,192.14,0.0,576.42
10538,3855,76,214,4,66.03,0.0,264.12
10539,3855,11,30,2,36.69,0.0,73.38
10540,3856,27,73,1,7.55,0.0,7.55
10541,3856,56,161,2,40.28,0.0,80.56
10542,3856,4,9,2,99.33,0.0,198.66
10543,3856,36,101,1,15.53,0.0,15.53
10544,3856,31,85,5,52.47,0.0,262.35
10545,3856,67,192,1,77.05,0.0,77.05
10546,3857,15,40,3,176.21,0.0,528.63
10547,3858,63,181,1,65.54,0.0,65.54
10548,3858,46,133,1,88.22,0.0,88.22
10549,3859,54,153,3,13.28,0.0,39.84
10550,3859,57,163,3,58.38,0.0,175.14
10551,3859,55,157,2,17.23,0.0,34.46
10552,3860,4,8,3,89.33,0.0,267.99
10553,3860,19,51,3,192.14,0.0,576.42
10554,3861,37,106,1,18.93,0.0,18.93
10555,3861,53,151,1,44.71,0.0,44.71
10556,3861,8,20,3,193.95,0.0,581.85
10557,3862,88,250,1,45.4,0.0,45.4
10558,3862,95,274,1,7.88,0.0,7.88
10559,3862,51,143,1,37.92,0.0,37.92
10560,3862,48,136,2,45.39,0.0,90.78
10561,3862,33,93,1,51.53,0.0,51.53
10562,3863,100,287,1,44.34,0.0,44.34
10563,3863,25,66,1,136.29,0.0,136.29
10564,3863,69,197,1,22.8,0.0,22.8
10565,3864,18,47,3,98.27,0.0,294.81
10566,3864,2,4,2,86.92,0.0,173.84
10567,3865,28,76,1,158.25,0.0,158.25
10568,3866,40,114,3,128.52,0.0,385.56
10569,3866,48,136,2,45.39,0.0,90.78
10570,3866,21,57,4,67.82,0.0,271.28
10571,3866,21,57,4,67.82,0.0,271.28
10572,3866,72,205,1,153.23,0.0,153.23
10573,3866,13,35,4,145.62,0.0,582.48
10574,3867,2,4,3,86.92,0.0,260.76
10575,3867,38,107,4,159.11,0.0,636.44
10576,3868,29,77,1,135.1,0.0,135.1
10577,3868,96,278,1,80.44,0.0,80.44
10578,3869,15,39,1,161.21,0.0,161.21
10579,3869,66,188,2,32.38,0.0,64.76
10580,3870,32,91,2,186.3,0.0,372.6
10581,3870,35,100,5,32.33,0.0,161.65
10582,3870,84,237,2,38.36,0.0,76.72
10583,3870,61,175,3,69.85,0.0,209.55
10584,3870,12,31,1,258.11,0.0,258.11
10585,3871,21,56,1,72.82,0.0,72.82
10586,3871,2,3,2,81.92,0.0,163.84
10587,3871,68,195,5,162.66,0.0,813.3
10588,3871,32,90,3,176.3,0.0,528.9
10589,3872,83,235,2,35.04,0.0,70.08
10590,3872,91,259,1,35.66,0.0,35.66
10591,3872,4,10,2,84.33,0.0,168.66
10592,3873,13,34,1,155.62,0.0,155.62
10593,3873,70,199,2,132.33,0.0,264.66
10594,3873,61,175,1,69.85,0.0,69.85
10595,3873,2,3,4,81.92,0.0,327.68
10596,3873,98,282,4,69.39,0.0,277.56
10597,3874,18,47,1,98.27,0.0,98.27
10598,3875,24,65,4,107.11,0.0,428.44
10599,3875,70,200,2,129.33,0.0,258.66
10600,3875,33,93,5,51.53,0.0,257.65
10601,3876,26,69,1,64.15,0.0,64.15
10602,3876,56,159,4,58.28,0.0,233.12
10603,3877,52,146,2,65.59,0.0,131.18
10604,3877,74,210,2,212.0,0.0,424.0
10605,3878,6,16,3,126.76,0.0,380.28
10606,3878,43,122,1,12.67,0.0,12.67
10607,3878,56,161,1,40.28,0.0,40.28
10608,3879,12,32,2,243.11,0.0,486.22
10609,3879,68,195,1,162.66,0.0,162.66
10610,3880,31,84,1,47.47,0.0,47.47
10611,3881,15,40,4,176.21,0.0,704.84
10612,3881,54,152,5,31.28,0.0,156.4
10613,3881,74,210,5,212.0,0.0,1060.0
10614,3881,15,39,4,161.21,0.0,644.84
10615,3881,94,270,5,36.87,0.0,184.35
10616,3882,75,211,3,47.67,0.0,143.01
10617,3882,44,127,3,22.65,0.0,67.95
10618,3882,70,200,1,129.33,0.0,129.33
10619,3882,2,3,3,81.92,0.0,245.76
10620,3882,95,274,1,7.88,0.0,7.88
10621,3883,75,212,1,50.67,0.0,50.67
10622,3883,6,15,1,111.76,0.0,111.76
10623,3883,3,5,1,132.59,0.0,132.59
10624,3883,64,184,2,66.17,0.0,132.34
10625,3884,99,283,1,61.51,0.0,61.51
10626,3884,43,122,4,12.67,0.0,50.68
10627,3885,46,133,3,88.22,0.0,264.66
10628,3885,53,149,1,44.71,0.0,44.71
10629,3885,24,65,1,107.11,0.0,107.11
10630,3885,13,33,1,140.62,0.0,140.62
10631,3886,37,106,2,18.93,0.0,37.86
10632,3887,5,11,1,86.21,0.0,86.21
10633,3888,58,165,2,43.21,0.0,86.42
10634,3888,75,211,1,47.67,0.0,47.67
10635,3888,59,170,2,73.83,0.0,147.66
10636,3888,4,8,1,89.33,0.0,89.33
10637,3888,38,109,1,164.11,0.0,164.11
10638,3889,46,132,4,102.22,0.0,408.88
10639,3889,78,219,3,80.43,0.0,241.29
10640,3889,19,50,3,192.14,0.0,576.42
10641,3889,20,54,1,60.61,0.0,60.61
10642,3890,41,117,1,22.66,0.0,22.66
10643,3891,89,254,1,59.85,0.0,59.85
10644,3892,68,194,1,168.66,0.0,168.66
10645,3892,32,91,5,186.3,0.0,931.5
10646,3892,5,14,1,81.21,0.0,81.21
10647,3892,33,94,1,66.53,0.0,66.53
10648,3892,9,24,3,56.83,0.0,170.49
10649,3893,23,62,2,48.88,0.0,97.76
10650,3893,35,99,1,27.33,0.0,27.33
10651,3893,54,152,1,31.28,0.0,31.28
10652,3893,12,32,3,243.11,0.0,729.33
10653,3894,57,163,3,58.38,0.0,175.14
10654,3894,35,99,2,27.33,0.0,54.66
10655,3895,69,198,2,25.8,0.0,51.6
10656,3896,29,79,2,140.1,0.0,280.2
10657,3896,21,56,2,72.82,0.0,145.64
10658,3896,28,75,4,153.25,0.0,613.0
10659,3896,12,32,2,243.11,0.0,486.22
10660,3896,9,22,1,56.83,0.0,56.83
10661,3896,35,99,2,27.33,0.0,54.66
10662,3897,51,144,1,19.92,0.0,19.92
10663,3897,22,58,1,138.97,0.0,138.97
10664,3897,6,15,2,111.76,0.0,223.52
10665,3898,10,27,4,236.5,0.0,946.0
10666,3899,39,111,1,68.78,0.0,68.78
10667,3899,69,198,3,25.8,0.0,77.4
10668,3899,2,3,4,81.92,0.0,327.68
10669,3899,2,3,1,81.92,0.0,81.92
10670,3900,7,19,1,56.06,0.0,56.06
10671,3901,76,214,4,66.03,0.0,264.12
10672,3901,52,147,1,97.59,0.0,97.59
10673,3902,20,53,2,75.61,0.0,151.22
10674,3902,4,9,4,99.33,0.0,397.32
10675,3903,94,271,1,24.87,0.0,24.87
10676,3904,32,91,1,186.3,0.0,186.3
10677,3904,65,185,1,154.37,0.0,154.37
10678,3905,10,28,1,236.5,0.0,236.5
10679,3905,24,65,4,107.11,0.0,428.44
10680,3906,51,145,3,51.92,0.0,155.76
10681,3906,15,40,1,176.21,0.0,176.21
10682,3907,12,31,1,258.11,0.0,258.11
10683,3907,25,66,1,136.29,0.0,136.29
10684,3908,32,89,4,171.3,0.0,685.2
10685,3909,39,112,3,53.78,0.0,161.34
10686,3910,33,94,1,66.53,0.0,66.53
10687,3910,10,27,2,236.5,0.0,473.0
10688,3910,3,6,1,147.59,0.0,147.59
10689,3911,14,37,2,83.42,0.0,166.84
10690,3911,23,61,1,38.88,0.0,38.88
10691,3911,69,197,1,22.8,0.0,22.8
10692,3911,74,209,1,215.0,0.0,215.0
10693,3911,67,191,1,83.05,0.0,83.05
10694,3912,96,275,2,92.44,0.0,184.88
10695,3913,98,282,1,69.39,0.0,69.39
10696,3913,10,27,2,236.5,0.0,473.0
10697,3913,57,162,1,44.38,0.0,44.38
10698,3914,52,146,1,65.59,0.0,65.59
10699,3914,20,55,3,60.61,0.0,181.83
10700,3915,12,32,1,243.11,0.0,243.11
10701,3915,81,229,1,75.08,0.0,75.08
10702,3915,10,27,2,236.5,0.0,473.0
10703,3915,8,21,1,183.95,0.0,183.95
10704,3916,5,11,1,86.21,0.0,86.21
10705,3916,28,74,4,158.25,0.0,633.0
10706,3916,22,59,3,148.97,0.0,446.91
10707,3917,76,215,3,63.03,0.0,189.09
10708,3917,48,136,3,45.39,0.0,136.17
10709,3917,32,91,4,186.3,0.0,745.2
10710,3917,97,280,3,39.57,0.0,118.71
10711,3918,31,85,4,52.47,0.0,209.88
10712,3918,24,63,3,122.11,0.0,366.33
10713,3918,28,74,2,158.25,0.0,316.5
10714,3919,70,199,1,132.33,0.0,132.33
10715,3919,99,284,1,49.51,0.0,49.51
10716,3920,90,256,5,38.11,0.0,190.55
10717,3920,57,163,1,58.38,0.0,58.38
10718,3920,28,75,1,153.25,0.0,153.25
10719,3921,88,252,1,33.4,0.0,33.4
10720,3921,59,168,2,55.83,0.0,111.66
10721,3921,9,23,3,61.83,0.0,185.49
10722,3922,13,34,2,155.62,0.0,311.24
10723,3922,28,74,2,158.25,0.0,316.5
10724,3922,22,59,5,148.97,0.0,744.85
10725,3923,90,256,1,38.11,0.0,38.11
10726,3923,55,156,2,17.23,0.0,34.46
10727,3923,34,96,1,79.03,0.0,79.03
10728,3924,83,233,3,35.04,0.0,105.12
10729,3924,52,147,1,97.59,0.0,97.59
10730,3925,15,39,2,161.21,0.0,322.42
10731,3925,91,258,2,21.66,0.0,43.32
10732,3926,38,107,2,159.11,0.0,318.22
10733,3926,5,13,2,96.21,0.0,192.42
10734,3927,23,62,1,48.88,0.0,48.88
10735,3928,13,34,2,155.62,0.0,311.24
10736,3928,98,282,2,69.39,0.0,138.78
10737,3928,64,184,2,66.17,0.0,132.34
10738,3928,63,181,2,65.54,0.0,131.08
10739,3929,9,22,3,56.83,0.0,170.49
10740,3929,57,164,1,26.38,0.0,26.38
10741,3929,10,28,4,236.5,0.0,946.0
10742,3929,50,141,1,97.34,0.0,97.34
10743,3930,15,40,2,176.21,0.0,352.42
10744,3931,33,94,1,66.53,0.0,66.53
10745,3931,13,35,2,145.62,0.0,291.24
10746,3932,10,28,1,236.5,0.0,236.5
10747,3933,40,114,1,128.52,0.0,128.52
10748,3933,52,147,1,97.59,0.0,97.59
10749,3933,3,6,3,147.59,0.0,442.77
10750,3934,10,28,1,236.5,0.0,236.5
10751,3935,88,252,3,33.4,0.0,100.2
10752,3935,12,32,1,243.11,0.0,243.11
10753,3936,66,188,1,32.38,0.0,32.38
10754,3936,46,133,3,88.22,0.0,264.66
10755,3936,5,12,2,81.21,0.0,162.42
10756,3936,32,89,1,171.3,0.0,171.3
10757,3937,51,143,3,37.92,0.0,113.76
10758,3937,23,60,1,33.88,0.0,33.88
10759,3937,8,20,2,193.95,0.0,387.9
10760,3937,7,17,2,51.06,0.0,102.12
10761,3937,39,110,3,58.78,0.0,176.34
10762,3938,45,128,2,29.45,0.0,58.9
10763,3938,84,239,3,36.36,0.0,109.08
10764,3938,10,25,1,241.5,0.0,241.5
10765,3939,10,26,2,251.5,0.0,503.0
10766,3939,77,217,2,190.3,0.0,380.6
10767,3939,7,17,2,51.06,0.0,102.12
10768,3940,38,107,5,159.11,0.0,795.55
10769,3940,19,50,2,192.14,0.0,384.28
10770,3940,33,93,2,51.53,0.0,103.06
10771,3941,31,87,2,62.47,0.0,124.94
10772,3942,49,139,3,38.68,0.0,116.04
10773,3942,68,196,2,165.66,0.0,331.32
10774,3942,21,56,1,72.82,0.0,72.82
10775,3943,45,128,1,29.45,0.0,29.45
10776,3944,9,24,5,56.83,0.0,284.15
10777,3944,52,147,2,97.59,0.0,195.18
10778,3945,13,35,5,145.62,0.0,728.1
10779,3945,61,175,4,69.85,0.0,279.4
10780,3945,45,129,4,47.45,0.0,189.8
10781,3946,70,199,1,132.33,0.0,132.33
10782,3946,57,163,2,58.38,0.0,116.76
10783,3946,33,93,1,51.53,0.0,51.53
10784,3946,67,191,5,83.05,0.0,415.25
10785,3946,48,136,1,45.39,0.0,45.39
10786,3947,2,3,1,81.92,0.0,81.92
10787,3947,22,59,1,148.97,0.0,148.97
10788,3948,33,94,1,66.53,0.0,66.53
10789,3949,6,15,1,111.76,0.0,111.76
10790,3949,83,234,1,33.04,0.0,33.04
10791,3950,12,31,5,258.11,0.0,1290.55
10792,3950,49,139,2,38.68,0.0,77.36
10793,3951,78,219,2,80.43,0.0,160.86
10794,3952,32,88,2,176.3,0.0,352.6
10795,3952,52,147,4,97.59,0.0,390.36
10796,3953,86,244,2,83.71,0.0,167.42
10797,3953,76,215,5,63.03,0.0,315.15
10798,3954,17,45,1,88.41,0.0,88.41
10799,3954,69,197,1,22.8,0.0,22.8
10800,3955,18,48,1,93.27,0.0,93.27
10801,3955,20,52,3,65.61,0.0,196.83
10802,3955,32,89,4,171.3,0.0,685.2
10803,3955,15,39,1,161.21,0.0,161.21
10804,3956,67,191,3,83.05,0.0,249.15
10805,3956,8,21,1,183.95,0.0,183.95
10806,3956,78,218,3,83.43,0.0,250.29
10807,3957,99,284,3,49.51,0.0,148.53
10808,3957,49,138,1,20.68,0.0,20.68
10809,3958,18,48,2,93.27,0.0,186.54
10810,3958,6,16,4,126.76,0.0,507.04
10811,3959,2,3,2,81.92,0.0,163.84
10812,3959,73,208,2,198.67,0.0,397.34
10813,3959,75,211,1,47.67,0.0,47.67
10814,3959,8,20,4,193.95,0.0,775.8
10815,3960,1,2,3,188.05,0.0,564.15
10816,3960,44,127,2,22.65,0.0,45.3
10817,3960,46,133,3,88.22,0.0,264.66
10818,3960,8,20,1,193.95,0.0,193.95
10819,3961,80,223,3,216.05,0.0,648.15
10820,3961,89,254,2,59.85,0.0,119.7
10821,3962,81,229,2,75.08,0.0,150.16
10822,3963,31,87,3,62.47,0.0,187.41
10823,3963,30,83,4,15.27,0.0,61.08
10824,3964,22,59,5,148.97,0.0,744.85
10825,3964,56,161,1,40.28,0.0,40.28
10826,3965,94,271,3,24.87,0.0,74.61
10827,3965,6,16,1,126.76,0.0,126.76
10828,3965,78,218,5,83.43,0.0,417.15
10829,3966,53,149,1,44.71,0.0,44.71
10830,3967,95,272,1,9.88,0.0,9.88
10831,3967,100,287,3,44.34,0.0,133.02
10832,3968,76,214,3,66.03,0.0,198.09
10833,3969,22,58,1,138.97,0.0,138.97
10834,3969,38,108,2,174.11,0.0,348.22
10835,3969,42,119,5,40.62,0.0,203.1
10836,3969,25,67,3,126.29,0.0,378.87
10837,3969,34,98,2,79.03,0.0,158.06
10838,3969,68,194,1,168.66,0.0,168.66
10839,3970,95,272,2,9.88,0.0,19.76
10840,3970,20,53,1,75.61,0.0,75.61
10841,3970,66,190,1,29.38,0.0,29.38
10842,3971,61,175,1,69.85,0.0,69.85
10843,3971,77,216,2,190.3,0.0,380.6
10844,3971,43,124,1,44.67,0.0,44.67
10845,3971,75,212,3,50.67,0.0,152.01
10846,3972,12,31,4,258.11,0.0,1032.44
10847,3972,33,95,3,56.53,0.0,169.59
10848,3972,42,121,2,40.62,0.0,81.24
10849,3973,47,135,1,79.33,0.0,79.33
10850,3973,42,121,1,40.62,0.0,40.62
10851,3974,73,207,2,192.67,0.0,385.34
10852,3974,19,51,3,192.14,0.0,576.42
10853,3974,94,271,3,24.87,0.0,74.61
10854,3975,32,88,4,176.3,20.0,625.2
10855,3975,10,27,1,236.5,20.0,216.5
10856,3975,29,77,2,135.1,20.0,230.2
10857,3975,19,49,2,207.14,20.0,374.28
10858,3975,79,220,1,151.61,20.0,131.61
10859,3975,9,24,1,56.83,20.0,36.83
10860,3976,59,168,2,55.83,0.0,111.66
10861,3976,68,196,3,165.66,0.0,496.98
10862,3976,7,19,1,56.06,0.0,56.06
10863,3977,70,199,2,132.33,0.0,264.66
10864,3977,14,36,2,78.42,0.0,156.84
10865,3977,28,76,5,158.25,0.0,791.25
10866,3977,77,217,1,190.3,0.0,190.3
10867,3978,71,202,2,18.78,0.0,37.56
10868,3979,91,259,1,35.66,0.0,35.66
10869,3979,56,161,1,40.28,0.0,40.28
10870,3980,53,151,1,44.71,0.0,44.71
10871,3980,87,248,4,66.46,0.0,265.84
10872,3980,19,49,5,207.14,0.0,1035.7
10873,3980,41,118,4,40.66,0.0,162.64
10874,3981,65,187,3,151.37,0.0,454.11
10875,3981,90,257,3,52.11,0.0,156.33
10876,3981,19,50,1,192.14,0.0,192.14
10877,3981,46,131,3,70.22,0.0,210.66
10878,3981,51,143,2,37.92,0.0,75.84
10879,3981,48,136,1,45.39,0.0,45.39
10880,3982,72,204,1,156.23,20.0,136.23
10881,3982,72,205,1,153.23,20.0,133.23
10882,3982,53,150,1,76.71,20.0,56.71
10883,3983,48,136,1,45.39,20.0,25.39
10884,3983,21,57,1,67.82,20.0,47.82
10885,3983,28,76,2,158.25,20.0,276.5
10886,3983,74,210,4,212.0,20.0,768.0
10887,3983,97,280,2,39.57,19.79,39.56
10888,3984,70,200,1,129.33,0.0,129.33
10889,3985,71,201,2,15.78,7.89,15.78
10890,3985,7,19,5,56.06,20.0,180.3
10891,3986,25,67,5,126.29,0.0,631.45
10892,3986,66,188,1,32.38,0.0,32.38
10893,3987,7,19,4,56.06,0.0,224.24
10894,3987,29,77,2,135.1,0.0,270.2
10895,3987,62,177,1,153.25,0.0,153.25
10896,3987,60,171,2,18.2,0.0,36.4
10897,3988,2,3,2,81.92,0.0,163.84
10898,3988,38,107,2,159.11,0.0,318.22
10899,3988,44,126,3,22.65,0.0,67.95
10900,3989,90,257,1,52.11,20.0,32.11
10901,3989,28,75,2,153.25,20.0,266.5
10902,3990,4,9,1,99.33,0.0,99.33
10903,3991,9,23,4,61.83,0.0,247.32
10904,3991,57,164,1,26.38,0.0,26.38
10905,3992,11,30,1,36.69,0.0,36.69
10906,3992,79,222,2,145.61,0.0,291.22
10907,3992,3,6,3,147.59,0.0,442.77
10908,3992,78,219,2,80.43,0.0,160.86
10909,3992,38,109,1,164.11,0.0,164.11
10910,3993,25,66,1,136.29,0.0,136.29
10911,3993,45,129,1,47.45,0.0,47.45
10912,3993,8,20,2,193.95,0.0,387.9
10913,3994,63,182,1,65.54,20.0,45.54
10914,3995,34,97,5,89.03,0.0,445.15
10915,3995,80,224,4,213.05,0.0,852.2
10916,3995,7,17,1,51.06,0.0,51.06
10917,3995,28,74,4,158.25,0.0,633.0
10918,3995,56,161,5,40.28,0.0,201.4
10919,3996,59,169,1,87.83,0.0,87.83
10920,3996,71,202,1,18.78,0.0,18.78
10921,3996,48,137,3,45.39,0.0,136.17
10922,3997,29,77,3,135.1,20.0,345.3
10923,3998,86,246,1,85.71,0.0,85.71
10924,3998,47,134,4,97.33,0.0,389.32
10925,3999,24,64,5,112.11,0.0,560.55
10926,3999,16,42,5,126.76,0.0,633.8
10927,3999,6,15,4,111.76,0.0,447.04
10928,3999,42,121,3,40.62,0.0,121.86
10929,4000,20,54,1,60.61,0.0,60.61
10930,4000,37,105,4,23.93,0.0,95.72
10931,4000,19,51,1,192.14,0.0,192.14
10932,4000,66,190,1,29.38,0.0,29.38
10933,4001,48,136,5,45.39,0.0,226.95
10934,4001,52,147,2,97.59,0.0,195.18
10935,4001,34,96,4,79.03,0.0,316.12
10936,4002,35,99,4,27.33,0.0,109.32
10937,4002,77,217,3,190.3,0.0,570.9
10938,4002,39,111,1,68.78,0.0,68.78
10939,4003,11,30,1,36.69,0.0,36.69
10940,4003,39,111,3,68.78,0.0,206.34
10941,4003,60,171,1,18.2,0.0,18.2
10942,4004,55,156,3,17.23,8.62,25.83
10943,4004,25,67,4,126.29,20.0,425.16
10944,4005,74,210,1,212.0,0.0,212.0
10945,4005,47,135,1,79.33,0.0,79.33
10946,4006,3,5,1,132.59,0.0,132.59
10947,4007,66,188,1,32.38,16.19,16.19
10948,4007,74,210,2,212.0,20.0,384.0
10949,4008,62,180,1,150.25,0.0,150.25
10950,4008,62,180,2,150.25,0.0,300.5
10951,4009,68,194,3,168.66,0.0,505.98
10952,4009,23,60,4,33.88,0.0,135.52
10953,4010,12,31,5,258.11,0.0,1290.55
10954,4010,13,34,4,155.62,0.0,622.48
10955,4011,55,155,3,49.23,0.0,147.69
10956,4011,11,29,4,41.69,0.0,166.76
10957,4011,8,20,1,193.95,0.0,193.95
10958,4011,11,29,1,41.69,0.0,41.69
10959,4012,3,6,3,147.59,0.0,442.77
10960,4012,91,259,5,35.66,0.0,178.3
10961,4012,31,87,2,62.47,0.0,124.94
10962,4012,4,7,1,84.33,0.0,84.33
10963,4013,12,31,2,258.11,0.0,516.22
10964,4014,20,53,4,75.61,0.0,302.44
10965,4014,77,216,1,190.3,0.0,190.3
10966,4014,57,162,2,44.38,0.0,88.76
10967,4014,23,60,1,33.88,0.0,33.88
10968,4015,33,95,2,56.53,20.0,73.06
10969,4015,28,76,5,158.25,20.0,691.25
10970,4015,27,72,5,22.55,11.28,56.35
10971,4015,85,242,1,4.99,2.5,2.49
10972,4015,43,123,3,12.67,6.33,19.02
10973,4016,59,168,3,55.83,0.0,167.49
10974,4017,38,108,2,174.11,20.0,308.22
10975,4017,33,93,1,51.53,20.0,31.53
10976,4017,13,33,5,140.62,20.0,603.1
10977,4017,36,104,3,15.53,7.76,23.31
10978,4017,76,214,1,66.03,20.0,46.03
10979,4018,25,66,3,136.29,20.0,348.87
10980,4018,1,2,2,188.05,20.0,336.1
10981,4018,60,172,1,18.2,9.1,9.1
10982,4019,89,255,1,61.85,20.0,41.85
10983,4019,36,102,2,25.53,12.77,25.52
10984,4020,12,31,1,258.11,20.0,238.11
10985,4020,20,53,2,75.61,20.0,111.22
10986,4020,7,19,1,56.06,20.0,36.06
10987,4021,58,165,1,43.21,0.0,43.21
10988,4021,39,110,2,58.78,0.0,117.56
10989,4021,53,149,2,44.71,0.0,89.42
10990,4021,67,192,1,77.05,0.0,77.05
10991,4021,29,80,2,140.1,0.0,280.2
10992,4021,20,52,1,65.61,0.0,65.61
10993,4022,98,281,4,83.39,20.0,253.56
10994,4022,60,173,2,36.2,18.1,36.2
10995,4022,51,143,1,37.92,18.96,18.96
10996,4022,88,252,4,33.4,16.7,66.8
10997,4023,34,96,2,79.03,0.0,158.06
10998,4023,25,67,3,126.29,0.0,378.87
10999,4023,76,214,1,66.03,0.0,66.03
11000,4024,4,7,1,84.33,20.0,64.33
11001,4024,46,131,2,70.22,20.0,100.44
11002,4024,14,37,2,83.42,20.0,126.84
11003,4024,20,52,1,65.61,20.0,45.61
11004,4025,19,50,1,192.14,0.0,192.14
11005,4026,92,265,1,74.75,0.0,74.75
11006,4026,69,197,1,22.8,0.0,22.8
11007,4026,64,184,4,66.17,0.0,264.68
11008,4027,38,107,1,159.11,0.0,159.11
11009,4027,26,68,1,69.15,0.0,69.15
11010,4027,5,11,1,86.21,0.0,86.21
11011,4027,96,277,1,80.44,0.0,80.44
11012,4028,83,234,2,33.04,0.0,66.08
11013,4028,97,280,1,39.57,0.0,39.57
11014,4028,21,56,5,72.82,0.0,364.1
11015,4028,18,47,4,98.27,0.0,393.08
11016,4028,19,50,1,192.14,0.0,192.14
11017,4028,100,287,4,44.34,0.0,177.36
11018,4029,70,199,1,132.33,0.0,132.33
11019,4029,19,50,1,192.14,0.0,192.14
11020,4029,34,96,3,79.03,0.0,237.09
11021,4030,25,66,2,136.29,20.0,232.58
11022,4030,7,18,4,51.06,20.0,124.24
11023,4030,100,285,4,42.34,20.0,89.36
11024,4030,8,21,4,183.95,20.0,655.8
11025,4030,62,178,1,150.25,20.0,130.25
11026,4031,30,82,1,10.27,5.13,5.14
11027,4032,51,145,2,51.92,20.0,63.84
11028,4032,11,29,1,41.69,20.0,21.69
11029,4033,19,51,2,192.14,0.0,384.28
11030,4033,11,30,1,36.69,0.0,36.69
11031,4033,17,46,4,83.41,0.0,333.64
11032,4033,14,37,4,83.42,0.0,333.68
11033,4033,58,165,2,43.21,0.0,86.42
11034,4034,29,79,4,140.1,20.0,480.4
11035,4034,38,109,4,164.11,20.0,576.44
11036,4034,9,24,1,56.83,20.0,36.83
11037,4035,3,6,2,147.59,0.0,295.18
11038,4035,44,126,3,22.65,0.0,67.95
11039,4035,58,166,2,61.21,0.0,122.42
11040,4036,43,124,1,44.67,0.0,44.67
11041,4036,31,87,1,62.47,0.0,62.47
11042,4036,69,197,2,22.8,0.0,45.6
11043,4037,31,85,2,52.47,20.0,64.94
11044,4037,84,237,4,38.36,19.18,76.72
11045,4037,71,202,1,18.78,9.39,9.39
11046,4037,32,90,5,176.3,20.0,781.5
11047,4037,60,173,2,36.2,18.1,36.2
11048,4038,29,77,1,135.1,0.0,135.1
11049,4038,96,275,1,92.44,0.0,92.44
11050,4038,75,213,1,44.67,0.0,44.67
11051,4038,26,70,3,69.15,0.0,207.45
11052,4038,12,31,2,258.11,0.0,516.22
11053,4039,89,254,3,59.85,20.0,119.55
11054,4040,51,145,4,51.92,0.0,207.68
11055,4040,9,22,2,56.83,0.0,113.66
11056,4041,36,104,1,15.53,0.0,15.53
11057,4041,2,3,2,81.92,0.0,163.84
11058,4041,1,1,2,193.05,0.0,386.1
11059,4042,50,140,2,111.34,0.0,222.68
11060,4042,18,48,3,93.27,0.0,279.81
11061,4043,24,64,2,112.11,0.0,224.22
11062,4043,77,216,3,190.3,0.0,570.9
11063,4044,66,189,1,26.38,13.19,13.19
11064,4045,9,23,1,61.83,0.0,61.83
11065,4045,70,200,2,129.33,0.0,258.66
11066,4045,93,266,2,27.84,0.0,55.68
11067,4046,43,124,1,44.67,0.0,44.67
11068,4046,3,5,1,132.59,0.0,132.59
11069,4047,59,169,4,87.83,0.0,351.32
11070,4047,20,55,3,60.61,0.0,181.83
11071,4047,42,121,5,40.62,0.0,203.1
11072,4048,64,183,3,72.17,0.0,216.51
11073,4048,18,48,2,93.27,0.0,186.54
11074,4048,69,197,4,22.8,0.0,91.2
11075,4048,8,21,4,183.95,0.0,735.8
11076,4049,76,214,2,66.03,0.0,132.06
11077,4049,16,42,3,126.76,0.0,380.28
11078,4049,43,123,1,12.67,0.0,12.67
11079,4050,2,4,1,86.92,0.0,86.92
11080,4050,18,47,3,98.27,0.0,294.81
11081,4051,70,199,1,132.33,0.0,132.33
11082,4051,23,62,1,48.88,0.0,48.88
11083,4051,61,176,1,66.85,0.0,66.85
11084,4052,58,165,3,43.21,0.0,129.63
11085,4052,47,135,1,79.33,0.0,79.33
11086,4053,69,198,1,25.8,0.0,25.8
11087,4053,47,134,1,97.33,0.0,97.33
11088,4054,53,149,1,44.71,0.0,44.71
11089,4055,28,74,1,158.25,0.0,158.25
11090,4055,7,17,1,51.06,0.0,51.06
11091,4055,74,210,1,212.0,0.0,212.0
11092,4055,73,208,3,198.67,0.0,596.01
11093,4055,29,78,5,150.1,0.0,750.5
11094,4055,34,98,2,79.03,0.0,158.06
11095,4056,96,277,2,80.44,0.0,160.88
11096,4056,65,187,3,151.37,0.0,454.11
11097,4056,84,238,5,38.36,0.0,191.8
11098,4056,66,190,3,29.38,0.0,88.14
11099,4056,66,188,1,32.38,0.0,32.38
11100,4057,68,196,2,165.66,0.0,331.32
11101,4057,81,227,2,63.08,0.0,126.16
11102,4057,88,252,5,33.4,0.0,167.0
11103,4057,30,81,2,25.27,0.0,50.54
11104,4058,3,5,3,132.59,0.0,397.77
11105,4058,99,284,1,49.51,0.0,49.51
11106,4058,98,282,1,69.39,0.0,69.39
11107,4058,19,49,3,207.14,0.0,621.42
11108,4059,18,47,5,98.27,0.0,491.35
11109,4060,4,9,4,99.33,0.0,397.32
11110,4060,54,153,2,13.28,0.0,26.56
11111,4061,64,183,4,72.17,0.0,288.68
11112,4062,37,105,2,23.93,0.0,47.86
11113,4062,20,52,2,65.61,0.0,131.22
11114,4063,3,5,2,132.59,0.0,265.18
11115,4063,82,232,1,33.0,0.0,33.0
11116,4063,85,242,5,4.99,0.0,24.95
11117,4064,5,13,5,96.21,0.0,481.05
11118,4065,44,127,1,22.65,0.0,22.65
11119,4066,37,106,2,18.93,0.0,37.86
11120,4066,66,189,2,26.38,0.0,52.76
11121,4067,2,4,3,86.92,0.0,260.76
11122,4067,25,67,5,126.29,0.0,631.45
11123,4067,40,116,5,143.52,0.0,717.6
11124,4067,70,199,3,132.33,0.0,396.99
11125,4067,24,63,3,122.11,0.0,366.33
11126,4068,67,192,3,77.05,0.0,231.15
11127,4069,56,158,1,72.28,0.0,72.28
11128,4070,64,183,2,72.17,0.0,144.34
11129,4070,19,50,3,192.14,0.0,576.42
11130,4070,44,126,3,22.65,0.0,67.95
11131,4070,7,17,5,51.06,0.0,255.3
11132,4071,92,265,1,74.75,0.0,74.75
11133,4071,34,96,1,79.03,0.0,79.03
11134,4072,28,74,3,158.25,0.0,474.75
11135,4073,67,191,1,83.05,0.0,83.05
11136,4074,86,245,1,85.71,0.0,85.71
11137,4075,55,155,2,49.23,0.0,98.46
11138,4075,5,11,3,86.21,0.0,258.63
11139,4075,67,192,1,77.05,0.0,77.05
11140,4076,37,105,2,23.93,0.0,47.86
11141,4076,15,40,2,176.21,0.0,352.42
11142,4077,38,107,2,159.11,0.0,318.22
11143,4077,50,140,3,111.34,0.0,334.02
11144,4077,40,114,1,128.52,0.0,128.52
11145,4078,52,147,3,97.59,0.0,292.77
11146,4078,40,113,1,133.52,0.0,133.52
11147,4078,15,39,4,161.21,0.0,644.84
11148,4079,76,215,5,63.03,0.0,315.15
11149,4079,13,35,2,145.62,0.0,291.24
11150,4079,60,172,3,18.2,0.0,54.6
11151,4079,55,156,2,17.23,0.0,34.46
11152,4079,28,75,1,153.25,0.0,153.25
11153,4079,38,108,1,174.11,0.0,174.11
11154,4080,21,56,1,72.82,0.0,72.82
11155,4080,21,56,1,72.82,0.0,72.82
11156,4081,45,129,4,47.45,0.0,189.8
11157,4081,9,24,3,56.83,0.0,170.49
11158,4081,7,19,1,56.06,0.0,56.06
11159,4081,28,75,1,153.25,0.0,153.25
11160,4081,3,5,1,132.59,0.0,132.59
11161,4082,23,61,2,38.88,0.0,77.76
11162,4082,10,25,1,241.5,0.0,241.5
11163,4082,100,285,2,42.34,0.0,84.68
11164,4083,9,23,1,61.83,0.0,61.83
11165,4084,7,17,3,51.06,0.0,153.18
11166,4084,30,81,1,25.27,0.0,25.27
11167,4084,22,59,5,148.97,0.0,744.85
11168,4085,78,218,1,83.43,0.0,83.43
11169,4085,76,215,4,63.03,0.0,252.12
11170,4085,68,193,3,165.66,0.0,496.98
11171,4085,14,38,4,93.42,0.0,373.68
11172,4085,15,39,2,161.21,0.0,322.42
11173,4085,92,264,2,62.75,0.0,125.5
11174,4086,66,188,1,32.38,0.0,32.38
11175,4086,77,216,1,190.3,0.0,190.3
11176,4086,19,51,1,192.14,0.0,192.14
11177,4086,40,116,1,143.52,0.0,143.52
11178,4086,46,132,1,102.22,0.0,102.22
11179,4087,91,260,1,23.66,0.0,23.66
11180,4087,7,17,3,51.06,0.0,153.18
11181,4087,74,209,2,215.0,0.0,430.0
11182,4087,54,152,3,31.28,0.0,93.84
11183,4088,29,80,3,140.1,0.0,420.3
11184,4089,41,118,2,40.66,0.0,81.32
11185,4089,31,84,1,47.47,0.0,47.47
11186,4089,87,247,3,64.46,0.0,193.38
11187,4090,78,218,4,83.43,0.0,333.72
11188,4090,75,213,1,44.67,0.0,44.67
11189,4090,49,138,5,20.68,0.0,103.4
11190,4090,32,91,2,186.3,0.0,372.6
11191,4091,57,162,2,44.38,0.0,88.76
11192,4091,17,45,1,88.41,0.0,88.41
11193,4091,91,258,2,21.66,0.0,43.32
11194,4091,100,285,2,42.34,0.0,84.68
11195,4091,72,205,1,153.23,0.0,153.23
11196,4092,6,16,1,126.76,0.0,126.76
11197,4093,31,85,2,52.47,0.0,104.94
11198,4094,55,157,4,17.23,0.0,68.92
11199,4094,21,57,2,67.82,0.0,135.64
11200,4094,19,50,1,192.14,0.0,192.14
11201,4094,58,165,4,43.21,0.0,172.84
11202,4094,7,17,5,51.06,0.0,255.3
11203,4095,9,24,3,56.83,0.0,170.49
11204,4096,22,58,3,138.97,0.0,416.91
11205,4096,1,1,1,193.05,0.0,193.05
11206,4097,36,103,3,10.53,0.0,31.59
11207,4097,3,5,3,132.59,0.0,397.77
11208,4098,6,16,5,126.76,0.0,633.8
11209,4098,9,24,2,56.83,0.0,113.66
11210,4098,63,181,1,65.54,0.0,65.54
11211,4098,26,69,1,64.15,0.0,64.15
11212,4098,1,1,2,193.05,0.0,386.1
11213,4099,77,217,1,190.3,0.0,190.3
11214,4099,28,76,1,158.25,0.0,158.25
11215,4099,90,256,2,38.11,0.0,76.22
11216,4099,65,187,2,151.37,0.0,302.74
11217,4100,87,248,1,66.46,0.0,66.46
11218,4100,77,217,5,190.3,0.0,951.5
11219,4101,33,95,2,56.53,0.0,113.06
11220,4102,5,11,2,86.21,0.0,172.42
11221,4102,38,107,1,159.11,0.0,159.11
11222,4103,6,15,3,111.76,0.0,335.28
11223,4103,14,37,2,83.42,0.0,166.84
11224,4103,30,83,2,15.27,0.0,30.54
11225,4103,51,143,4,37.92,0.0,151.68
11226,4104,29,77,1,135.1,0.0,135.1
11227,4104,32,90,2,176.3,0.0,352.6
11228,4104,70,200,1,129.33,0.0,129.33
11229,4105,25,67,3,126.29,0.0,378.87
11230,4105,12,32,1,243.11,0.0,243.11
11231,4106,11,30,3,36.69,0.0,110.07
11232,4106,57,162,1,44.38,0.0,44.38
11233,4107,29,78,1,150.1,0.0,150.1
11234,4107,14,37,2,83.42,0.0,166.84
11235,4108,91,260,2,23.66,0.0,47.32
11236,4109,99,284,2,49.51,0.0,99.02
11237,4109,80,223,1,216.05,0.0,216.05
11238,4110,49,138,1,20.68,0.0,20.68
11239,4110,36,101,2,15.53,0.0,31.06
11240,4110,57,162,5,44.38,0.0,221.9
11241,4110,15,39,1,161.21,0.0,161.21
11242,4110,77,217,3,190.3,0.0,570.9
11243,4111,27,71,2,12.55,0.0,25.1
11244,4112,71,203,2,18.78,0.0,37.56
11245,4112,93,267,1,29.84,0.0,29.84
11246,4113,51,145,2,51.92,0.0,103.84
11247,4114,23,62,5,48.88,0.0,244.4
11248,4115,19,50,2,192.14,0.0,384.28
11249,4116,14,36,1,78.42,0.0,78.42
11250,4116,96,277,1,80.44,0.0,80.44
11251,4116,15,40,5,176.21,0.0,881.05
11252,4117,8,20,2,193.95,0.0,387.9
11253,4117,58,166,1,61.21,0.0,61.21
11254,4117,43,122,3,12.67,0.0,38.01
11255,4117,11,30,1,36.69,0.0,36.69
11256,4118,15,39,2,161.21,0.0,322.42
11257,4119,8,20,2,193.95,0.0,387.9
11258,4119,2,4,2,86.92,0.0,173.84
11259,4119,72,204,2,156.23,0.0,312.46
11260,4119,17,45,1,88.41,0.0,88.41
11261,4120,13,33,2,140.62,0.0,281.24
11262,4120,78,219,1,80.43,0.0,80.43
11263,4121,51,143,1,37.92,0.0,37.92
11264,4122,85,241,3,6.14,0.0,18.42
11265,4122,76,215,5,63.03,0.0,315.15
11266,4122,17,45,3,88.41,0.0,265.23
11267,4123,86,246,1,85.71,0.0,85.71
11268,4124,22,59,4,148.97,0.0,595.88
11269,4125,55,154,3,35.23,0.0,105.69
11270,4125,96,275,3,92.44,0.0,277.32
11271,4126,96,277,1,80.44,0.0,80.44
11272,4127,23,61,1,38.88,0.0,38.88
11273,4127,86,244,2,83.71,0.0,167.42
11274,4128,100,287,3,44.34,0.0,133.02
11275,4129,78,219,4,80.43,0.0,321.72
11276,4130,47,134,1,97.33,0.0,97.33
11277,4131,36,103,1,10.53,0.0,10.53
11278,4131,11,30,1,36.69,0.0,36.69
11279,4131,28,74,1,158.25,0.0,158.25
11280,4131,100,285,2,42.34,0.0,84.68
11281,4131,25,66,1,136.29,0.0,136.29
11282,4131,2,3,3,81.92,0.0,245.76
11283,4132,58,166,3,61.21,0.0,183.63
11284,4132,9,22,3,56.83,0.0,170.49
11285,4132,58,166,4,61.21,0.0,244.84
11286,4132,58,165,4,43.21,0.0,172.84
11287,4133,49,138,4,20.68,0.0,82.72
11288,4133,45,128,1,29.45,0.0,29.45
11289,4133,73,206,1,195.67,0.0,195.67
11290,4134,71,202,2,18.78,0.0,37.56
11291,4134,67,191,1,83.05,0.0,83.05
11292,4135,69,197,3,22.8,0.0,68.4
11293,4135,59,168,1,55.83,0.0,55.83
11294,4135,95,273,2,21.88,0.0,43.76
11295,4135,6,15,1,111.76,0.0,111.76
11296,4136,67,192,1,77.05,0.0,77.05
11297,4136,16,41,2,121.76,0.0,243.52
11298,4136,91,260,2,23.66,0.0,47.32
11299,4137,45,128,2,29.45,0.0,58.9
11300,4137,13,34,2,155.62,0.0,311.24
11301,4138,39,111,3,68.78,0.0,206.34
11302,4138,49,138,2,20.68,0.0,41.36
11303,4139,58,166,1,61.21,0.0,61.21
11304,4140,57,162,2,44.38,0.0,88.76
11305,4141,72,205,1,153.23,0.0,153.23
11306,4141,12,31,1,258.11,0.0,258.11
11307,4141,33,95,2,56.53,0.0,113.06
11308,4141,46,131,2,70.22,0.0,140.44
11309,4141,76,215,1,63.03,0.0,63.03
11310,4141,18,48,2,93.27,0.0,186.54
11311,4142,26,69,3,64.15,0.0,192.45
11312,4142,27,71,1,12.55,0.0,12.55
11313,4142,3,5,4,132.59,0.0,530.36
11314,4142,8,20,1,193.95,0.0,193.95
11315,4143,16,42,1,126.76,0.0,126.76
11316,4143,98,281,1,83.39,0.0,83.39
11317,4143,24,63,2,122.11,0.0,244.22
11318,4143,52,146,2,65.59,0.0,131.18
11319,4143,73,208,1,198.67,0.0,198.67
11320,4143,7,17,1,51.06,0.0,51.06
11321,4144,22,59,1,148.97,0.0,148.97
11322,4145,14,38,2,93.42,0.0,186.84
11323,4145,81,228,1,63.08,0.0,63.08
11324,4146,11,29,1,41.69,0.0,41.69
11325,4146,42,121,3,40.62,0.0,121.86
11326,4147,7,17,2,51.06,0.0,102.12
11327,4147,59,167,1,55.83,0.0,55.83
11328,4148,14,36,3,78.42,0.0,235.26
11329,4148,1,2,5,188.05,0.0,940.25
11330,4149,60,173,2,36.2,0.0,72.4
11331,4150,49,138,1,20.68,0.0,20.68
11332,4150,52,147,1,97.59,0.0,97.59
11333,4151,34,98,3,79.03,0.0,237.09
11334,4151,62,179,2,147.25,0.0,294.5
11335,4151,1,2,4,188.05,0.0,752.2
11336,4151,49,138,3,20.68,0.0,62.04
11337,4151,67,191,1,83.05,0.0,83.05
11338,4152,43,123,1,12.67,0.0,12.67
11339,4152,67,191,1,83.05,0.0,83.05
11340,4152,84,236,2,50.36,0.0,100.72
11341,4153,17,46,1,83.41,0.0,83.41
11342,4153,32,90,1,176.3,0.0,176.3
11343,4153,3,5,2,132.59,0.0,265.18
11344,4154,19,51,5,192.14,0.0,960.7
11345,4154,8,21,2,183.95,0.0,367.9
11346,4154,42,119,2,40.62,0.0,81.24
11347,4155,47,134,2,97.33,0.0,194.66
11348,4155,83,233,1,35.04,0.0,35.04
11349,4156,41,118,1,40.66,0.0,40.66
11350,4156,65,186,1,154.37,0.0,154.37
11351,4156,29,80,1,140.1,0.0,140.1
11352,4157,65,187,2,151.37,0.0,302.74
11353,4157,21,56,5,72.82,0.0,364.1
11354,4157,73,207,4,192.67,0.0,770.68
11355,4157,14,38,2,93.42,0.0,186.84
11356,4158,7,19,1,56.06,0.0,56.06
11357,4158,18,47,2,98.27,0.0,196.54
11358,4159,32,90,5,176.3,0.0,881.5
11359,4159,88,252,3,33.4,0.0,100.2
11360,4159,29,80,2,140.1,0.0,280.2
11361,4160,62,180,1,150.25,0.0,150.25
11362,4160,8,20,1,193.95,0.0,193.95
11363,4161,35,99,5,27.33,0.0,136.65
11364,4161,30,83,1,15.27,0.0,15.27
11365,4161,39,110,1,58.78,0.0,58.78
11366,4161,12,31,5,258.11,0.0,1290.55
11367,4161,38,108,1,174.11,0.0,174.11
11368,4162,13,35,1,145.62,0.0,145.62
11369,4163,52,147,4,97.59,0.0,390.36
11370,4163,73,206,4,195.67,0.0,782.68
11371,4163,50,140,3,111.34,0.0,334.02
11372,4163,58,166,1,61.21,0.0,61.21
11373,4164,87,247,3,64.46,0.0,193.38
11374,4164,70,199,1,132.33,0.0,132.33
11375,4165,17,46,4,83.41,0.0,333.64
11376,4165,36,104,2,15.53,0.0,31.06
11377,4166,32,91,4,186.3,0.0,745.2
11378,4166,46,132,2,102.22,0.0,204.44
11379,4166,55,156,4,17.23,0.0,68.92
11380,4167,62,177,2,153.25,0.0,306.5
11381,4167,45,128,1,29.45,0.0,29.45
11382,4167,21,57,3,67.82,0.0,203.46
11383,4167,80,224,3,213.05,0.0,639.15
11384,4167,18,48,1,93.27,0.0,93.27
11385,4168,71,201,4,15.78,0.0,63.12
11386,4169,7,19,2,56.06,0.0,112.12
11387,4170,59,168,1,55.83,0.0,55.83
11388,4170,2,3,2,81.92,0.0,163.84
11389,4170,44,127,1,22.65,0.0,22.65
11390,4170,66,189,5,26.38,0.0,131.9
11391,4170,90,256,1,38.11,0.0,38.11
11392,4171,49,138,1,20.68,0.0,20.68
11393,4171,90,256,1,38.11,0.0,38.11
11394,4171,56,158,1,72.28,0.0,72.28
11395,4172,14,36,3,78.42,0.0,235.26
11396,4173,93,267,1,29.84,0.0,29.84
11397,4173,54,152,2,31.28,0.0,62.56
11398,4173,61,174,2,72.85,0.0,145.7
11399,4174,20,53,3,75.61,0.0,226.83
11400,4174,43,122,1,12.67,0.0,12.67
11401,4174,76,215,5,63.03,0.0,315.15
11402,4174,8,21,3,183.95,0.0,551.85
11403,4174,44,125,2,40.65,0.0,81.3
11404,4175,20,52,1,65.61,0.0,65.61
11405,4175,3,6,3,147.59,0.0,442.77
11406,4176,32,89,4,171.3,0.0,685.2
11407,4176,80,225,2,213.05,0.0,426.1
11408,4176,34,96,3,79.03,0.0,237.09
11409,4176,38,107,4,159.11,0.0,636.44
11410,4176,57,162,3,44.38,0.0,133.14
11411,4176,14,37,2,83.42,0.0,166.84
11412,4177,15,39,2,161.21,0.0,322.42
11413,4177,78,219,4,80.43,0.0,321.72
11414,4177,70,199,5,132.33,0.0,661.65
11415,4178,65,187,1,151.37,0.0,151.37
11416,4178,42,121,2,40.62,0.0,81.24
11417,4178,90,256,3,38.11,0.0,114.33
11418,4178,46,130,2,70.22,0.0,140.44
11419,4179,53,149,2,44.71,0.0,89.42
11420,4179,36,101,2,15.53,0.0,31.06
11421,4179,97,280,2,39.57,0.0,79.14
11422,4179,45,128,1,29.45,0.0,29.45
11423,4179,86,245,2,85.71,0.0,171.42
11424,4180,54,153,2,13.28,0.0,26.56
11425,4180,53,148,4,62.71,0.0,250.84
11426,4181,39,111,5,68.78,0.0,343.9
11427,4181,69,197,2,22.8,0.0,45.6
11428,4182,30,83,2,15.27,0.0,30.54
11429,4182,37,106,2,18.93,0.0,37.86
11430,4183,6,15,3,111.76,0.0,335.28
11431,4183,49,138,3,20.68,0.0,62.04
11432,4184,24,64,1,112.11,0.0,112.11
11433,4184,92,265,1,74.75,0.0,74.75
11434,4185,52,146,2,65.59,0.0,131.18
11435,4186,73,206,2,195.67,0.0,391.34
11436,4186,66,189,1,26.38,0.0,26.38
11437,4186,91,259,3,35.66,0.0,106.98
11438,4186,55,155,4,49.23,0.0,196.92
11439,4187,92,264,1,62.75,0.0,62.75
11440,4187,14,36,1,78.42,0.0,78.42
11441,4188,8,21,3,183.95,0.0,551.85
11442,4189,58,166,5,61.21,0.0,306.05
11443,4190,89,254,1,59.85,0.0,59.85
11444,4190,39,112,2,53.78,0.0,107.56
11445,4191,60,173,1,36.2,0.0,36.2
11446,4191,55,156,2,17.23,0.0,34.46
11447,4192,1,2,2,188.05,0.0,376.1
11448,4192,49,139,3,38.68,0.0,116.04
11449,4193,64,183,1,72.17,0.0,72.17
11450,4193,67,191,1,83.05,0.0,83.05
11451,4193,44,127,3,22.65,0.0,67.95
11452,4193,56,161,2,40.28,0.0,80.56
11453,4194,42,121,1,40.62,0.0,40.62
11454,4194,44,127,1,22.65,0.0,22.65
11455,4195,27,73,4,7.55,0.0,30.2
11456,4195,54,153,2,13.28,0.0,26.56
11457,4195,60,172,5,18.2,0.0,91.0
11458,4196,65,186,2,154.37,0.0,308.74
11459,4197,46,131,2,70.22,0.0,140.44
11460,4197,12,31,3,258.11,0.0,774.33
11461,4197,44,126,2,22.65,0.0,45.3
11462,4197,2,4,1,86.92,0.0,86.92
11463,4198,10,25,4,241.5,0.0,966.0
11464,4199,54,152,2,31.28,0.0,62.56
11465,4200,6,16,3,126.76,0.0,380.28
11466,4201,41,117,4,22.66,0.0,90.64
11467,4201,52,146,3,65.59,0.0,196.77
11468,4201,25,66,2,136.29,0.0,272.58
11469,4201,6,15,4,111.76,0.0,447.04
11470,4201,33,95,4,56.53,0.0,226.12
11471,4202,4,8,1,89.33,0.0,89.33
11472,4203,76,214,2,66.03,0.0,132.06
11473,4203,43,123,1,12.67,0.0,12.67
11474,4204,24,63,2,122.11,0.0,244.22
11475,4205,13,35,2,145.62,0.0,291.24
11476,4205,11,29,3,41.69,0.0,125.07
11477,4206,61,176,2,66.85,0.0,133.7
11478,4206,75,211,2,47.67,0.0,95.34
11479,4207,58,166,1,61.21,0.0,61.21
11480,4207,3,6,1,147.59,0.0,147.59
11481,4207,73,207,2,192.67,0.0,385.34
11482,4208,25,67,3,126.29,0.0,378.87
11483,4209,48,136,1,45.39,0.0,45.39
11484,4209,93,268,1,29.84,0.0,29.84
11485,4209,10,25,2,241.5,0.0,483.0
11486,4210,97,280,2,39.57,0.0,79.14
11487,4210,55,154,3,35.23,0.0,105.69
11488,4211,82,232,1,33.0,0.0,33.0
11489,4211,88,251,5,33.4,0.0,167.0
11490,4212,67,192,1,77.05,0.0,77.05
11491,4213,67,191,3,83.05,0.0,249.15
11492,4213,6,16,4,126.76,0.0,507.04
11493,4213,50,141,4,97.34,0.0,389.36
11494,4214,32,89,1,171.3,0.0,171.3
11495,4214,6,15,2,111.76,0.0,223.52
11496,4215,46,132,1,102.22,0.0,102.22
11497,4215,55,156,1,17.23,0.0,17.23
11498,4215,77,216,3,190.3,0.0,570.9
11499,4216,9,22,1,56.83,0.0,56.83
11500,4216,1,2,5,188.05,0.0,940.25
11501,4216,59,168,4,55.83,0.0,223.32
11502,4216,64,184,3,66.17,0.0,198.51
11503,4217,44,127,3,22.65,0.0,67.95
11504,4217,34,97,1,89.03,0.0,89.03
11505,4217,60,171,2,18.2,0.0,36.4
11506,4217,31,84,5,47.47,0.0,237.35
11507,4218,36,101,3,15.53,0.0,46.59
11508,4218,65,186,1,154.37,0.0,154.37
11509,4219,13,33,2,140.62,0.0,281.24
11510,4220,69,197,2,22.8,0.0,45.6
11511,4220,3,5,1,132.59,0.0,132.59
11512,4221,66,190,1,29.38,0.0,29.38
11513,4221,15,40,1,176.21,0.0,176.21
11514,4221,31,84,3,47.47,0.0,142.41
11515,4221,45,128,3,29.45,0.0,88.35
11516,4221,17,45,2,88.41,0.0,176.82
11517,4222,7,18,1,51.06,0.0,51.06
11518,4222,88,252,3,33.4,0.0,100.2
11519,4223,47,135,4,79.33,0.0,317.32
11520,4224,24,64,2,112.11,0.0,224.22
11521,4225,43,124,1,44.67,0.0,44.67
11522,4225,18,47,1,98.27,0.0,98.27
11523,4226,26,69,1,64.15,0.0,64.15
11524,4226,44,125,1,40.65,0.0,40.65
11525,4226,96,275,4,92.44,0.0,369.76
11526,4226,55,154,5,35.23,0.0,176.15
11527,4226,48,137,3,45.39,0.0,136.17
11528,4227,45,129,1,47.45,0.0,47.45
11529,4228,93,267,3,29.84,0.0,89.52
11530,4228,88,252,5,33.4,0.0,167.0
11531,4229,41,117,1,22.66,0.0,22.66
11532,4229,5,12,3,81.21,0.0,243.63
11533,4229,10,28,4,236.5,0.0,946.0
11534,4230,43,123,3,12.67,0.0,38.01
11535,4230,1,1,4,193.05,0.0,772.2
11536,4230,89,254,4,59.85,0.0,239.4
11537,4230,19,49,3,207.14,0.0,621.42
11538,4230,40,116,3,143.52,0.0,430.56
11539,4231,42,120,1,72.62,0.0,72.62
11540,4231,50,142,1,79.34,0.0,79.34
11541,4232,100,287,3,44.34,0.0,133.02
11542,4233,3,5,1,132.59,0.0,132.59
11543,4233,13,35,1,145.62,0.0,145.62
11544,4234,73,206,4,195.67,0.0,782.68
11545,4235,15,40,1,176.21,0.0,176.21
11546,4235,20,52,1,65.61,0.0,65.61
11547,4236,25,67,1,126.29,0.0,126.29
11548,4236,10,28,2,236.5,0.0,473.0
11549,4236,36,101,2,15.53,0.0,31.06
11550,4236,74,209,1,215.0,0.0,215.0
11551,4237,74,210,4,212.0,0.0,848.0
11552,4237,77,216,4,190.3,0.0,761.2
11553,4237,39,111,3,68.78,0.0,206.34
11554,4237,49,139,3,38.68,0.0,116.04
11555,4237,95,274,3,7.88,0.0,23.64
11556,4238,57,163,4,58.38,0.0,233.52
11557,4238,7,18,2,51.06,0.0,102.12
11558,4238,3,5,1,132.59,0.0,132.59
11559,4238,9,22,1,56.83,0.0,56.83
11560,4239,60,172,1,18.2,0.0,18.2
11561,4239,31,87,1,62.47,0.0,62.47
11562,4239,60,171,1,18.2,0.0,18.2
11563,4239,19,49,1,207.14,0.0,207.14
11564,4240,78,218,1,83.43,0.0,83.43
11565,4240,60,171,1,18.2,0.0,18.2
11566,4241,73,207,1,192.67,0.0,192.67
11567,4241,5,14,5,81.21,0.0,406.05
11568,4241,14,36,2,78.42,0.0,156.84
11569,4241,3,5,1,132.59,0.0,132.59
11570,4242,68,196,2,165.66,0.0,331.32
11571,4242,27,71,2,12.55,0.0,25.1
11572,4242,46,133,4,88.22,0.0,352.88
11573,4242,50,141,1,97.34,0.0,97.34
11574,4242,20,53,1,75.61,0.0,75.61
11575,4243,54,153,1,13.28,0.0,13.28
11576,4243,66,189,3,26.38,0.0,79.14
11577,4243,71,202,3,18.78,0.0,56.34
11578,4244,35,99,2,27.33,0.0,54.66
11579,4245,29,80,3,140.1,0.0,420.3
11580,4245,32,91,3,186.3,0.0,558.9
11581,4245,4,10,4,84.33,0.0,337.32
11582,4246,48,137,3,45.39,0.0,136.17
11583,4246,64,183,4,72.17,0.0,288.68
11584,4247,56,161,5,40.28,0.0,201.4
11585,4247,6,15,1,111.76,0.0,111.76
11586,4247,27,73,1,7.55,0.0,7.55
11587,4247,31,84,4,47.47,0.0,189.88
11588,4248,44,126,2,22.65,0.0,45.3
11589,4248,60,171,1,18.2,0.0,18.2
11590,4248,13,33,2,140.62,0.0,281.24
11591,4249,54,153,2,13.28,0.0,26.56
11592,4249,50,141,1,97.34,0.0,97.34
11593,4249,14,37,2,83.42,0.0,166.84
11594,4249,5,11,5,86.21,0.0,431.05
11595,4250,33,95,3,56.53,0.0,169.59
11596,4250,26,69,1,64.15,0.0,64.15
11597,4250,72,205,1,153.23,0.0,153.23
11598,4250,30,82,1,10.27,0.0,10.27
11599,4251,26,69,3,64.15,0.0,192.45
11600,4251,91,259,3,35.66,0.0,106.98
11601,4251,9,22,1,56.83,0.0,56.83
11602,4252,4,10,4,84.33,0.0,337.32
11603,4252,95,274,3,7.88,0.0,23.64
11604,4252,3,6,5,147.59,0.0,737.95
11605,4252,78,218,2,83.43,0.0,166.86
11606,4253,61,176,1,66.85,0.0,66.85
11607,4254,36,101,1,15.53,0.0,15.53
11608,4254,88,252,1,33.4,0.0,33.4
11609,4254,5,14,1,81.21,0.0,81.21
11610,4254,53,149,2,44.71,0.0,89.42
11611,4254,25,66,2,136.29,0.0,272.58
11612,4255,52,146,1,65.59,0.0,65.59
11613,4256,66,190,2,29.38,0.0,58.76
11614,4256,37,105,4,23.93,0.0,95.72
11615,4256,82,231,2,21.0,0.0,42.0
11616,4256,64,184,3,66.17,0.0,198.51
11617,4256,7,18,3,51.06,0.0,153.18
11618,4257,21,57,2,67.82,0.0,135.64
11619,4257,13,33,3,140.62,0.0,421.86
11620,4258,38,108,5,174.11,0.0,870.55
11621,4258,11,30,2,36.69,0.0,73.38
11622,4258,67,191,1,83.05,0.0,83.05
11623,4258,47,135,2,79.33,0.0,158.66
11624,4258,93,266,5,27.84,0.0,139.2
11625,4259,47,134,4,97.33,0.0,389.32
11626,4259,24,64,3,112.11,0.0,336.33
11627,4260,77,216,1,190.3,0.0,190.3
11628,4261,23,62,3,48.88,0.0,146.64
11629,4262,48,136,1,45.39,0.0,45.39
11630,4262,63,181,2,65.54,0.0,131.08
11631,4263,96,275,5,92.44,0.0,462.2
11632,4263,95,272,2,9.88,0.0,19.76
11633,4263,4,10,2,84.33,0.0,168.66
11634,4263,68,196,1,165.66,0.0,165.66
11635,4263,30,82,2,10.27,0.0,20.54
11636,4263,39,110,1,58.78,0.0,58.78
11637,4264,6,15,1,111.76,0.0,111.76
11638,4264,60,171,3,18.2,0.0,54.6
11639,4264,16,42,3,126.76,0.0,380.28
11640,4264,92,265,1,74.75,0.0,74.75
11641,4264,49,139,2,38.68,0.0,77.36
11642,4265,23,60,3,33.88,0.0,101.64
11643,4265,27,73,3,7.55,0.0,22.65
11644,4265,1,2,2,188.05,0.0,376.1
11645,4265,75,211,1,47.67,0.0,47.67
11646,4265,8,21,2,183.95,0.0,367.9
11647,4266,79,222,3,145.61,0.0,436.83
11648,4266,14,37,4,83.42,0.0,333.68
11649,4266,36,103,3,10.53,0.0,31.59
11650,4267,15,40,1,176.21,0.0,176.21
11651,4267,68,194,2,168.66,0.0,337.32
11652,4267,53,149,1,44.71,0.0,44.71
11653,4268,92,265,2,74.75,0.0,149.5
11654,4268,34,97,5,89.03,0.0,445.15
11655,4268,31,87,2,62.47,0.0,124.94
11656,4268,59,170,4,73.83,0.0,295.32
11657,4269,66,188,2,32.38,0.0,64.76
11658,4269,60,172,5,18.2,0.0,91.0
11659,4269,10,27,1,236.5,0.0,236.5
11660,4269,8,21,3,183.95,0.0,551.85
11661,4269,15,39,5,161.21,0.0,806.05
11662,4269,100,285,2,42.34,0.0,84.68
11663,4270,48,137,1,45.39,0.0,45.39
11664,4270,8,20,2,193.95,0.0,387.9
11665,4270,60,171,5,18.2,0.0,91.0
11666,4271,65,185,1,154.37,0.0,154.37
11667,4271,43,124,3,44.67,0.0,134.01
11668,4272,27,73,1,7.55,0.0,7.55
11669,4273,72,205,4,153.23,0.0,612.92
11670,4274,38,108,3,174.11,0.0,522.33
11671,4274,54,153,1,13.28,0.0,13.28
11672,4274,24,65,2,107.11,0.0,214.22
11673,4274,90,257,5,52.11,0.0,260.55
11674,4275,17,45,1,88.41,0.0,88.41
11675,4275,12,32,1,243.11,0.0,243.11
11676,4275,61,176,5,66.85,0.0,334.25
11677,4276,1,2,4,188.05,0.0,752.2
11678,4276,26,68,5,69.15,0.0,345.75
11679,4276,94,270,5,36.87,0.0,184.35
11680,4276,81,227,1,63.08,0.0,63.08
11681,4277,16,42,1,126.76,0.0,126.76
11682,4277,40,114,5,128.52,0.0,642.6
11683,4277,75,212,5,50.67,0.0,253.35
11684,4278,7,19,1,56.06,0.0,56.06
11685,4279,28,76,1,158.25,0.0,158.25
11686,4280,52,147,2,97.59,0.0,195.18
11687,4280,63,181,1,65.54,0.0,65.54
11688,4280,17,46,3,83.41,0.0,250.23
11689,4281,17,45,1,88.41,0.0,88.41
11690,4282,2,3,1,81.92,0.0,81.92
11691,4282,10,26,3,251.5,0.0,754.5
11692,4282,83,233,3,35.04,0.0,105.12
11693,4282,98,282,4,69.39,0.0,277.56
11694,4283,67,191,2,83.05,0.0,166.1
11695,4283,92,264,5,62.75,0.0,313.75
11696,4284,5,14,1,81.21,0.0,81.21
11697,4284,65,187,1,151.37,0.0,151.37
11698,4285,75,212,1,50.67,0.0,50.67
11699,4285,15,39,5,161.21,0.0,806.05
11700,4286,28,75,2,153.25,0.0,306.5
11701,4286,57,163,2,58.38,0.0,116.76
11702,4286,48,137,1,45.39,0.0,45.39
11703,4286,33,92,1,56.53,0.0,56.53
11704,4287,51,143,2,37.92,0.0,75.84
11705,4287,1,1,5,193.05,0.0,965.25
11706,4287,35,100,3,32.33,0.0,96.99
11707,4288,14,38,1,93.42,0.0,93.42
11708,4288,97,279,3,39.57,0.0,118.71
11709,4289,15,40,4,176.21,0.0,704.84
11710,4289,77,216,1,190.3,0.0,190.3
11711,4289,17,45,1,88.41,0.0,88.41
11712,4289,30,83,2,15.27,0.0,30.54
11713,4289,96,276,2,78.44,0.0,156.88
11714,4290,92,262,1,62.75,0.0,62.75
11715,4291,64,184,2,66.17,0.0,132.34
11716,4291,34,96,2,79.03,0.0,158.06
11717,4291,82,231,1,21.0,0.0,21.0
11718,4291,32,91,2,186.3,0.0,372.6
11719,4291,75,211,3,47.67,0.0,143.01
11720,4292,91,258,1,21.66,0.0,21.66
11721,4292,22,58,3,138.97,0.0,416.91
11722,4293,65,185,1,154.37,0.0,154.37
11723,4294,76,215,3,63.03,0.0,189.09
11724,4294,53,148,3,62.71,0.0,188.13
11725,4294,61,176,2,66.85,0.0,133.7
11726,4295,86,246,2,85.71,0.0,171.42
11727,4295,66,190,1,29.38,0.0,29.38
11728,4296,94,271,4,24.87,0.0,99.48
11729,4296,10,25,3,241.5,0.0,724.5
11730,4296,48,137,4,45.39,0.0,181.56
11731,4296,30,81,3,25.27,0.0,75.81
11732,4296,45,129,5,47.45,0.0,237.25
11733,4296,1,1,2,193.05,0.0,386.1
11734,4297,89,254,2,59.85,0.0,119.7
11735,4297,71,201,1,15.78,0.0,15.78
11736,4298,80,223,3,216.05,0.0,648.15
11737,4299,41,118,1,40.66,0.0,40.66
11738,4300,5,13,1,96.21,0.0,96.21
11739,4301,79,222,1,145.61,0.0,145.61
11740,4301,91,259,1,35.66,0.0,35.66
11741,4302,64,183,1,72.17,0.0,72.17
11742,4303,53,148,1,62.71,0.0,62.71
11743,4303,1,1,1,193.05,0.0,193.05
11744,4304,67,192,2,77.05,0.0,154.1
11745,4304,33,92,1,56.53,0.0,56.53
11746,4305,34,96,5,79.03,0.0,395.15
11747,4305,78,218,1,83.43,0.0,83.43
11748,4306,68,195,1,162.66,0.0,162.66
11749,4306,80,223,1,216.05,0.0,216.05
11750,4307,1,2,3,188.05,0.0,564.15
11751,4307,64,184,2,66.17,0.0,132.34
11752,4308,46,131,2,70.22,0.0,140.44
11753,4309,43,122,1,12.67,0.0,12.67
11754,4310,92,262,1,62.75,0.0,62.75
11755,4311,57,162,1,44.38,0.0,44.38
11756,4311,4,9,1,99.33,0.0,99.33
11757,4311,5,12,3,81.21,0.0,243.63
11758,4311,5,13,5,96.21,0.0,481.05
11759,4312,31,86,1,52.47,0.0,52.47
11760,4313,95,272,3,9.88,0.0,29.64
11761,4314,84,238,2,38.36,0.0,76.72
11762,4314,37,106,1,18.93,0.0,18.93
11763,4315,18,48,3,93.27,0.0,279.81
11764,4315,62,179,1,147.25,0.0,147.25
11765,4316,10,28,3,236.5,0.0,709.5
11766,4316,80,225,1,213.05,0.0,213.05
11767,4317,61,175,2,69.85,0.0,139.7
11768,4317,82,230,5,21.0,0.0,105.0
11769,4318,39,110,4,58.78,0.0,235.12
11770,4318,18,47,1,98.27,0.0,98.27
11771,4318,59,168,1,55.83,0.0,55.83
11772,4318,97,279,4,39.57,0.0,158.28
11773,4318,6,16,4,126.76,0.0,507.04
11774,4319,18,48,1,93.27,0.0,93.27
11775,4319,86,245,4,85.71,0.0,342.84
11776,4319,71,203,1,18.78,0.0,18.78
11777,4320,14,37,1,83.42,0.0,83.42
11778,4321,21,56,5,72.82,0.0,364.1
11779,4321,19,51,1,192.14,0.0,192.14
11780,4321,9,23,3,61.83,0.0,185.49
11781,4321,76,215,2,63.03,0.0,126.06
11782,4321,21,56,5,72.82,0.0,364.1
11783,4321,8,21,5,183.95,0.0,919.75
11784,4322,50,141,2,97.34,0.0,194.68
11785,4322,50,140,4,111.34,0.0,445.36
11786,4323,63,181,2,65.54,0.0,131.08
11787,4323,20,52,5,65.61,0.0,328.05
11788,4323,38,108,1,174.11,0.0,174.11
11789,4324,54,153,2,13.28,0.0,26.56
11790,4325,72,205,2,153.23,0.0,306.46
11791,4325,17,45,3,88.41,0.0,265.23
11792,4326,96,277,1,80.44,0.0,80.44
11793,4326,49,139,4,38.68,0.0,154.72
11794,4327,16,42,1,126.76,0.0,126.76
11795,4327,96,277,1,80.44,0.0,80.44
11796,4327,44,125,1,40.65,0.0,40.65
11797,4327,13,35,1,145.62,0.0,145.62
11798,4327,99,284,4,49.51,0.0,198.04
11799,4327,96,275,1,92.44,0.0,92.44
11800,4328,62,178,1,150.25,0.0,150.25
11801,4329,59,170,5,73.83,0.0,369.15
11802,4329,43,123,5,12.67,0.0,63.35
11803,4329,61,175,5,69.85,0.0,349.25
11804,4330,41,118,2,40.66,0.0,81.32
11805,4330,37,106,1,18.93,0.0,18.93
11806,4331,15,39,2,161.21,0.0,322.42
11807,4331,69,198,1,25.8,0.0,25.8
11808,4332,80,223,1,216.05,0.0,216.05
11809,4332,7,17,1,51.06,0.0,51.06
11810,4332,25,66,2,136.29,0.0,272.58
11811,4332,6,15,1,111.76,0.0,111.76
11812,4333,48,136,2,45.39,0.0,90.78
11813,4333,62,178,1,150.25,0.0,150.25
11814,4334,63,181,1,65.54,0.0,65.54
11815,4334,71,203,4,18.78,0.0,75.12
11816,4334,30,83,2,15.27,0.0,30.54
11817,4335,22,59,3,148.97,0.0,446.91
11818,4335,32,90,2,176.3,0.0,352.6
11819,4335,64,184,4,66.17,0.0,264.68
11820,4336,10,26,3,251.5,0.0,754.5
11821,4336,68,193,1,165.66,0.0,165.66
11822,4336,4,7,2,84.33,0.0,168.66
11823,4336,47,134,1,97.33,0.0,97.33
11824,4336,64,183,1,72.17,0.0,72.17
11825,4337,11,29,1,41.69,0.0,41.69
11826,4338,14,36,1,78.42,0.0,78.42
11827,4339,20,52,1,65.61,0.0,65.61
11828,4339,65,186,2,154.37,0.0,308.74
11829,4340,76,214,1,66.03,0.0,66.03
11830,4341,31,86,3,52.47,0.0,157.41
11831,4341,81,227,2,63.08,0.0,126.16
11832,4342,9,22,1,56.83,0.0,56.83
11833,4343,62,177,1,153.25,0.0,153.25
11834,4344,52,147,2,97.59,0.0,195.18
11835,4345,56,158,1,72.28,0.0,72.28
11836,4345,95,274,1,7.88,0.0,7.88
11837,4345,3,5,2,132.59,0.0,265.18
11838,4345,37,106,1,18.93,0.0,18.93
11839,4345,27,72,2,22.55,0.0,45.1
11840,4345,37,106,4,18.93,0.0,75.72
11841,4346,56,159,1,58.28,0.0,58.28
11842,4347,64,183,1,72.17,0.0,72.17
11843,4347,46,131,1,70.22,0.0,70.22
11844,4348,57,162,2,44.38,0.0,88.76
11845,4348,58,166,1,61.21,0.0,61.21
11846,4348,21,57,1,67.82,0.0,67.82
11847,4348,22,59,1,148.97,0.0,148.97
11848,4348,72,204,2,156.23,0.0,312.46
11849,4348,78,218,1,83.43,0.0,83.43
11850,4349,75,212,4,50.67,0.0,202.68
11851,4349,39,110,4,58.78,0.0,235.12
11852,4349,39,110,2,58.78,0.0,117.56
11853,4349,15,40,1,176.21,0.0,176.21
11854,4349,75,211,3,47.67,0.0,143.01
11855,4350,69,198,4,25.8,0.0,103.2
11856,4351,1,1,1,193.05,0.0,193.05
11857,4351,32,90,1,176.3,0.0,176.3
11858,4352,48,137,2,45.39,0.0,90.78
11859,4353,32,88,3,176.3,0.0,528.9
11860,4354,15,40,2,176.21,0.0,352.42
11861,4354,70,200,3,129.33,0.0,387.99
11862,4354,7,19,5,56.06,0.0,280.3
11863,4355,79,222,1,145.61,0.0,145.61
11864,4355,73,207,1,192.67,0.0,192.67
11865,4356,47,134,2,97.33,0.0,194.66
11866,4356,1,2,1,188.05,0.0,188.05
11867,4356,36,104,1,15.53,0.0,15.53
11868,4357,47,134,1,97.33,0.0,97.33
11869,4357,1,1,2,193.05,0.0,386.1
11870,4358,88,250,1,45.4,0.0,45.4
11871,4359,16,41,2,121.76,0.0,243.52
11872,4359,11,29,1,41.69,0.0,41.69
11873,4359,2,3,4,81.92,0.0,327.68
11874,4360,40,113,2,133.52,0.0,267.04
11875,4360,71,203,1,18.78,0.0,18.78
11876,4361,60,172,5,18.2,0.0,91.0
11877,4361,10,25,3,241.5,0.0,724.5
11878,4362,6,16,5,126.76,0.0,633.8
11879,4362,13,35,3,145.62,0.0,436.86
11880,4362,39,112,2,53.78,0.0,107.56
11881,4363,47,134,5,97.33,0.0,486.65
11882,4363,48,136,4,45.39,0.0,181.56
11883,4363,13,33,2,140.62,0.0,281.24
11884,4363,93,267,3,29.84,0.0,89.52
11885,4363,15,40,1,176.21,0.0,176.21
11886,4364,21,57,1,67.82,0.0,67.82
11887,4364,54,152,4,31.28,0.0,125.12
11888,4364,53,148,2,62.71,0.0,125.42
11889,4364,3,6,3,147.59,0.0,442.77
11890,4364,6,15,4,111.76,0.0,447.04
11891,4365,28,76,1,158.25,0.0,158.25
11892,4365,4,8,5,89.33,0.0,446.65
11893,4366,27,73,1,7.55,0.0,7.55
11894,4366,53,148,4,62.71,0.0,250.84
11895,4366,33,93,1,51.53,0.0,51.53
11896,4366,44,126,3,22.65,0.0,67.95
11897,4367,52,147,2,97.59,0.0,195.18
11898,4367,7,17,2,51.06,0.0,102.12
11899,4367,53,151,2,44.71,0.0,89.42
11900,4368,36,104,1,15.53,0.0,15.53
11901,4368,85,243,3,6.14,0.0,18.42
11902,4368,22,59,1,148.97,0.0,148.97
11903,4369,71,201,1,15.78,0.0,15.78
11904,4370,7,18,1,51.06,0.0,51.06
11905,4370,19,51,1,192.14,0.0,192.14
11906,4371,63,182,1,65.54,0.0,65.54
11907,4372,37,105,3,23.93,0.0,71.79
11908,4372,88,252,1,33.4,0.0,33.4
11909,4373,4,9,1,99.33,0.0,99.33
11910,4373,93,268,1,29.84,0.0,29.84
11911,4373,48,136,1,45.39,0.0,45.39
11912,4374,71,203,5,18.78,0.0,93.9
11913,4374,48,137,1,45.39,0.0,45.39
11914,4374,21,56,1,72.82,0.0,72.82
11915,4374,94,270,1,36.87,0.0,36.87
11916,4375,97,279,3,39.57,0.0,118.71
11917,4375,81,226,2,61.08,0.0,122.16
11918,4375,70,200,1,129.33,0.0,129.33
11919,4375,43,124,1,44.67,0.0,44.67
11920,4376,74,209,2,215.0,0.0,430.0
11921,4377,72,204,5,156.23,0.0,781.15
11922,4377,36,104,2,15.53,0.0,31.06
11923,4377,9,22,2,56.83,0.0,113.66
11924,4378,3,5,1,132.59,0.0,132.59
11925,4378,42,119,2,40.62,0.0,81.24
11926,4378,23,61,5,38.88,0.0,194.4
11927,4378,48,136,3,45.39,0.0,136.17
11928,4378,12,31,1,258.11,0.0,258.11
11929,4379,52,146,2,65.59,0.0,131.18
11930,4380,8,20,2,193.95,0.0,387.9
11931,4381,22,58,1,138.97,0.0,138.97
11932,4381,36,103,1,10.53,0.0,10.53
11933,4381,78,218,3,83.43,0.0,250.29
11934,4381,60,172,5,18.2,0.0,91.0
11935,4382,57,164,1,26.38,0.0,26.38
11936,4382,80,224,1,213.05,0.0,213.05
11937,4382,32,91,1,186.3,0.0,186.3
11938,4383,9,24,4,56.83,0.0,227.32
11939,4383,19,50,5,192.14,0.0,960.7
11940,4383,71,202,3,18.78,0.0,56.34
11941,4383,84,236,4,50.36,0.0,201.44
11942,4383,97,280,2,39.57,0.0,79.14
11943,4384,96,275,4,92.44,0.0,369.76
11944,4385,3,6,1,147.59,0.0,147.59
11945,4385,76,215,4,63.03,0.0,252.12
11946,4385,77,216,1,190.3,0.0,190.3
11947,4386,18,47,1,98.27,0.0,98.27
11948,4387,83,234,3,33.04,0.0,99.12
11949,4387,95,274,3,7.88,0.0,23.64
11950,4388,23,61,2,38.88,0.0,77.76
11951,4388,98,281,4,83.39,0.0,333.56
11952,4388,1,2,2,188.05,0.0,376.1
11953,4388,35,100,2,32.33,0.0,64.66
11954,4388,43,124,1,44.67,0.0,44.67
11955,4389,58,165,1,43.21,0.0,43.21
11956,4389,99,283,3,61.51,0.0,184.53
11957,4389,18,47,2,98.27,0.0,196.54
11958,4389,30,83,1,15.27,0.0,15.27
11959,4390,56,158,2,72.28,0.0,144.56
11960,4390,2,4,4,86.92,0.0,347.68
11961,4390,27,73,1,7.55,0.0,7.55
11962,4390,79,222,4,145.61,0.0,582.44
11963,4390,6,16,4,126.76,0.0,507.04
11964,4390,65,185,3,154.37,0.0,463.11
11965,4391,7,18,1,51.06,0.0,51.06
11966,4391,38,108,2,174.11,0.0,348.22
11967,4391,58,165,5,43.21,0.0,216.05
11968,4391,66,190,3,29.38,0.0,88.14
11969,4392,70,200,1,129.33,0.0,129.33
11970,4392,69,197,5,22.8,0.0,114.0
11971,4393,49,138,1,20.68,0.0,20.68
11972,4394,43,123,3,12.67,0.0,38.01
11973,4394,78,218,2,83.43,0.0,166.86
11974,4394,22,59,1,148.97,0.0,148.97
11975,4394,1,1,1,193.05,0.0,193.05
11976,4395,20,53,5,75.61,0.0,378.05
11977,4396,72,204,1,156.23,0.0,156.23
11978,4397,2,3,1,81.92,0.0,81.92
11979,4397,71,203,1,18.78,0.0,18.78
11980,4397,59,167,1,55.83,0.0,55.83
11981,4398,79,220,2,151.61,0.0,303.22
11982,4398,47,135,1,79.33,0.0,79.33
11983,4398,2,3,1,81.92,0.0,81.92
11984,4398,68,194,2,168.66,0.0,337.32
11985,4398,1,2,2,188.05,0.0,376.1
11986,4399,8,21,1,183.95,0.0,183.95
11987,4399,46,133,3,88.22,0.0,264.66
11988,4399,20,52,1,65.61,0.0,65.61
11989,4400,29,79,4,140.1,0.0,560.4
11990,4400,29,79,4,140.1,0.0,560.4
11991,4400,87,248,4,66.46,0.0,265.84
11992,4400,30,82,3,10.27,0.0,30.81
11993,4400,19,50,1,192.14,0.0,192.14
11994,4400,24,64,4,112.11,0.0,448.44
11995,4401,96,275,2,92.44,0.0,184.88
11996,4401,47,134,3,97.33,0.0,291.99
11997,4401,82,231,1,21.0,0.0,21.0
11998,4401,10,28,4,236.5,0.0,946.0
11999,4402,39,110,1,58.78,0.0,58.78
12000,4403,89,255,4,61.85,0.0,247.4
12001,4403,99,283,5,61.51,0.0,307.55
12002,4403,49,139,2,38.68,0.0,77.36
12003,4404,78,219,1,80.43,0.0,80.43
12004,4404,92,265,1,74.75,0.0,74.75
12005,4405,57,164,3,26.38,0.0,79.14
12006,4405,18,47,3,98.27,0.0,294.81
12007,4406,58,165,1,43.21,0.0,43.21
12008,4406,74,210,1,212.0,0.0,212.0
12009,4406,17,45,1,88.41,0.0,88.41
12010,4407,2,3,2,81.92,0.0,163.84
12011,4407,15,39,4,161.21,0.0,644.84
12012,4408,7,17,5,51.06,0.0,255.3
12013,4408,9,22,1,56.83,0.0,56.83
12014,4408,19,49,5,207.14,0.0,1035.7
12015,4408,70,199,1,132.33,0.0,132.33
12016,4409,71,202,4,18.78,0.0,75.12
12017,4409,50,141,5,97.34,0.0,486.7
12018,4409,78,218,2,83.43,0.0,166.86
12019,4409,1,1,4,193.05,0.0,772.2
12020,4409,17,46,3,83.41,0.0,250.23
12021,4410,28,75,3,153.25,0.0,459.75
12022,4411,81,227,3,63.08,0.0,189.24
12023,4412,77,217,1,190.3,0.0,190.3
12024,4413,26,69,1,64.15,0.0,64.15
12025,4413,55,156,1,17.23,0.0,17.23
12026,4413,71,202,1,18.78,0.0,18.78
12027,4414,1,2,1,188.05,0.0,188.05
12028,4414,17,46,2,83.41,0.0,166.82
12029,4414,8,20,1,193.95,0.0,193.95
12030,4414,57,162,2,44.38,0.0,88.76
12031,4414,5,13,1,96.21,0.0,96.21
12032,4415,3,5,1,132.59,0.0,132.59
12033,4415,40,116,2,143.52,0.0,287.04
12034,4415,2,3,1,81.92,0.0,81.92
12035,4416,88,252,1,33.4,0.0,33.4
12036,4417,56,159,2,58.28,0.0,116.56
12037,4417,57,163,3,58.38,0.0,175.14
12038,4417,23,61,3,38.88,0.0,116.64
12039,4418,44,127,2,22.65,0.0,45.3
12040,4418,31,85,4,52.47,0.0,209.88
12041,4419,56,160,2,40.28,0.0,80.56
12042,4420,47,135,5,79.33,0.0,396.65
12043,4420,67,191,2,83.05,0.0,166.1
12044,4421,11,30,1,36.69,0.0,36.69
12045,4421,2,4,3,86.92,0.0,260.76
12046,4421,20,52,1,65.61,0.0,65.61
12047,4421,99,283,2,61.51,0.0,123.02
12048,4422,10,28,3,236.5,0.0,709.5
12049,4423,23,60,2,33.88,0.0,67.76
12050,4423,71,202,1,18.78,0.0,18.78
12051,4424,83,234,1,33.04,0.0,33.04
12052,4424,60,173,3,36.2,0.0,108.6
12053,4424,59,167,2,55.83,0.0,111.66
12054,4424,8,20,5,193.95,0.0,969.75
12055,4425,29,78,2,150.1,0.0,300.2
12056,4425,45,128,3,29.45,0.0,88.35
12057,4425,23,60,1,33.88,0.0,33.88
12058,4425,78,219,1,80.43,0.0,80.43
12059,4426,46,132,1,102.22,0.0,102.22
12060,4426,78,219,2,80.43,0.0,160.86
12061,4427,34,97,3,89.03,0.0,267.09
12062,4427,76,214,2,66.03,0.0,132.06
12063,4427,74,209,1,215.0,0.0,215.0
12064,4428,36,103,2,10.53,0.0,21.06
12065,4428,79,222,1,145.61,0.0,145.61
12066,4428,41,117,1,22.66,0.0,22.66
12067,4428,51,145,1,51.92,0.0,51.92
12068,4428,50,142,2,79.34,0.0,158.68
12069,4428,18,47,1,98.27,0.0,98.27
12070,4429,45,129,1,47.45,0.0,47.45
12071,4429,45,129,4,47.45,0.0,189.8
12072,4429,63,181,5,65.54,0.0,327.7
12073,4429,74,210,1,212.0,0.0,212.0
12074,4429,36,104,3,15.53,0.0,46.59
12075,4430,13,35,2,145.62,0.0,291.24
12076,4430,8,20,2,193.95,0.0,387.9
12077,4431,14,38,1,93.42,0.0,93.42
12078,4431,87,248,1,66.46,0.0,66.46
12079,4432,50,141,1,97.34,0.0,97.34
12080,4432,85,243,5,6.14,0.0,30.7
12081,4432,37,105,2,23.93,0.0,47.86
12082,4432,42,121,4,40.62,0.0,162.48
12083,4432,99,283,1,61.51,0.0,61.51
12084,4433,11,30,1,36.69,0.0,36.69
12085,4434,90,256,3,38.11,0.0,114.33
12086,4434,41,117,1,22.66,0.0,22.66
12087,4434,54,153,3,13.28,0.0,39.84
12088,4435,51,143,2,37.92,0.0,75.84
12089,4435,71,201,1,15.78,0.0,15.78
12090,4436,74,210,1,212.0,0.0,212.0
12091,4436,44,127,1,22.65,0.0,22.65
12092,4436,99,284,2,49.51,0.0,99.02
12093,4437,89,254,1,59.85,0.0,59.85
12094,4437,100,286,2,56.34,0.0,112.68
12095,4438,40,114,2,128.52,0.0,257.04
12096,4438,69,198,1,25.8,0.0,25.8
12097,4438,78,219,1,80.43,0.0,80.43
12098,4439,78,218,2,83.43,0.0,166.86
12099,4439,40,115,2,133.52,0.0,267.04
12100,4439,64,183,3,72.17,0.0,216.51
12101,4439,96,276,2,78.44,0.0,156.88
12102,4440,61,175,2,69.85,0.0,139.7
12103,4441,84,239,3,36.36,0.0,109.08
12104,4441,38,107,1,159.11,0.0,159.11
12105,4442,9,22,1,56.83,0.0,56.83
12106,4443,83,233,1,35.04,0.0,35.04
12107,4443,70,199,2,132.33,0.0,264.66
12108,4443,55,156,2,17.23,0.0,34.46
12109,4443,21,57,3,67.82,0.0,203.46
12110,4443,8,21,3,183.95,0.0,551.85
12111,4443,36,101,2,15.53,0.0,31.06
12112,4444,10,28,4,236.5,0.0,946.0
12113,4444,12,31,4,258.11,0.0,1032.44
12114,4444,49,138,4,20.68,0.0,82.72
12115,4444,67,192,3,77.05,0.0,231.15
12116,4445,13,35,2,145.62,0.0,291.24
12117,4446,53,148,1,62.71,0.0,62.71
12118,4446,15,39,1,161.21,0.0,161.21
12119,4446,49,139,1,38.68,0.0,38.68
12120,4447,19,49,2,207.14,0.0,414.28
12121,4448,44,125,2,40.65,0.0,81.3
12122,4448,79,220,3,151.61,0.0,454.83
12123,4448,98,281,2,83.39,0.0,166.78
12124,4448,12,32,4,243.11,0.0,972.44
12125,4448,50,142,2,79.34,0.0,158.68
12126,4449,31,87,2,62.47,0.0,124.94
12127,4450,55,156,1,17.23,0.0,17.23
12128,4451,65,187,5,151.37,0.0,756.85
12129,4451,85,242,3,4.99,0.0,14.97
12130,4451,36,104,2,15.53,0.0,31.06
12131,4452,80,224,3,213.05,0.0,639.15
12132,4452,2,4,1,86.92,0.0,86.92
12133,4453,55,155,4,49.23,0.0,196.92
12134,4453,79,221,1,148.61,0.0,148.61
12135,4453,75,212,3,50.67,0.0,152.01
12136,4454,52,147,5,97.59,0.0,487.95
12137,4454,19,50,1,192.14,0.0,192.14
12138,4455,5,13,1,96.21,0.0,96.21
12139,4455,10,27,4,236.5,0.0,946.0
12140,4455,66,190,1,29.38,0.0,29.38
12141,4456,67,192,4,77.05,0.0,308.2
12142,4456,4,8,2,89.33,0.0,178.66
12143,4456,2,4,1,86.92,0.0,86.92
12144,4456,32,89,1,171.3,0.0,171.3
12145,4457,56,160,1,40.28,0.0,40.28
12146,4458,68,196,3,165.66,0.0,496.98
12147,4458,66,188,2,32.38,0.0,64.76
12148,4458,44,127,4,22.65,0.0,90.6
12149,4458,22,59,2,148.97,0.0,297.94
12150,4458,32,91,5,186.3,0.0,931.5
12151,4459,17,46,3,83.41,0.0,250.23
12152,4459,17,46,2,83.41,0.0,166.82
12153,4460,62,180,1,150.25,0.0,150.25
12154,4460,37,105,2,23.93,0.0,47.86
12155,4460,44,125,2,40.65,0.0,81.3
12156,4460,73,206,1,195.67,0.0,195.67
12157,4460,73,207,3,192.67,0.0,578.01
12158,4461,29,80,2,140.1,0.0,280.2
12159,4462,16,43,1,136.76,0.0,136.76
12160,4462,74,210,2,212.0,0.0,424.0
12161,4463,69,197,1,22.8,0.0,22.8
12162,4463,3,5,3,132.59,0.0,397.77
12163,4463,37,105,2,23.93,0.0,47.86
12164,4463,6,16,1,126.76,0.0,126.76
12165,4463,39,110,2,58.78,0.0,117.56
12166,4464,50,140,1,111.34,0.0,111.34
12167,4464,58,166,2,61.21,0.0,122.42
12168,4464,24,63,4,122.11,0.0,488.44
12169,4465,20,53,1,75.61,0.0,75.61
12170,4466,14,38,1,93.42,0.0,93.42
12171,4466,66,188,3,32.38,0.0,97.14
12172,4466,22,59,1,148.97,0.0,148.97
12173,4466,35,99,3,27.33,0.0,81.99
12174,4467,3,6,1,147.59,0.0,147.59
12175,4467,9,23,2,61.83,0.0,123.66
12176,4467,16,43,1,136.76,0.0,136.76
12177,4468,36,102,1,25.53,0.0,25.53
12178,4468,28,75,1,153.25,0.0,153.25
12179,4468,37,105,2,23.93,0.0,47.86
12180,4468,52,146,3,65.59,0.0,196.77
12181,4469,25,67,2,126.29,0.0,252.58
12182,4470,35,100,3,32.33,0.0,96.99
12183,4470,18,47,2,98.27,0.0,196.54
12184,4470,55,156,2,17.23,0.0,34.46
12185,4471,33,92,3,56.53,0.0,169.59
12186,4471,98,281,3,83.39,0.0,250.17
12187,4471,33,93,1,51.53,0.0,51.53
12188,4472,15,39,2,161.21,0.0,322.42
12189,4472,30,82,5,10.27,0.0,51.35
12190,4473,12,32,2,243.11,0.0,486.22
12191,4473,87,247,4,64.46,0.0,257.84
12192,4474,33,95,1,56.53,0.0,56.53
12193,4475,13,33,1,140.62,0.0,140.62
12194,4476,32,88,1,176.3,0.0,176.3
12195,4476,66,190,3,29.38,0.0,88.14
12196,4476,30,81,2,25.27,0.0,50.54
12197,4477,71,202,1,18.78,0.0,18.78
12198,4477,26,68,2,69.15,0.0,138.3
12199,4477,28,74,1,158.25,0.0,158.25
12200,4477,12,32,4,243.11,0.0,972.44
12201,4477,90,256,1,38.11,0.0,38.11
12202,4478,3,5,1,132.59,0.0,132.59
12203,4479,4,10,3,84.33,0.0,252.99
12204,4479,48,136,3,45.39,0.0,136.17
12205,4480,61,174,3,72.85,0.0,218.55
12206,4480,49,138,4,20.68,0.0,82.72
12207,4480,15,40,1,176.21,0.0,176.21
12208,4480,43,124,3,44.67,0.0,134.01
12209,4480,85,243,1,6.14,0.0,6.14
12210,4481,25,67,1,126.29,0.0,126.29
12211,4481,40,114,4,128.52,0.0,514.08
12212,4481,31,84,2,47.47,0.0,94.94
12213,4481,12,31,1,258.11,0.0,258.11
12214,4482,47,135,1,79.33,0.0,79.33
12215,4483,61,174,3,72.85,0.0,218.55
12216,4483,20,53,1,75.61,0.0,75.61
12217,4484,22,59,1,148.97,0.0,148.97
12218,4484,3,5,4,132.59,0.0,530.36
12219,4484,40,115,2,133.52,0.0,267.04
12220,4484,28,76,1,158.25,0.0,158.25
12221,4484,93,266,1,27.84,0.0,27.84
12222,4485,13,34,3,155.62,0.0,466.86
12223,4485,36,103,3,10.53,0.0,31.59
12224,4485,75,212,3,50.67,0.0,152.01
12225,4485,27,71,2,12.55,0.0,25.1
12226,4486,5,13,2,96.21,0.0,192.42
12227,4486,24,63,1,122.11,0.0,122.11
12228,4486,98,281,1,83.39,0.0,83.39
12229,4487,20,53,2,75.61,0.0,151.22
12230,4487,30,83,3,15.27,0.0,45.81
12231,4487,40,116,4,143.52,0.0,574.08
12232,4488,81,226,5,61.08,0.0,305.4
12233,4488,77,217,2,190.3,0.0,380.6
12234,4489,23,60,1,33.88,0.0,33.88
12235,4490,51,145,2,51.92,0.0,103.84
12236,4490,23,60,4,33.88,0.0,135.52
12237,4491,60,172,5,18.2,0.0,91.0
12238,4491,94,271,4,24.87,0.0,99.48
12239,4492,77,216,1,190.3,0.0,190.3
12240,4492,48,137,1,45.39,0.0,45.39
12241,4493,65,185,2,154.37,0.0,308.74
12242,4493,21,56,3,72.82,0.0,218.46
12243,4494,1,1,3,193.05,0.0,579.15
12244,4494,49,139,5,38.68,0.0,193.4
12245,4495,53,149,2,44.71,0.0,89.42
12246,4495,30,82,1,10.27,0.0,10.27
12247,4495,69,197,1,22.8,0.0,22.8
12248,4495,35,99,1,27.33,0.0,27.33
12249,4495,23,61,2,38.88,0.0,77.76
12250,4495,72,204,1,156.23,0.0,156.23
12251,4496,79,220,2,151.61,0.0,303.22
12252,4497,72,205,3,153.23,0.0,459.69
12253,4497,46,130,1,70.22,0.0,70.22
12254,4497,21,56,3,72.82,0.0,218.46
12255,4497,77,216,2,190.3,0.0,380.6
12256,4497,67,191,1,83.05,0.0,83.05
12257,4498,31,85,1,52.47,0.0,52.47
12258,4498,22,58,4,138.97,0.0,555.88
12259,4498,48,137,1,45.39,0.0,45.39
12260,4499,54,152,2,31.28,0.0,62.56
12261,4500,91,261,1,23.66,0.0,23.66
12262,4500,24,63,2,122.11,0.0,244.22
12263,4500,10,25,2,241.5,0.0,483.0
12264,4500,55,156,3,17.23,0.0,51.69
12265,4501,36,103,3,10.53,0.0,31.59
12266,4502,30,82,2,10.27,0.0,20.54
12267,4503,40,114,3,128.52,0.0,385.56
12268,4503,37,106,1,18.93,0.0,18.93
12269,4503,71,201,4,15.78,0.0,63.12
12270,4504,46,133,2,88.22,0.0,176.44
12271,4504,62,178,5,150.25,0.0,751.25
12272,4504,25,66,3,136.29,0.0,408.87
12273,4504,83,233,3,35.04,0.0,105.12
12274,4505,85,241,1,6.14,0.0,6.14
12275,4505,27,73,1,7.55,0.0,7.55
12276,4506,69,197,4,22.8,0.0,91.2
12277,4507,92,262,1,62.75,0.0,62.75
12278,4507,8,20,2,193.95,0.0,387.9
12279,4508,18,48,4,93.27,0.0,373.08
12280,4508,18,47,2,98.27,0.0,196.54
12281,4509,100,287,1,44.34,0.0,44.34
12282,4510,1,1,3,193.05,0.0,579.15
12283,4510,22,58,4,138.97,0.0,555.88
12284,4510,79,222,2,145.61,0.0,291.22
12285,4510,28,76,5,158.25,0.0,791.25
12286,4510,29,79,2,140.1,0.0,280.2
12287,4511,82,231,2,21.0,0.0,42.0
12288,4511,12,32,3,243.11,0.0,729.33
12289,4511,21,57,4,67.82,0.0,271.28
12290,4512,62,177,2,153.25,0.0,306.5
12291,4512,96,277,2,80.44,0.0,160.88
12292,4512,8,20,1,193.95,0.0,193.95
12293,4512,71,202,2,18.78,0.0,37.56
12294,4512,58,165,1,43.21,0.0,43.21
12295,4513,98,281,3,83.39,0.0,250.17
12296,4513,63,181,2,65.54,0.0,131.08
12297,4513,88,250,1,45.4,0.0,45.4
12298,4514,54,152,3,31.28,0.0,93.84
12299,4515,3,6,1,147.59,0.0,147.59
12300,4516,4,8,2,89.33,0.0,178.66
12301,4517,70,199,2,132.33,0.0,264.66
12302,4517,53,148,1,62.71,0.0,62.71
12303,4518,98,281,1,83.39,0.0,83.39
12304,4518,12,32,1,243.11,0.0,243.11
12305,4518,51,144,1,19.92,0.0,19.92
12306,4519,9,24,2,56.83,0.0,113.66
12307,4519,45,128,2,29.45,0.0,58.9
12308,4519,56,160,4,40.28,0.0,161.12
12309,4520,29,77,3,135.1,0.0,405.3
12310,4520,40,115,2,133.52,0.0,267.04
12311,4521,64,183,1,72.17,0.0,72.17
12312,4521,47,135,1,79.33,0.0,79.33
12313,4521,54,153,1,13.28,0.0,13.28
12314,4521,69,197,2,22.8,0.0,45.6
12315,4521,13,34,2,155.62,0.0,311.24
12316,4522,63,182,2,65.54,0.0,131.08
12317,4522,61,176,1,66.85,0.0,66.85
12318,4522,28,74,2,158.25,0.0,316.5
12319,4522,37,106,1,18.93,0.0,18.93
12320,4522,55,154,4,35.23,0.0,140.92
12321,4522,41,118,2,40.66,0.0,81.32
12322,4523,84,239,3,36.36,0.0,109.08
12323,4524,11,29,3,41.69,0.0,125.07
12324,4524,22,58,1,138.97,0.0,138.97
12325,4524,75,213,1,44.67,0.0,44.67
12326,4524,49,138,1,20.68,0.0,20.68
12327,4524,88,251,3,33.4,0.0,100.2
12328,4525,20,52,2,65.61,0.0,131.22
12329,4525,4,7,5,84.33,0.0,421.65
12330,4526,60,172,1,18.2,0.0,18.2
12331,4526,84,238,4,38.36,0.0,153.44
12332,4526,57,162,1,44.38,0.0,44.38
12333,4526,16,44,1,121.76,0.0,121.76
12334,4526,4,7,2,84.33,0.0,168.66
12335,4527,100,285,1,42.34,0.0,42.34
12336,4527,63,182,1,65.54,0.0,65.54
12337,4528,19,51,4,192.14,0.0,768.56
12338,4528,28,75,4,153.25,0.0,613.0
12339,4528,92,264,3,62.75,0.0,188.25
12340,4528,68,196,2,165.66,0.0,331.32
12341,4529,82,232,4,33.0,0.0,132.0
12342,4529,15,40,1,176.21,0.0,176.21
12343,4529,60,173,3,36.2,0.0,108.6
12344,4529,96,276,1,78.44,0.0,78.44
12345,4529,30,81,2,25.27,0.0,50.54
12346,4530,29,80,4,140.1,0.0,560.4
12347,4530,74,209,1,215.0,0.0,215.0
12348,4530,37,105,1,23.93,0.0,23.93
12349,4531,2,4,3,86.92,0.0,260.76
12350,4531,32,89,2,171.3,0.0,342.6
12351,4531,30,81,3,25.27,0.0,75.81
12352,4532,87,249,2,78.46,0.0,156.92
12353,4532,4,8,2,89.33,0.0,178.66
12354,4532,68,193,1,165.66,0.0,165.66
12355,4533,80,225,2,213.05,0.0,426.1
12356,4534,3,5,5,132.59,0.0,662.95
12357,4534,95,274,3,7.88,0.0,23.64
12358,4534,31,84,2,47.47,0.0,94.94
12359,4535,78,218,1,83.43,0.0,83.43
12360,4536,53,150,1,76.71,0.0,76.71
12361,4537,36,103,5,10.53,0.0,52.65
12362,4538,34,96,3,79.03,0.0,237.09
12363,4538,5,14,1,81.21,0.0,81.21
12364,4539,2,3,1,81.92,0.0,81.92
12365,4540,8,21,1,183.95,0.0,183.95
12366,4541,76,215,2,63.03,0.0,126.06
12367,4541,43,124,3,44.67,0.0,134.01
12368,4542,2,3,3,81.92,0.0,245.76
12369,4543,30,81,1,25.27,0.0,25.27
12370,4543,87,248,1,66.46,0.0,66.46
12371,4543,57,164,2,26.38,0.0,52.76
12372,4543,79,222,4,145.61,0.0,582.44
12373,4543,48,136,3,45.39,0.0,136.17
12374,4544,36,104,1,15.53,0.0,15.53
12375,4544,47,134,2,97.33,0.0,194.66
12376,4544,3,5,1,132.59,0.0,132.59
12377,4544,16,43,2,136.76,0.0,273.52
12378,4545,17,46,2,83.41,0.0,166.82
12379,4546,71,202,1,18.78,0.0,18.78
12380,4546,51,144,1,19.92,0.0,19.92
12381,4546,14,38,1,93.42,0.0,93.42
12382,4546,48,137,2,45.39,0.0,90.78
12383,4547,47,135,4,79.33,0.0,317.32
12384,4548,5,11,1,86.21,0.0,86.21
12385,4548,82,232,1,33.0,0.0,33.0
12386,4548,62,178,1,150.25,0.0,150.25
12387,4549,39,111,3,68.78,0.0,206.34
12388,4549,16,43,5,136.76,0.0,683.8
12389,4549,45,128,1,29.45,0.0,29.45
12390,4549,8,21,2,183.95,0.0,367.9
12391,4550,44,127,2,22.65,0.0,45.3
12392,4551,95,274,4,7.88,0.0,31.52
12393,4551,29,78,4,150.1,0.0,600.4
12394,4552,76,215,2,63.03,0.0,126.06
12395,4552,23,62,2,48.88,0.0,97.76
12396,4552,43,123,3,12.67,0.0,38.01
12397,4552,67,192,3,77.05,0.0,231.15
12398,4552,97,279,1,39.57,0.0,39.57
12399,4553,11,30,1,36.69,0.0,36.69
12400,4553,74,210,3,212.0,0.0,636.0
12401,4554,43,123,3,12.67,0.0,38.01
12402,4554,55,154,4,35.23,0.0,140.92
12403,4554,62,180,5,150.25,0.0,751.25
12404,4555,68,195,1,162.66,0.0,162.66
12405,4555,18,47,4,98.27,0.0,393.08
12406,4555,63,182,2,65.54,0.0,131.08
12407,4555,32,88,4,176.3,0.0,705.2
12408,4555,70,200,2,129.33,0.0,258.66
12409,4555,65,186,4,154.37,0.0,617.48
12410,4556,28,76,3,158.25,0.0,474.75
12411,4556,45,128,1,29.45,0.0,29.45
12412,4556,55,156,3,17.23,0.0,51.69
12413,4557,22,58,3,138.97,0.0,416.91
12414,4557,11,29,3,41.69,0.0,125.07
12415,4558,1,2,5,188.05,0.0,940.25
12416,4558,9,23,4,61.83,0.0,247.32
12417,4558,93,267,2,29.84,0.0,59.68
12418,4559,17,45,2,88.41,0.0,176.82
12419,4559,82,230,1,21.0,0.0,21.0
12420,4559,86,246,3,85.71,0.0,257.13
12421,4559,70,200,2,129.33,0.0,258.66
12422,4560,45,128,1,29.45,0.0,29.45
12423,4560,20,54,1,60.61,0.0,60.61
12424,4561,54,152,2,31.28,0.0,62.56
12425,4561,15,39,5,161.21,0.0,806.05
12426,4562,40,113,2,133.52,0.0,267.04
12427,4562,47,135,2,79.33,0.0,158.66
12428,4563,50,141,1,97.34,0.0,97.34
12429,4563,5,13,1,96.21,0.0,96.21
12430,4563,53,149,1,44.71,0.0,44.71
12431,4564,62,178,1,150.25,0.0,150.25
12432,4565,11,29,2,41.69,0.0,83.38
12433,4565,29,78,1,150.1,0.0,150.1
12434,4565,90,256,3,38.11,0.0,114.33
12435,4565,61,174,1,72.85,0.0,72.85
12436,4565,10,28,1,236.5,0.0,236.5
12437,4566,95,274,2,7.88,0.0,15.76
12438,4567,48,137,3,45.39,0.0,136.17
12439,4567,61,174,1,72.85,0.0,72.85
12440,4567,15,40,2,176.21,0.0,352.42
12441,4567,39,112,1,53.78,0.0,53.78
12442,4568,60,171,5,18.2,0.0,91.0
12443,4569,56,159,1,58.28,0.0,58.28
12444,4570,49,139,3,38.68,0.0,116.04
12445,4571,1,1,4,193.05,0.0,772.2
12446,4571,72,205,1,153.23,0.0,153.23
12447,4572,22,59,1,148.97,0.0,148.97
12448,4572,15,39,1,161.21,0.0,161.21
12449,4572,6,15,1,111.76,0.0,111.76
12450,4572,34,97,1,89.03,0.0,89.03
12451,4573,49,138,4,20.68,0.0,82.72
12452,4573,64,184,2,66.17,0.0,132.34
12453,4573,8,20,2,193.95,0.0,387.9
12454,4574,64,183,3,72.17,0.0,216.51
12455,4574,12,32,5,243.11,0.0,1215.55
12456,4574,19,51,2,192.14,0.0,384.28
12457,4574,6,15,2,111.76,0.0,223.52
12458,4575,52,147,4,97.59,0.0,390.36
12459,4576,62,180,1,150.25,0.0,150.25
12460,4576,90,256,3,38.11,0.0,114.33
12461,4576,52,147,2,97.59,0.0,195.18
12462,4576,51,145,4,51.92,0.0,207.68
12463,4577,74,210,2,212.0,0.0,424.0
12464,4578,10,25,2,241.5,0.0,483.0
12465,4579,5,13,4,96.21,0.0,384.84
12466,4580,58,165,1,43.21,0.0,43.21
12467,4581,83,233,2,35.04,0.0,70.08
12468,4581,31,84,3,47.47,0.0,142.41
12469,4582,78,218,1,83.43,0.0,83.43
12470,4582,72,204,1,156.23,0.0,156.23
12471,4583,1,1,1,193.05,0.0,193.05
12472,4584,27,71,4,12.55,0.0,50.2
12473,4584,54,152,1,31.28,0.0,31.28
12474,4584,39,110,5,58.78,0.0,293.9
12475,4585,22,59,3,148.97,0.0,446.91
12476,4585,72,205,4,153.23,0.0,612.92
12477,4586,59,167,1,55.83,0.0,55.83
12478,4586,81,227,3,63.08,0.0,189.24
12479,4587,7,18,3,51.06,0.0,153.18
12480,4587,90,257,3,52.11,0.0,156.33
12481,4588,55,157,1,17.23,0.0,17.23
12482,4588,90,256,1,38.11,0.0,38.11
12483,4588,87,247,1,64.46,0.0,64.46
12484,4588,8,20,1,193.95,0.0,193.95
12485,4589,8,20,2,193.95,0.0,387.9
12486,4589,16,44,1,121.76,0.0,121.76
12487,4590,21,56,3,72.82,0.0,218.46
12488,4590,94,271,2,24.87,0.0,49.74
12489,4590,43,123,3,12.67,0.0,38.01
12490,4590,81,229,5,75.08,0.0,375.4
12491,4590,96,278,4,80.44,0.0,321.76
12492,4591,52,147,1,97.59,0.0,97.59
12493,4591,4,9,3,99.33,0.0,297.99
12494,4591,5,14,1,81.21,0.0,81.21
12495,4591,42,119,1,40.62,0.0,40.62
12496,4592,76,214,2,66.03,0.0,132.06
12497,4592,35,99,3,27.33,0.0,81.99
12498,4593,38,107,3,159.11,0.0,477.33
12499,4593,58,166,2,61.21,0.0,122.42
12500,4594,75,213,2,44.67,0.0,89.34
12501,4594,32,91,1,186.3,0.0,186.3
12502,4594,31,87,1,62.47,0.0,62.47
12503,4594,64,184,2,66.17,0.0,132.34
12504,4594,36,103,1,10.53,0.0,10.53
12505,4594,49,138,3,20.68,0.0,62.04
12506,4595,10,28,2,236.5,0.0,473.0
12507,4596,79,221,2,148.61,0.0,297.22
12508,4596,68,196,1,165.66,0.0,165.66
12509,4596,57,164,4,26.38,0.0,105.52
12510,4596,63,182,1,65.54,0.0,65.54
12511,4596,90,257,4,52.11,0.0,208.44
12512,4597,13,34,1,155.62,0.0,155.62
12513,4598,46,130,1,70.22,0.0,70.22
12514,4598,99,283,3,61.51,0.0,184.53
12515,4598,48,136,5,45.39,0.0,226.95
12516,4598,54,153,1,13.28,0.0,13.28
12517,4598,14,36,4,78.42,0.0,313.68
12518,4598,55,154,1,35.23,0.0,35.23
12519,4599,85,240,1,18.14,0.0,18.14
12520,4599,37,106,4,18.93,0.0,75.72
12521,4600,41,118,5,40.66,0.0,203.3
12522,4600,83,234,2,33.04,0.0,66.08
12523,4600,14,37,5,83.42,0.0,417.1
12524,4600,11,29,2,41.69,0.0,83.38
12525,4600,1,1,1,193.05,0.0,193.05
12526,4601,6,15,3,111.76,0.0,335.28
12527,4601,61,174,1,72.85,0.0,72.85
12528,4602,13,33,3,140.62,0.0,421.86
12529,4602,41,117,3,22.66,0.0,67.98
12530,4603,87,248,1,66.46,0.0,66.46
12531,4603,20,55,2,60.61,0.0,121.22
12532,4603,99,284,1,49.51,0.0,49.51
12533,4603,77,216,2,190.3,0.0,380.6
12534,4604,20,53,2,75.61,0.0,151.22
12535,4604,34,96,5,79.03,0.0,395.15
12536,4604,98,282,3,69.39,0.0,208.17
12537,4605,63,182,2,65.54,0.0,131.08
12538,4606,28,76,1,158.25,0.0,158.25
12539,4606,64,183,1,72.17,0.0,72.17
12540,4607,81,227,5,63.08,0.0,315.4
12541,4607,31,84,3,47.47,0.0,142.41
12542,4607,56,159,5,58.28,0.0,291.4
12543,4607,14,38,3,93.42,0.0,280.26
12544,4608,19,49,2,207.14,0.0,414.28
12545,4608,70,199,1,132.33,0.0,132.33
12546,4608,31,85,1,52.47,0.0,52.47
12547,4609,74,210,2,212.0,0.0,424.0
12548,4609,77,217,1,190.3,0.0,190.3
12549,4610,56,160,4,40.28,0.0,161.12
12550,4610,49,138,1,20.68,0.0,20.68
12551,4610,21,57,5,67.82,0.0,339.1
12552,4611,43,124,2,44.67,0.0,89.34
12553,4611,65,186,2,154.37,0.0,308.74
12554,4611,81,228,1,63.08,0.0,63.08
12555,4611,96,275,3,92.44,0.0,277.32
12556,4612,56,160,2,40.28,0.0,80.56
12557,4612,7,18,2,51.06,0.0,102.12
12558,4612,32,90,4,176.3,0.0,705.2
12559,4612,49,139,1,38.68,0.0,38.68
12560,4612,29,77,1,135.1,0.0,135.1
12561,4612,53,148,3,62.71,0.0,188.13
12562,4613,12,31,3,258.11,0.0,774.33
12563,4613,35,99,3,27.33,0.0,81.99
12564,4613,85,243,4,6.14,0.0,24.56
12565,4613,14,37,5,83.42,0.0,417.1
12566,4614,70,199,1,132.33,0.0,132.33
12567,4615,61,174,1,72.85,0.0,72.85
12568,4615,88,251,2,33.4,0.0,66.8
12569,4615,49,139,1,38.68,0.0,38.68
12570,4615,68,196,2,165.66,0.0,331.32
12571,4615,37,106,5,18.93,0.0,94.65
12572,4616,3,6,1,147.59,0.0,147.59
12573,4616,43,122,4,12.67,0.0,50.68
12574,4616,56,158,2,72.28,0.0,144.56
12575,4616,31,86,4,52.47,0.0,209.88
12576,4616,4,8,4,89.33,0.0,357.32
12577,4617,25,67,2,126.29,0.0,252.58
12578,4617,10,28,1,236.5,0.0,236.5
12579,4618,16,42,2,126.76,0.0,253.52
12580,4619,96,275,1,92.44,0.0,92.44
12581,4620,12,32,1,243.11,0.0,243.11
12582,4621,37,106,1,18.93,0.0,18.93
12583,4622,56,158,1,72.28,0.0,72.28
12584,4622,17,45,1,88.41,0.0,88.41
12585,4622,15,40,1,176.21,0.0,176.21
12586,4623,18,47,3,98.27,0.0,294.81
12587,4623,55,155,2,49.23,0.0,98.46
12588,4623,34,96,4,79.03,0.0,316.12
12589,4623,79,220,4,151.61,0.0,606.44
12590,4624,9,23,1,61.83,0.0,61.83
12591,4624,46,131,2,70.22,0.0,140.44
12592,4625,29,79,4,140.1,0.0,560.4
12593,4625,19,49,1,207.14,0.0,207.14
12594,4626,8,20,3,193.95,0.0,581.85
12595,4626,7,19,3,56.06,0.0,168.18
12596,4626,89,254,2,59.85,0.0,119.7
12597,4626,37,105,4,23.93,0.0,95.72
12598,4626,77,216,2,190.3,0.0,380.6
12599,4627,84,236,1,50.36,0.0,50.36
12600,4627,57,164,1,26.38,0.0,26.38
12601,4628,9,23,1,61.83,0.0,61.83
12602,4628,36,103,2,10.53,0.0,21.06
12603,4628,45,128,1,29.45,0.0,29.45
12604,4628,73,208,1,198.67,0.0,198.67
12605,4629,96,277,1,80.44,0.0,80.44
12606,4629,7,17,2,51.06,0.0,102.12
12607,4629,10,27,1,236.5,0.0,236.5
12608,4629,40,113,2,133.52,0.0,267.04
12609,4629,45,129,2,47.45,0.0,94.9
12610,4630,12,31,1,258.11,0.0,258.11
12611,4630,14,38,1,93.42,0.0,93.42
12612,4631,41,118,1,40.66,0.0,40.66
12613,4631,10,26,1,251.5,0.0,251.5
12614,4632,75,213,2,44.67,0.0,89.34
12615,4633,99,283,1,61.51,9.23,52.28
12616,4633,79,221,1,148.61,22.29,126.32
12617,4634,63,182,1,65.54,0.0,65.54
12618,4634,89,255,4,61.85,0.0,247.4
12619,4634,58,166,2,61.21,0.0,122.42
12620,4635,21,56,2,72.82,0.0,145.64
12621,4635,17,46,4,83.41,0.0,333.64
12622,4635,4,8,5,89.33,0.0,446.65
12623,4635,56,161,1,40.28,0.0,40.28
12624,4635,42,119,5,40.62,0.0,203.1
12625,4636,19,49,4,207.14,0.0,828.56
12626,4636,23,61,3,38.88,0.0,116.64
12627,4637,17,45,1,88.41,0.0,88.41
12628,4637,31,85,3,52.47,0.0,157.41
12629,4638,28,76,1,158.25,23.74,134.51
12630,4639,25,67,1,126.29,18.94,107.35
12631,4640,63,182,1,65.54,0.0,65.54
12632,4640,64,184,2,66.17,0.0,132.34
12633,4640,79,221,1,148.61,0.0,148.61
12634,4641,44,126,2,22.65,3.4,38.5
12635,4641,55,154,2,35.23,5.28,59.9
12636,4642,5,11,2,86.21,0.0,172.42
12637,4642,61,174,1,72.85,0.0,72.85
12638,4642,13,35,1,145.62,0.0,145.62
12639,4642,60,172,1,18.2,0.0,18.2
12640,4643,10,28,2,236.5,0.0,473.0
12641,4644,1,2,1,188.05,0.0,188.05
12642,4644,5,13,2,96.21,0.0,192.42
12643,4644,1,2,5,188.05,0.0,940.25
12644,4644,14,38,3,93.42,0.0,280.26
12645,4644,67,191,4,83.05,0.0,332.2
12646,4644,49,139,2,38.68,0.0,77.36
12647,4645,20,55,3,60.61,9.09,154.56
12648,4645,8,20,2,193.95,29.09,329.72
12649,4645,65,187,2,151.37,22.71,257.32
12650,4645,41,118,2,40.66,6.1,69.12
12651,4645,33,93,2,51.53,7.73,87.6
12652,4646,89,253,2,73.85,0.0,147.7
12653,4646,99,283,5,61.51,0.0,307.55
12654,4647,39,111,2,68.78,0.0,137.56
12655,4647,72,204,1,156.23,0.0,156.23
12656,4647,41,118,2,40.66,0.0,81.32
12657,4648,15,39,1,161.21,24.18,137.03
12658,4648,68,193,1,165.66,24.85,140.81
12659,4649,88,252,2,33.4,0.0,66.8
12660,4649,20,55,3,60.61,0.0,181.83
12661,4649,5,14,1,81.21,0.0,81.21
12662,4650,41,117,1,22.66,0.0,22.66
12663,4650,24,64,4,112.11,0.0,448.44
12664,4650,35,100,2,32.33,0.0,64.66
12665,4650,72,204,2,156.23,0.0,312.46
12666,4650,19,50,2,192.14,0.0,384.28
12667,4651,77,217,3,190.3,28.55,485.25
12668,4651,11,30,2,36.69,5.5,62.38
12669,4652,15,40,2,176.21,26.43,299.56
12670,4652,20,53,2,75.61,11.34,128.54
12671,4652,9,23,2,61.83,9.27,105.12
12672,4652,29,79,3,140.1,21.02,357.24
12673,4652,85,242,1,4.99,0.75,4.24
12674,4652,30,82,2,10.27,1.54,17.46
12675,4653,4,7,2,84.33,12.65,143.36
12676,4653,89,254,4,59.85,8.98,203.48
12677,4653,81,227,1,63.08,9.46,53.62
12678,4654,20,52,2,65.61,0.0,131.22
12679,4654,93,268,1,29.84,0.0,29.84
12680,4654,20,52,1,65.61,0.0,65.61
12681,4654,80,223,1,216.05,0.0,216.05
12682,4655,21,56,1,72.82,0.0,72.82
12683,4655,64,184,2,66.17,0.0,132.34
12684,4656,61,175,1,69.85,0.0,69.85
12685,4656,23,61,3,38.88,0.0,116.64
12686,4656,26,70,1,69.15,0.0,69.15
12687,4656,91,259,3,35.66,0.0,106.98
12688,4656,51,144,2,19.92,0.0,39.84
12689,4656,42,119,1,40.62,0.0,40.62
12690,4657,60,172,1,18.2,0.0,18.2
12691,4658,90,257,3,52.11,0.0,156.33
12692,4658,67,191,2,83.05,0.0,166.1
12693,4659,4,9,3,99.33,14.9,253.29
12694,4659,65,187,3,151.37,22.71,385.98
12695,4660,34,96,1,79.03,11.85,67.18
12696,4660,8,20,2,193.95,29.09,329.72
12697,4660,40,115,2,133.52,20.03,226.98
12698,4660,8,21,4,183.95,27.59,625.44
12699,4661,68,196,4,165.66,24.85,563.24
12700,4661,51,145,5,51.92,7.79,220.65
12701,4661,13,34,3,155.62,23.34,396.84
12702,4661,87,247,5,64.46,9.67,273.95
12703,4661,8,20,4,193.95,29.09,659.44
12704,4662,43,122,1,12.67,0.0,12.67
12705,4663,73,208,5,198.67,0.0,993.35
12706,4663,57,163,2,58.38,0.0,116.76
12707,4664,94,270,3,36.87,0.0,110.61
12708,4664,16,43,5,136.76,0.0,683.8
12709,4664,2,4,2,86.92,0.0,173.84
12710,4664,4,9,3,99.33,0.0,297.99
12711,4664,74,210,4,212.0,0.0,848.0
12712,4665,64,184,1,66.17,9.93,56.24
12713,4665,15,39,1,161.21,24.18,137.03
12714,4665,23,60,2,33.88,5.08,57.6
12715,4666,57,164,2,26.38,0.0,52.76
12716,4666,65,186,2,154.37,0.0,308.74
12717,4666,15,40,3,176.21,0.0,528.63
12718,4666,19,51,1,192.14,0.0,192.14
12719,4667,25,66,1,136.29,0.0,136.29
12720,4668,80,223,1,216.05,0.0,216.05
12721,4668,32,89,2,171.3,0.0,342.6
12722,4668,38,109,5,164.11,0.0,820.55
12723,4668,30,83,3,15.27,0.0,45.81
12724,4668,5,11,2,86.21,0.0,172.42
12725,4669,64,183,1,72.17,10.83,61.34
12726,4670,16,44,2,121.76,0.0,243.52
12727,4670,3,5,2,132.59,0.0,265.18
12728,4670,64,184,1,66.17,0.0,66.17
12729,4670,17,45,2,88.41,0.0,176.82
12730,4670,12,32,1,243.11,0.0,243.11
12731,4671,26,69,4,64.15,9.62,218.12
12732,4671,64,183,1,72.17,10.83,61.34
12733,4672,96,275,1,92.44,0.0,92.44
12734,4672,91,259,1,35.66,0.0,35.66
12735,4673,42,121,3,40.62,0.0,121.86
12736,4673,29,80,5,140.1,0.0,700.5
12737,4674,56,159,1,58.28,0.0,58.28
12738,4674,32,89,1,171.3,0.0,171.3
12739,4674,15,40,1,176.21,0.0,176.21
12740,4674,6,16,1,126.76,0.0,126.76
12741,4675,44,127,3,22.65,0.0,67.95
12742,4675,85,240,1,18.14,0.0,18.14
12743,4675,43,124,3,44.67,0.0,134.01
12744,4675,65,187,1,151.37,0.0,151.37
12745,4676,77,216,3,190.3,0.0,570.9
12746,4676,28,74,3,158.25,0.0,474.75
12747,4677,6,15,2,111.76,0.0,223.52
12748,4678,9,22,3,56.83,0.0,170.49
12749,4678,74,210,1,212.0,0.0,212.0
12750,4678,15,40,1,176.21,0.0,176.21
12751,4678,56,161,1,40.28,0.0,40.28
12752,4679,53,149,3,44.71,0.0,134.13
12753,4680,27,73,4,7.55,0.0,30.2
12754,4680,30,81,3,25.27,0.0,75.81
12755,4680,45,129,3,47.45,0.0,142.35
12756,4681,20,52,1,65.61,0.0,65.61
12757,4681,1,1,1,193.05,0.0,193.05
12758,4681,9,23,2,61.83,0.0,123.66
12759,4681,99,284,1,49.51,0.0,49.51
12760,4682,63,181,2,65.54,9.83,111.42
12761,4682,89,254,3,59.85,8.98,152.61
12762,4683,24,63,3,122.11,0.0,366.33
12763,4683,11,29,1,41.69,0.0,41.69
12764,4683,41,117,3,22.66,0.0,67.98
12765,4683,80,223,1,216.05,0.0,216.05
12766,4683,26,69,1,64.15,0.0,64.15
12767,4684,17,46,4,83.41,0.0,333.64
12768,4684,69,198,2,25.8,0.0,51.6
12769,4684,29,77,2,135.1,0.0,270.2
12770,4685,52,147,2,97.59,14.64,165.9
12771,4685,65,185,3,154.37,23.16,393.63
12772,4685,59,167,2,55.83,8.37,94.92
12773,4685,94,271,1,24.87,3.73,21.14
12774,4685,9,22,4,56.83,8.52,193.24
12775,4686,39,110,2,58.78,8.82,99.92
12776,4687,90,256,3,38.11,0.0,114.33
12777,4688,30,82,5,10.27,0.0,51.35
12778,4688,84,238,1,38.36,0.0,38.36
12779,4688,83,234,3,33.04,0.0,99.12
12780,4688,42,120,3,72.62,0.0,217.86
12781,4688,74,209,4,215.0,0.0,860.0
12782,4688,26,68,1,69.15,0.0,69.15
12783,4689,26,68,1,69.15,0.0,69.15
12784,4689,6,15,1,111.76,0.0,111.76
12785,4690,75,213,3,44.67,6.7,113.91
12786,4690,3,5,1,132.59,19.89,112.7
12787,4691,46,130,1,70.22,0.0,70.22
12788,4691,92,265,1,74.75,0.0,74.75
12789,4691,72,204,4,156.23,0.0,624.92
12790,4691,5,13,3,96.21,0.0,288.63
12791,4692,83,235,3,35.04,0.0,105.12
12792,4692,64,183,2,72.17,0.0,144.34
12793,4693,41,118,5,40.66,0.0,203.3
12794,4693,70,199,1,132.33,0.0,132.33
12795,4693,19,51,5,192.14,0.0,960.7
12796,4693,74,210,3,212.0,0.0,636.0
12797,4694,19,50,1,192.14,28.82,163.32
12798,4694,24,65,1,107.11,16.07,91.04
12799,4694,6,15,2,111.76,16.76,190.0
12800,4695,14,36,1,78.42,0.0,78.42
12801,4695,26,69,2,64.15,0.0,128.3
12802,4696,94,271,3,24.87,0.0,74.61
12803,4696,9,23,2,61.83,0.0,123.66
12804,4697,15,39,3,161.21,0.0,483.63
12805,4697,35,99,3,27.33,0.0,81.99
12806,4697,88,250,2,45.4,0.0,90.8
12807,4697,15,40,2,176.21,0.0,352.42
12808,4697,25,66,3,136.29,0.0,408.87
12809,4697,92,263,1,60.75,0.0,60.75
12810,4698,32,88,1,176.3,26.45,149.85
12811,4699,90,256,1,38.11,0.0,38.11
12812,4699,42,119,2,40.62,0.0,81.24
12813,4699,16,41,1,121.76,0.0,121.76
12814,4700,43,122,2,12.67,0.0,25.34
12815,4701,33,95,1,56.53,0.0,56.53
12816,4701,21,57,2,67.82,0.0,135.64
12817,4701,26,69,1,64.15,0.0,64.15
12818,4701,25,66,4,136.29,0.0,545.16
12819,4702,82,231,2,21.0,0.0,42.0
12820,4702,42,121,2,40.62,0.0,81.24
12821,4702,49,139,3,38.68,0.0,116.04
12822,4703,67,191,4,83.05,12.46,282.36
12823,4704,14,36,1,78.42,0.0,78.42
12824,4705,53,148,3,62.71,9.41,159.9
12825,4705,47,134,3,97.33,14.6,248.19
12826,4705,2,4,3,86.92,13.04,221.64
12827,4706,17,45,5,88.41,13.26,375.75
12828,4706,19,49,1,207.14,31.07,176.07
12829,4706,73,206,3,195.67,29.35,498.96
12830,4707,62,179,3,147.25,0.0,441.75
12831,4707,40,115,5,133.52,0.0,667.6
12832,4707,2,3,3,81.92,0.0,245.76
12833,4708,79,220,3,151.61,22.74,386.61
12834,4708,77,216,1,190.3,28.55,161.75
12835,4708,68,196,3,165.66,24.85,422.43
12836,4709,75,213,2,44.67,0.0,89.34
12837,4710,22,59,1,148.97,0.0,148.97
12838,4711,31,87,4,62.47,0.0,249.88
12839,4712,37,106,1,18.93,0.0,18.93
12840,4712,30,83,1,15.27,0.0,15.27
12841,4712,66,188,3,32.38,0.0,97.14
12842,4712,85,241,1,6.14,0.0,6.14
12843,4713,45,128,2,29.45,0.0,58.9
12844,4713,20,55,3,60.61,0.0,181.83
12845,4713,63,182,1,65.54,0.0,65.54
12846,4714,33,92,1,56.53,8.48,48.05
12847,4714,3,5,2,132.59,19.89,225.4
12848,4715,94,270,2,36.87,0.0,73.74
12849,4715,42,119,1,40.62,0.0,40.62
12850,4716,88,251,1,33.4,0.0,33.4
12851,4716,19,50,3,192.14,0.0,576.42
12852,4716,18,48,1,93.27,0.0,93.27
12853,4716,49,138,2,20.68,0.0,41.36
12854,4717,68,193,3,165.66,0.0,496.98
12855,4717,18,48,2,93.27,0.0,186.54
12856,4717,34,98,1,79.03,0.0,79.03
12857,4717,88,251,3,33.4,0.0,100.2
12858,4717,60,172,1,18.2,0.0,18.2
12859,4718,57,163,2,58.38,0.0,116.76
12860,4718,35,99,3,27.33,0.0,81.99
12861,4718,73,206,1,195.67,0.0,195.67
12862,4719,6,16,2,126.76,0.0,253.52
12863,4719,41,117,1,22.66,0.0,22.66
12864,4720,2,4,2,86.92,0.0,173.84
12865,4721,80,225,1,213.05,31.96,181.09
12866,4721,81,226,2,61.08,9.16,103.84
12867,4721,58,165,1,43.21,6.48,36.73
12868,4722,24,63,5,122.11,0.0,610.55
12869,4722,36,104,1,15.53,0.0,15.53
12870,4722,69,198,2,25.8,0.0,51.6
12871,4723,61,176,3,66.85,0.0,200.55
12872,4723,9,22,3,56.83,0.0,170.49
12873,4723,44,126,2,22.65,0.0,45.3
12874,4723,18,48,5,93.27,0.0,466.35
12875,4723,30,81,2,25.27,0.0,50.54
12876,4724,68,194,1,168.66,0.0,168.66
12877,4724,31,85,4,52.47,0.0,209.88
12878,4725,22,59,1,148.97,0.0,148.97
12879,4725,22,58,2,138.97,0.0,277.94
12880,4725,14,36,1,78.42,0.0,78.42
12881,4726,5,12,4,81.21,12.18,276.12
12882,4727,88,251,1,33.4,0.0,33.4
12883,4727,18,48,2,93.27,0.0,186.54
12884,4728,23,61,2,38.88,0.0,77.76
12885,4728,44,125,3,40.65,0.0,121.95
12886,4728,21,57,1,67.82,0.0,67.82
12887,4728,75,213,4,44.67,0.0,178.68
12888,4728,26,70,1,69.15,0.0,69.15
12889,4728,43,124,1,44.67,0.0,44.67
12890,4729,47,134,2,97.33,14.6,165.46
12891,4729,92,262,4,62.75,9.41,213.36
12892,4729,56,158,3,72.28,10.84,184.32
12893,4729,76,215,4,63.03,9.45,214.32
12894,4730,33,93,5,51.53,7.73,219.0
12895,4730,33,94,1,66.53,9.98,56.55
12896,4730,84,237,1,38.36,5.75,32.61
12897,4731,25,67,2,126.29,0.0,252.58
12898,4731,67,192,3,77.05,0.0,231.15
12899,4731,25,67,2,126.29,0.0,252.58
12900,4731,26,68,5,69.15,0.0,345.75
12901,4732,40,113,3,133.52,20.03,340.47
12902,4733,5,13,1,96.21,0.0,96.21
12903,4734,7,17,5,51.06,0.0,255.3
12904,4734,2,4,1,86.92,0.0,86.92
12905,4734,26,68,2,69.15,0.0,138.3
12906,4734,18,47,1,98.27,0.0,98.27
12907,4734,43,124,3,44.67,0.0,134.01
12908,4734,60,173,1,36.2,0.0,36.2
12909,4735,81,227,1,63.08,9.46,53.62
12910,4735,18,47,2,98.27,14.74,167.06
12911,4735,80,223,1,216.05,32.41,183.64
12912,4736,70,200,1,129.33,0.0,129.33
12913,4737,28,75,1,153.25,0.0,153.25
12914,4737,2,4,1,86.92,0.0,86.92
12915,4737,6,16,1,126.76,0.0,126.76
12916,4737,43,124,3,44.67,0.0,134.01
12917,4737,44,126,2,22.65,0.0,45.3
12918,4738,54,153,2,13.28,0.0,26.56
12919,4739,59,167,1,55.83,0.0,55.83
12920,4739,44,125,2,40.65,0.0,81.3
12921,4740,18,48,3,93.27,0.0,279.81
12922,4741,59,168,1,55.83,0.0,55.83
12923,4741,63,182,2,65.54,0.0,131.08
12924,4741,65,186,1,154.37,0.0,154.37
12925,4742,3,6,3,147.59,0.0,442.77
12926,4742,15,39,3,161.21,0.0,483.63
12927,4743,80,224,1,213.05,0.0,213.05
12928,4743,13,35,3,145.62,0.0,436.86
12929,4744,80,225,4,213.05,0.0,852.2
12930,4744,6,16,3,126.76,0.0,380.28
12931,4745,43,124,1,44.67,0.0,44.67
12932,4745,98,281,1,83.39,0.0,83.39
12933,4745,50,140,2,111.34,0.0,222.68
12934,4746,35,99,4,27.33,4.1,92.92
12935,4746,73,208,2,198.67,29.8,337.74
12936,4746,19,49,2,207.14,31.07,352.14
12937,4747,59,168,1,55.83,8.37,47.46
12938,4747,56,161,3,40.28,6.04,102.72
12939,4748,19,51,3,192.14,0.0,576.42
12940,4748,86,244,1,83.71,0.0,83.71
12941,4749,78,219,1,80.43,12.06,68.37
12942,4749,42,120,4,72.62,10.89,246.92
12943,4749,24,65,5,107.11,16.07,455.2
12944,4750,22,59,2,148.97,0.0,297.94
12945,4750,91,258,1,21.66,0.0,21.66
12946,4750,31,87,2,62.47,0.0,124.94
12947,4751,77,217,1,190.3,28.55,161.75
12948,4751,28,76,2,158.25,23.74,269.02
12949,4752,76,215,4,63.03,0.0,252.12
12950,4752,74,209,2,215.0,0.0,430.0
12951,4753,25,67,3,126.29,0.0,378.87
12952,4754,27,72,1,22.55,0.0,22.55
12953,4755,13,33,2,140.62,21.09,239.06
12954,4755,9,24,5,56.83,8.52,241.55
12955,4755,30,81,3,25.27,3.79,64.44
12956,4755,47,134,3,97.33,14.6,248.19
12957,4756,56,160,2,40.28,0.0,80.56
12958,4757,15,39,1,161.21,0.0,161.21
12959,4757,68,194,5,168.66,0.0,843.3
12960,4757,31,84,3,47.47,0.0,142.41
12961,4757,15,39,2,161.21,0.0,322.42
12962,4757,19,49,5,207.14,0.0,1035.7
12963,4758,48,136,1,45.39,0.0,45.39
12964,4758,16,44,1,121.76,0.0,121.76
12965,4759,20,54,2,60.61,9.09,103.04
12966,4759,41,118,1,40.66,6.1,34.56
12967,4759,3,5,5,132.59,19.89,563.5
12968,4760,22,59,2,148.97,0.0,297.94
12969,4760,33,93,1,51.53,0.0,51.53
12970,4760,42,119,2,40.62,0.0,81.24
12971,4760,42,119,3,40.62,0.0,121.86
12972,4760,13,34,2,155.62,0.0,311.24
12973,4761,68,196,3,165.66,0.0,496.98
12974,4761,38,108,4,174.11,0.0,696.44
12975,4761,43,122,1,12.67,0.0,12.67
12976,4761,70,200,1,129.33,0.0,129.33
12977,4761,2,4,1,86.92,0.0,86.92
12978,4762,79,222,1,145.61,0.0,145.61
12979,4762,38,107,1,159.11,0.0,159.11
12980,4762,90,256,3,38.11,0.0,114.33
12981,4762,23,60,1,33.88,0.0,33.88
12982,4763,82,231,4,21.0,0.0,84.0
12983,4763,78,219,1,80.43,0.0,80.43
12984,4763,22,59,2,148.97,0.0,297.94
12985,4764,5,13,2,96.21,14.43,163.56
12986,4765,16,42,5,126.76,0.0,633.8
12987,4765,71,202,1,18.78,0.0,18.78
12988,4765,53,148,3,62.71,0.0,188.13
12989,4766,100,286,1,56.34,8.45,47.89
12990,4767,41,118,5,40.66,6.1,172.8
12991,4767,31,86,1,52.47,7.87,44.6
12992,4768,83,235,1,35.04,5.26,29.78
12993,4768,77,217,1,190.3,28.55,161.75
12994,4769,16,41,2,121.76,18.26,207.0
12995,4769,7,18,1,51.06,7.66,43.4
12996,4769,72,205,1,153.23,22.98,130.25
12997,4770,95,272,1,9.88,0.0,9.88
12998,4771,28,74,1,158.25,23.74,134.51
12999,4771,84,237,1,38.36,5.75,32.61
13000,4771,62,178,1,150.25,22.54,127.71
13001,4771,16,44,5,121.76,18.26,517.5
13002,4771,44,126,1,22.65,3.4,19.25
13003,4772,59,167,2,55.83,8.37,94.92
13004,4772,82,231,2,21.0,3.15,35.7
13005,4772,94,271,2,24.87,3.73,42.28
13006,4772,36,103,4,10.53,1.58,35.8
13007,4772,12,31,5,258.11,38.72,1096.95
13008,4773,54,152,1,31.28,0.0,31.28
13009,4773,59,170,2,73.83,0.0,147.66
13010,4773,80,225,2,213.05,0.0,426.1
13011,4773,90,256,3,38.11,0.0,114.33
13012,4773,73,206,4,195.67,0.0,782.68
13013,4774,51,145,1,51.92,7.79,44.13
13014,4774,87,249,5,78.46,11.77,333.45
13015,4774,24,63,1,122.11,18.32,103.79
13016,4775,71,203,1,18.78,0.0,18.78
13017,4776,51,145,5,51.92,0.0,259.6
13018,4776,38,107,2,159.11,0.0,318.22
13019,4776,36,102,4,25.53,0.0,102.12
13020,4776,50,140,3,111.34,0.0,334.02
13021,4776,88,252,2,33.4,0.0,66.8
13022,4777,37,106,1,18.93,0.0,18.93
13023,4777,4,8,2,89.33,0.0,178.66
13024,4778,55,157,1,17.23,0.0,17.23
13025,4779,80,225,4,213.05,0.0,852.2
13026,4779,13,33,3,140.62,0.0,421.86
13027,4779,2,3,5,81.92,0.0,409.6
13028,4780,27,71,4,12.55,0.0,50.2
13029,4780,40,113,2,133.52,0.0,267.04
13030,4780,9,22,4,56.83,0.0,227.32
13031,4780,75,213,5,44.67,0.0,223.35
13032,4780,2,4,2,86.92,0.0,173.84
13033,4780,75,212,5,50.67,0.0,253.35
13034,4781,59,167,2,55.83,0.0,111.66
13035,4781,10,26,1,251.5,0.0,251.5
13036,4781,55,155,5,49.23,0.0,246.15
13037,4782,87,249,2,78.46,11.77,133.38
13038,4782,49,138,4,20.68,3.1,70.32
13039,4782,60,172,4,18.2,2.73,61.88
13040,4782,84,238,1,38.36,5.75,32.61
13041,4782,91,260,4,23.66,3.55,80.44
13042,4782,20,55,4,60.61,9.09,206.08
13043,4783,20,55,2,60.61,0.0,121.22
13044,4784,85,241,2,6.14,0.0,12.28
13045,4784,19,51,1,192.14,0.0,192.14
13046,4785,49,139,1,38.68,0.0,38.68
13047,4786,93,267,3,29.84,0.0,89.52
13048,4786,46,132,4,102.22,0.0,408.88
13049,4787,26,69,1,64.15,0.0,64.15
13050,4788,50,141,2,97.34,14.6,165.48
13051,4788,98,281,4,83.39,12.51,283.52
13052,4788,58,166,1,61.21,9.18,52.03
13053,4788,56,160,1,40.28,6.04,34.24
13054,4788,59,167,1,55.83,8.37,47.46
13055,4789,96,275,4,92.44,13.87,314.28
13056,4789,7,19,4,56.06,8.41,190.6
13057,4789,44,126,4,22.65,3.4,77.0
13058,4790,16,43,1,136.76,20.51,116.25
13059,4790,54,153,3,13.28,1.99,33.87
13060,4790,7,18,2,51.06,7.66,86.8
13061,4790,20,53,1,75.61,11.34,64.27
13062,4790,38,109,1,164.11,24.62,139.49
13063,4791,65,185,1,154.37,23.16,131.21
13064,4791,71,203,3,18.78,2.82,47.88
13065,4791,34,97,1,89.03,13.35,75.68
13066,4792,28,75,1,153.25,0.0,153.25
13067,4792,74,209,4,215.0,0.0,860.0
13068,4792,48,137,3,45.39,0.0,136.17
13069,4793,5,13,1,96.21,0.0,96.21
13070,4794,32,88,3,176.3,0.0,528.9
13071,4794,7,17,4,51.06,0.0,204.24
13072,4794,34,96,2,79.03,0.0,158.06
13073,4795,28,76,1,158.25,0.0,158.25
13074,4796,31,85,1,52.47,0.0,52.47
13075,4796,77,217,1,190.3,0.0,190.3
13076,4797,52,147,5,97.59,0.0,487.95
13077,4798,20,55,5,60.61,0.0,303.05
13078,4798,100,285,5,42.34,0.0,211.7
13079,4798,34,98,5,79.03,0.0,395.15
13080,4798,16,41,2,121.76,0.0,243.52
13081,4798,56,158,3,72.28,0.0,216.84
13082,4799,58,165,3,43.21,6.48,110.19
13083,4800,19,50,1,192.14,0.0,192.14
13084,4800,32,91,2,186.3,0.0,372.6
13085,4800,34,98,1,79.03,0.0,79.03
13086,4801,3,6,1,147.59,0.0,147.59
13087,4801,35,100,2,32.33,0.0,64.66
13088,4802,2,4,1,86.92,13.04,73.88
13089,4802,85,242,1,4.99,0.75,4.24
13090,4803,95,274,1,7.88,1.18,6.7
13091,4803,34,97,1,89.03,13.35,75.68
13092,4803,83,234,1,33.04,4.96,28.08
13093,4804,68,194,5,168.66,0.0,843.3
13094,4805,5,13,2,96.21,14.43,163.56
13095,4805,61,174,1,72.85,10.93,61.92
13096,4805,72,205,1,153.23,22.98,130.25
13097,4806,36,102,4,25.53,3.83,86.8
13098,4807,1,1,3,193.05,28.96,492.27
13099,4808,11,30,1,36.69,0.0,36.69
13100,4809,32,89,1,171.3,0.0,171.3
13101,4809,27,71,1,12.55,0.0,12.55
13102,4810,35,99,3,27.33,0.0,81.99
13103,4810,44,126,1,22.65,0.0,22.65
13104,4810,43,124,2,44.67,0.0,89.34
13105,4810,64,184,3,66.17,0.0,198.51
13106,4811,32,88,4,176.3,26.45,599.4
13107,4811,4,7,4,84.33,12.65,286.72
13108,4811,10,25,4,241.5,36.23,821.08
13109,4812,24,63,4,122.11,0.0,488.44
13110,4812,100,285,3,42.34,0.0,127.02
13111,4813,13,33,1,140.62,0.0,140.62
13112,4813,41,117,3,22.66,0.0,67.98
13113,4814,31,84,3,47.47,0.0,142.41
13114,4814,38,109,2,164.11,0.0,328.22
13115,4814,66,189,1,26.38,0.0,26.38
13116,4815,29,79,1,140.1,21.02,119.08
13117,4815,82,230,1,21.0,3.15,17.85
13118,4815,89,253,3,73.85,11.08,188.31
13119,4815,7,18,1,51.06,7.66,43.4
13120,4816,31,86,2,52.47,0.0,104.94
13121,4817,72,205,4,153.23,0.0,612.92
13122,4818,11,29,5,41.69,0.0,208.45
13123,4818,12,32,2,243.11,0.0,486.22
13124,4818,11,30,5,36.69,0.0,183.45
13125,4818,98,282,3,69.39,0.0,208.17
13126,4818,57,163,3,58.38,0.0,175.14
13127,4819,27,72,4,22.55,3.38,76.68
13128,4819,18,47,3,98.27,14.74,250.59
13129,4819,17,46,5,83.41,12.51,354.5
13130,4819,27,72,5,22.55,3.38,95.85
13131,4820,24,63,2,122.11,18.32,207.58
13132,4820,17,45,2,88.41,13.26,150.3
13133,4820,59,169,5,87.83,13.17,373.3
13134,4820,48,136,2,45.39,6.81,77.16
13135,4820,25,66,2,136.29,20.44,231.7
13136,4820,71,201,4,15.78,2.37,53.64
13137,4821,48,137,1,45.39,0.0,45.39
13138,4821,15,40,2,176.21,0.0,352.42
13139,4821,66,188,1,32.38,0.0,32.38
13140,4821,84,238,3,38.36,0.0,115.08
13141,4822,51,143,4,37.92,0.0,151.68
13142,4823,74,210,5,212.0,0.0,1060.0
13143,4823,18,47,4,98.27,0.0,393.08
13144,4823,62,178,2,150.25,0.0,300.5
13145,4824,65,186,5,154.37,0.0,771.85
13146,4824,13,34,5,155.62,0.0,778.1
13147,4825,50,141,1,97.34,0.0,97.34
13148,4826,28,76,1,158.25,0.0,158.25
13149,4826,29,79,2,140.1,0.0,280.2
13150,4827,12,31,1,258.11,0.0,258.11
13151,4827,13,33,1,140.62,0.0,140.62
13152,4828,18,47,1,98.27,14.74,83.53
13153,4828,6,15,1,111.76,16.76,95.0
13154,4829,50,141,4,97.34,14.6,330.96
13155,4830,63,181,2,65.54,0.0,131.08
13156,4830,75,211,1,47.67,0.0,47.67
13157,4830,4,7,3,84.33,0.0,252.99
13158,4831,27,71,1,12.55,1.88,10.67
13159,4832,94,270,1,36.87,0.0,36.87
13160,4832,3,5,1,132.59,0.0,132.59
13161,4833,19,49,2,207.14,0.0,414.28
13162,4833,65,187,1,151.37,0.0,151.37
13163,4833,60,171,3,18.2,0.0,54.6
13164,4834,21,57,2,67.82,10.17,115.3
13165,4834,62,179,5,147.25,22.09,625.8
13166,4834,30,81,3,25.27,3.79,64.44
13167,4835,55,155,3,49.23,0.0,147.69
13168,4835,15,40,3,176.21,0.0,528.63
13169,4835,5,13,2,96.21,0.0,192.42
13170,4836,6,16,4,126.76,0.0,507.04
13171,4836,79,221,4,148.61,0.0,594.44
13172,4836,1,2,2,188.05,0.0,376.1
13173,4837,12,32,1,243.11,36.47,206.64
13174,4837,34,98,1,79.03,11.85,67.18
13175,4837,74,210,1,212.0,31.8,180.2
13176,4838,19,51,1,192.14,0.0,192.14
13177,4838,65,186,3,154.37,0.0,463.11
13178,4838,9,24,1,56.83,0.0,56.83
13179,4838,45,128,2,29.45,0.0,58.9
13180,4839,13,35,1,145.62,0.0,145.62
13181,4839,25,67,2,126.29,0.0,252.58
13182,4840,83,234,1,33.04,0.0,33.04
13183,4840,39,110,2,58.78,0.0,117.56
13184,4840,2,4,1,86.92,0.0,86.92
13185,4840,58,165,1,43.21,0.0,43.21
13186,4841,75,211,1,47.67,7.15,40.52
13187,4841,1,1,1,193.05,28.96,164.09
13188,4842,91,260,2,23.66,3.55,40.22
13189,4842,11,29,1,41.69,6.25,35.44
13190,4843,15,39,2,161.21,24.18,274.06
13191,4844,31,87,5,62.47,0.0,312.35
13192,4845,75,211,3,47.67,0.0,143.01
13193,4845,45,129,5,47.45,0.0,237.25
13194,4846,30,81,3,25.27,0.0,75.81
13195,4847,66,188,1,32.38,0.0,32.38
13196,4847,35,100,2,32.33,0.0,64.66
13197,4847,19,51,1,192.14,0.0,192.14
13198,4847,91,260,1,23.66,0.0,23.66
13199,4847,59,169,2,87.83,0.0,175.66
13200,4847,47,134,1,97.33,0.0,97.33
13201,4848,74,210,2,212.0,0.0,424.0
13202,4848,51,145,1,51.92,0.0,51.92
13203,4848,64,184,3,66.17,0.0,198.51
13204,4848,52,146,1,65.59,0.0,65.59
13205,4848,88,250,5,45.4,0.0,227.0
13206,4849,27,73,3,7.55,0.0,22.65
13207,4849,33,95,2,56.53,0.0,113.06
13208,4850,77,217,1,190.3,0.0,190.3
13209,4851,95,273,3,21.88,0.0,65.64
13210,4851,86,244,1,83.71,0.0,83.71
13211,4851,67,191,1,83.05,0.0,83.05
13212,4852,17,45,2,88.41,0.0,176.82
13213,4852,1,1,1,193.05,0.0,193.05
13214,4852,71,202,2,18.78,0.0,37.56
13215,4852,18,47,3,98.27,0.0,294.81
13216,4853,1,2,1,188.05,0.0,188.05
13217,4853,5,13,1,96.21,0.0,96.21
13218,4854,40,113,3,133.52,20.03,340.47
13219,4854,77,217,1,190.3,28.55,161.75
13220,4854,16,43,4,136.76,20.51,465.0
13221,4854,98,282,1,69.39,10.41,58.98
13222,4854,97,280,1,39.57,5.94,33.63
13223,4855,77,216,3,190.3,28.55,485.25
13224,4855,83,234,2,33.04,4.96,56.16
13225,4856,47,134,1,97.33,14.6,82.73
13226,4857,7,19,1,56.06,0.0,56.06
13227,4858,4,8,3,89.33,0.0,267.99
13228,4858,65,187,5,151.37,0.0,756.85
13229,4859,99,283,5,61.51,0.0,307.55
13230,4859,28,75,3,153.25,0.0,459.75
13231,4860,35,99,3,27.33,0.0,81.99
13232,4860,21,56,5,72.82,0.0,364.1
13233,4860,5,11,2,86.21,0.0,172.42
13234,4860,39,111,3,68.78,0.0,206.34
13235,4861,5,13,5,96.21,14.43,408.9
13236,4862,63,181,2,65.54,0.0,131.08
13237,4862,22,59,1,148.97,0.0,148.97
13238,4863,70,200,2,129.33,19.4,219.86
13239,4863,1,2,1,188.05,28.21,159.84
13240,4863,42,121,2,40.62,6.09,69.06
13241,4864,53,148,1,62.71,9.41,53.3
13242,4864,56,160,1,40.28,6.04,34.24
13243,4865,54,152,1,31.28,0.0,31.28
13244,4865,1,1,4,193.05,0.0,772.2
13245,4865,25,67,1,126.29,0.0,126.29
13246,4866,41,118,1,40.66,0.0,40.66
13247,4867,25,66,2,136.29,0.0,272.58
13248,4867,88,251,1,33.4,0.0,33.4
13249,4868,48,136,4,45.39,6.81,154.32
13250,4868,42,121,3,40.62,6.09,103.59
13251,4868,81,226,1,61.08,9.16,51.92
13252,4869,33,94,3,66.53,0.0,199.59
13253,4869,90,256,2,38.11,0.0,76.22
13254,4869,37,106,1,18.93,0.0,18.93
13255,4869,53,150,1,76.71,0.0,76.71
13256,4869,48,136,1,45.39,0.0,45.39
13257,4870,65,187,2,151.37,22.71,257.32
13258,4870,47,134,2,97.33,14.6,165.46
13259,4870,81,227,3,63.08,9.46,160.86
13260,4870,68,194,2,168.66,25.3,286.72
13261,4871,41,117,1,22.66,0.0,22.66
13262,4871,88,252,2,33.4,0.0,66.8
13263,4872,76,214,1,66.03,0.0,66.03
13264,4873,73,208,4,198.67,0.0,794.68
13265,4874,10,27,1,236.5,0.0,236.5
13266,4874,12,32,2,243.11,0.0,486.22
13267,4875,54,152,2,31.28,0.0,62.56
13268,4875,4,8,1,89.33,0.0,89.33
13269,4875,21,57,2,67.82,0.0,135.64
13270,4875,3,6,2,147.59,0.0,295.18
13271,4875,50,142,5,79.34,0.0,396.7
13272,4875,48,137,2,45.39,0.0,90.78
13273,4876,8,21,1,183.95,0.0,183.95
13274,4876,96,276,1,78.44,0.0,78.44
13275,4876,22,58,2,138.97,0.0,277.94
13276,4876,18,47,1,98.27,0.0,98.27
13277,4876,45,129,1,47.45,0.0,47.45
13278,4876,24,64,1,112.11,0.0,112.11
13279,4877,17,46,1,83.41,0.0,83.41
13280,4877,28,76,3,158.25,0.0,474.75
13281,4878,6,15,5,111.76,0.0,558.8
13282,4878,23,61,2,38.88,0.0,77.76
13283,4879,45,129,3,47.45,7.12,120.99
13284,4879,73,207,3,192.67,28.9,491.31
13285,4879,19,51,1,192.14,28.82,163.32
13286,4879,62,177,2,153.25,22.99,260.52
13287,4879,39,111,4,68.78,10.32,233.84
13288,4879,53,151,4,44.71,6.71,152.0
13289,4880,10,26,1,251.5,0.0,251.5
13290,4880,68,196,1,165.66,0.0,165.66
13291,4880,10,25,5,241.5,0.0,1207.5
13292,4880,41,117,1,22.66,0.0,22.66
13293,4881,78,219,1,80.43,0.0,80.43
13294,4882,30,81,2,25.27,0.0,50.54
13295,4882,51,143,4,37.92,0.0,151.68
13296,4883,64,183,1,72.17,10.83,61.34
13297,4883,19,50,3,192.14,28.82,489.96
13298,4883,20,55,5,60.61,9.09,257.6
13299,4883,5,11,1,86.21,12.93,73.28
13300,4884,28,75,1,153.25,0.0,153.25
13301,4885,50,142,1,79.34,11.9,67.44
13302,4885,37,106,2,18.93,2.84,32.18
13303,4885,66,190,1,29.38,4.41,24.97
13304,4886,79,222,1,145.61,0.0,145.61
13305,4886,8,20,3,193.95,0.0,581.85
13306,4886,23,62,2,48.88,0.0,97.76
13307,4887,74,210,2,212.0,0.0,424.0
13308,4887,62,179,4,147.25,0.0,589.0
13309,4887,55,155,1,49.23,0.0,49.23
13310,4888,2,4,2,86.92,0.0,173.84
13311,4888,60,172,3,18.2,0.0,54.6
13312,4888,61,175,4,69.85,0.0,279.4
13313,4888,54,153,4,13.28,0.0,53.12
13314,4889,83,233,2,35.04,0.0,70.08
13315,4890,8,21,2,183.95,0.0,367.9
13316,4890,91,258,1,21.66,0.0,21.66
13317,4890,13,33,1,140.62,0.0,140.62
13318,4890,57,162,1,44.38,0.0,44.38
13319,4890,53,148,1,62.71,0.0,62.71
13320,4891,47,134,3,97.33,0.0,291.99
13321,4891,21,56,5,72.82,0.0,364.1
13322,4892,47,135,2,79.33,0.0,158.66
13323,4893,12,31,1,258.11,0.0,258.11
13324,4894,62,179,1,147.25,0.0,147.25
13325,4894,13,33,2,140.62,0.0,281.24
13326,4894,30,81,2,25.27,0.0,50.54
13327,4894,24,63,5,122.11,0.0,610.55
13328,4895,32,91,1,186.3,0.0,186.3
13329,4896,54,152,1,31.28,0.0,31.28
13330,4896,55,157,2,17.23,0.0,34.46
13331,4896,49,138,1,20.68,0.0,20.68
13332,4896,32,90,1,176.3,0.0,176.3
13333,4897,32,91,1,186.3,27.95,158.35
13334,4897,44,127,2,22.65,3.4,38.5
13335,4898,97,279,2,39.57,0.0,79.14
13336,4898,18,48,4,93.27,0.0,373.08
13337,4898,56,159,4,58.28,0.0,233.12
13338,4899,15,40,1,176.21,0.0,176.21
13339,4899,53,149,1,44.71,0.0,44.71
13340,4899,59,168,5,55.83,0.0,279.15
13341,4899,56,160,2,40.28,0.0,80.56
13342,4900,18,48,4,93.27,0.0,373.08
13343,4900,10,25,2,241.5,0.0,483.0
13344,4900,78,219,5,80.43,0.0,402.15
13345,4900,31,84,2,47.47,0.0,94.94
13346,4901,46,131,2,70.22,0.0,140.44
13347,4901,88,250,1,45.4,0.0,45.4
13348,4901,90,257,2,52.11,0.0,104.22
13349,4901,15,40,2,176.21,0.0,352.42
13350,4901,56,160,1,40.28,0.0,40.28
13351,4902,1,2,2,188.05,0.0,376.1
13352,4903,3,6,1,147.59,22.14,125.45
13353,4904,91,260,2,23.66,3.55,40.22
13354,4904,64,183,1,72.17,10.83,61.34
13355,4904,2,3,4,81.92,12.29,278.52
13356,4905,20,52,1,65.61,0.0,65.61
13357,4905,71,201,4,15.78,0.0,63.12
13358,4906,94,270,2,36.87,0.0,73.74
13359,4907,65,187,1,151.37,22.71,128.66
13360,4907,58,165,1,43.21,6.48,36.73
13361,4907,21,56,3,72.82,10.92,185.7
13362,4908,53,150,1,76.71,11.51,65.2
13363,4908,27,73,1,7.55,1.13,6.42
13364,4908,29,78,1,150.1,22.52,127.58
13365,4909,17,46,2,83.41,12.51,141.8
13366,4910,46,132,1,102.22,0.0,102.22
13367,4911,55,157,5,17.23,2.58,73.25
13368,4911,89,254,3,59.85,8.98,152.61
13369,4911,46,132,1,102.22,15.33,86.89
13370,4911,1,2,3,188.05,28.21,479.52
13371,4911,78,218,3,83.43,12.51,212.76
13372,4912,29,80,5,140.1,0.0,700.5
13373,4912,7,18,2,51.06,0.0,102.12
13374,4912,48,137,1,45.39,0.0,45.39
13375,4913,23,62,3,48.88,7.33,124.65
13376,4913,2,4,2,86.92,13.04,147.76
13377,4913,97,280,2,39.57,5.94,67.26
13378,4913,30,83,3,15.27,2.29,38.94
13379,4913,61,175,1,69.85,10.48,59.37
13380,4914,63,182,1,65.54,0.0,65.54
13381,4914,75,213,2,44.67,0.0,89.34
13382,4915,34,96,2,79.03,0.0,158.06
13383,4916,61,176,2,66.85,0.0,133.7
13384,4916,1,2,1,188.05,0.0,188.05
13385,4916,77,216,1,190.3,0.0,190.3
13386,4917,12,32,3,243.11,0.0,729.33
13387,4917,70,199,3,132.33,0.0,396.99
13388,4917,8,20,1,193.95,0.0,193.95
13389,4918,8,21,1,183.95,0.0,183.95
13390,4918,44,127,3,22.65,0.0,67.95
13391,4918,20,52,2,65.61,0.0,131.22
13392,4918,29,79,3,140.1,0.0,420.3
13393,4919,66,188,4,32.38,0.0,129.52
13394,4919,20,52,2,65.61,0.0,131.22
13395,4919,85,241,1,6.14,0.0,6.14
13396,4919,93,267,1,29.84,0.0,29.84
13397,4919,71,201,1,15.78,0.0,15.78
13398,4920,63,181,1,65.54,0.0,65.54
13399,4921,49,139,1,38.68,0.0,38.68
13400,4922,44,126,2,22.65,0.0,45.3
13401,4922,19,51,2,192.14,0.0,384.28
13402,4922,57,163,1,58.38,0.0,58.38
13403,4923,10,25,5,241.5,0.0,1207.5
13404,4923,16,42,1,126.76,0.0,126.76
13405,4924,4,9,1,99.33,0.0,99.33
13406,4925,2,3,4,81.92,0.0,327.68
13407,4925,100,286,2,56.34,0.0,112.68
13408,4925,1,1,1,193.05,0.0,193.05
13409,4925,8,20,2,193.95,0.0,387.9
13410,4925,35,100,1,32.33,0.0,32.33
13411,4926,46,131,1,70.22,0.0,70.22
13412,4926,41,118,3,40.66,0.0,121.98
13413,4927,74,209,1,215.0,0.0,215.0
13414,4927,100,287,1,44.34,0.0,44.34
13415,4927,23,61,2,38.88,0.0,77.76
13416,4927,91,260,1,23.66,0.0,23.66
13417,4927,24,64,1,112.11,0.0,112.11
13418,4928,22,59,5,148.97,0.0,744.85
13419,4928,27,72,2,22.55,0.0,45.1
13420,4928,8,20,3,193.95,0.0,581.85
13421,4929,8,21,2,183.95,0.0,367.9
13422,4930,53,151,1,44.71,0.0,44.71
13423,4930,72,204,3,156.23,0.0,468.69
13424,4931,6,15,1,111.76,0.0,111.76
13425,4932,92,262,3,62.75,0.0,188.25
13426,4933,8,21,5,183.95,0.0,919.75
13427,4933,31,84,1,47.47,0.0,47.47
13428,4934,13,35,3,145.62,0.0,436.86
13429,4934,11,29,5,41.69,0.0,208.45
13430,4935,3,5,4,132.59,0.0,530.36
13431,4935,25,67,2,126.29,0.0,252.58
13432,4935,7,17,5,51.06,0.0,255.3
13433,4935,68,194,2,168.66,0.0,337.32
13434,4936,15,40,2,176.21,0.0,352.42
13435,4937,3,6,2,147.59,0.0,295.18
13436,4937,26,68,2,69.15,0.0,138.3
13437,4937,3,6,1,147.59,0.0,147.59
13438,4938,28,76,2,158.25,0.0,316.5
13439,4938,33,95,1,56.53,0.0,56.53
13440,4938,4,8,3,89.33,0.0,267.99
13441,4938,68,194,5,168.66,0.0,843.3
13442,4939,59,170,1,73.83,0.0,73.83
13443,4939,52,146,2,65.59,0.0,131.18
13444,4939,75,211,2,47.67,0.0,95.34
13445,4939,16,42,3,126.76,0.0,380.28
13446,4939,25,67,5,126.29,0.0,631.45
13447,4939,54,153,1,13.28,0.0,13.28
13448,4940,44,127,1,22.65,0.0,22.65
13449,4940,38,108,1,174.11,0.0,174.11
13450,4940,59,167,2,55.83,0.0,111.66
13451,4940,91,259,1,35.66,0.0,35.66
13452,4941,18,48,1,93.27,0.0,93.27
13453,4941,54,152,2,31.28,0.0,62.56
13454,4942,24,65,1,107.11,0.0,107.11
13455,4942,7,19,3,56.06,0.0,168.18
13456,4943,75,211,4,47.67,0.0,190.68
13457,4943,46,130,3,70.22,0.0,210.66
13458,4943,37,105,3,23.93,0.0,71.79
13459,4944,78,218,4,83.43,0.0,333.72
13460,4945,25,66,1,136.29,0.0,136.29
13461,4945,14,37,5,83.42,0.0,417.1
13462,4945,23,61,1,38.88,0.0,38.88
13463,4945,68,194,3,168.66,0.0,505.98
13464,4945,8,20,2,193.95,0.0,387.9
13465,4945,72,204,1,156.23,0.0,156.23
13466,4946,44,127,1,22.65,0.0,22.65
13467,4946,50,142,2,79.34,0.0,158.68
13468,4947,62,180,1,150.25,0.0,150.25
13469,4947,59,170,3,73.83,0.0,221.49
13470,4947,7,19,5,56.06,0.0,280.3
13471,4947,16,41,5,121.76,0.0,608.8
13472,4947,49,139,3,38.68,0.0,116.04
13473,4947,32,90,3,176.3,0.0,528.9
13474,4948,38,107,3,159.11,0.0,477.33
13475,4948,45,128,1,29.45,0.0,29.45
13476,4948,81,227,2,63.08,0.0,126.16
13477,4949,27,71,2,12.55,0.0,25.1
13478,4949,48,136,1,45.39,0.0,45.39
13479,4949,78,218,5,83.43,0.0,417.15
13480,4949,56,161,5,40.28,0.0,201.4
13481,4950,16,43,3,136.76,0.0,410.28
13482,4950,20,52,1,65.61,0.0,65.61
13483,4950,89,255,1,61.85,0.0,61.85
13484,4950,50,142,4,79.34,0.0,317.36
13485,4951,71,202,1,18.78,0.0,18.78
13486,4952,19,50,2,192.14,0.0,384.28
13487,4953,70,200,1,129.33,0.0,129.33
13488,4954,34,96,5,79.03,0.0,395.15
13489,4954,15,40,1,176.21,0.0,176.21
13490,4954,50,142,2,79.34,0.0,158.68
13491,4955,63,182,1,65.54,0.0,65.54
13492,4956,11,30,1,36.69,0.0,36.69
13493,4957,69,197,3,22.8,0.0,68.4
13494,4957,19,50,3,192.14,0.0,576.42
13495,4957,70,200,2,129.33,0.0,258.66
13496,4957,2,4,1,86.92,0.0,86.92
13497,4958,35,100,2,32.33,0.0,64.66
13498,4958,21,56,2,72.82,0.0,145.64
13499,4958,77,216,1,190.3,0.0,190.3
13500,4959,73,206,4,195.67,0.0,782.68
13501,4959,35,100,1,32.33,0.0,32.33
13502,4959,18,48,2,93.27,0.0,186.54
13503,4959,99,283,2,61.51,0.0,123.02
13504,4959,82,230,2,21.0,0.0,42.0
13505,4960,12,32,5,243.11,0.0,1215.55
13506,4960,89,253,5,73.85,0.0,369.25
13507,4960,29,79,2,140.1,0.0,280.2
13508,4961,92,262,2,62.75,0.0,125.5
13509,4961,50,141,4,97.34,0.0,389.36
13510,4961,45,128,3,29.45,0.0,88.35
13511,4961,81,228,3,63.08,0.0,189.24
13512,4961,63,182,3,65.54,0.0,196.62
13513,4962,28,74,1,158.25,0.0,158.25
13514,4963,13,34,3,155.62,0.0,466.86
13515,4963,6,16,1,126.76,0.0,126.76
13516,4963,60,171,1,18.2,0.0,18.2
13517,4963,13,34,2,155.62,0.0,311.24
13518,4963,14,38,3,93.42,0.0,280.26
13519,4963,17,45,1,88.41,0.0,88.41
13520,4964,28,76,1,158.25,0.0,158.25
13521,4965,38,108,1,174.11,0.0,174.11
13522,4966,15,39,1,161.21,0.0,161.21
13523,4966,4,10,2,84.33,0.0,168.66
13524,4966,29,78,5,150.1,0.0,750.5
13525,4966,22,58,1,138.97,0.0,138.97
13526,4967,75,212,1,50.67,0.0,50.67
13527,4967,71,201,3,15.78,0.0,47.34
13528,4967,74,209,3,215.0,0.0,645.0
13529,4967,23,61,1,38.88,0.0,38.88
13530,4968,30,83,4,15.27,0.0,61.08
13531,4968,65,186,2,154.37,0.0,308.74
13532,4969,95,272,4,9.88,0.0,39.52
13533,4970,8,21,2,183.95,0.0,367.9
13534,4970,37,106,1,18.93,0.0,18.93
13535,4970,16,44,2,121.76,0.0,243.52
13536,4971,75,212,2,50.67,0.0,101.34
13537,4971,42,119,3,40.62,0.0,121.86
13538,4971,56,160,4,40.28,0.0,161.12
13539,4971,24,64,1,112.11,0.0,112.11
13540,4971,44,127,1,22.65,0.0,22.65
13541,4971,94,270,2,36.87,0.0,73.74
13542,4972,13,34,1,155.62,0.0,155.62
13543,4972,88,250,1,45.4,0.0,45.4
13544,4972,9,23,2,61.83,0.0,123.66
13545,4973,97,279,5,39.57,0.0,197.85
13546,4973,4,8,5,89.33,0.0,446.65
13547,4973,2,4,5,86.92,0.0,434.6
13548,4973,68,195,3,162.66,0.0,487.98
13549,4973,84,238,3,38.36,0.0,115.08
13550,4974,21,56,1,72.82,0.0,72.82
13551,4974,70,199,2,132.33,0.0,264.66
13552,4975,20,52,3,65.61,0.0,196.83
13553,4976,55,155,3,49.23,0.0,147.69
13554,4976,78,218,1,83.43,0.0,83.43
13555,4976,25,66,1,136.29,0.0,136.29
13556,4976,6,15,1,111.76,0.0,111.76
13557,4976,43,122,2,12.67,0.0,25.34
13558,4977,25,67,1,126.29,0.0,126.29
13559,4978,5,12,1,81.21,0.0,81.21
13560,4979,95,274,3,7.88,0.0,23.64
13561,4979,51,144,1,19.92,0.0,19.92
13562,4980,79,220,2,151.61,0.0,303.22
13563,4981,47,134,2,97.33,0.0,194.66
13564,4982,19,49,2,207.14,0.0,414.28
13565,4982,65,185,3,154.37,0.0,463.11
13566,4982,42,120,5,72.62,0.0,363.1
13567,4982,49,139,2,38.68,0.0,77.36
13568,4983,22,58,2,138.97,0.0,277.94
13569,4983,14,37,2,83.42,0.0,166.84
13570,4984,48,137,2,45.39,0.0,90.78
13571,4985,8,21,2,183.95,0.0,367.9
13572,4985,45,129,5,47.45,0.0,237.25
13573,4985,65,185,5,154.37,0.0,771.85
13574,4986,59,167,1,55.83,0.0,55.83
13575,4986,8,21,2,183.95,0.0,367.9
13576,4986,99,284,1,49.51,0.0,49.51
13577,4986,66,189,2,26.38,0.0,52.76
13578,4987,63,182,1,65.54,0.0,65.54
13579,4988,11,30,4,36.69,0.0,146.76
13580,4989,22,59,4,148.97,0.0,595.88
13581,4989,68,193,3,165.66,0.0,496.98
13582,4989,10,28,2,236.5,0.0,473.0
13583,4989,61,174,3,72.85,0.0,218.55
13584,4989,76,214,4,66.03,0.0,264.12
13585,4989,15,39,4,161.21,0.0,644.84
13586,4990,38,107,1,159.11,0.0,159.11
13587,4990,64,184,2,66.17,0.0,132.34
13588,4991,29,79,4,140.1,0.0,560.4
13589,4992,83,235,1,35.04,0.0,35.04
13590,4992,78,218,1,83.43,0.0,83.43
13591,4992,13,35,3,145.62,0.0,436.86
13592,4992,42,120,1,72.62,0.0,72.62
13593,4992,14,38,2,93.42,0.0,186.84
13594,4992,10,26,1,251.5,0.0,251.5
13595,4993,43,123,3,12.67,0.0,38.01
13596,4993,60,173,3,36.2,0.0,108.6
13597,4993,35,100,4,32.33,0.0,129.32
13598,4994,18,47,2,98.27,0.0,196.54
13599,4994,4,8,2,89.33,0.0,178.66
13600,4995,100,287,2,44.34,0.0,88.68
13601,4995,59,170,1,73.83,0.0,73.83
13602,4995,57,162,1,44.38,0.0,44.38
13603,4995,7,17,2,51.06,0.0,102.12
13604,4995,5,11,1,86.21,0.0,86.21
13605,4995,76,215,3,63.03,0.0,189.09
13606,4996,23,62,2,48.88,0.0,97.76
13607,4996,59,168,2,55.83,0.0,111.66
13608,4996,64,184,1,66.17,0.0,66.17
13609,4997,38,109,1,164.11,0.0,164.11
13610,4998,35,100,2,32.33,0.0,64.66
13611,4998,80,224,2,213.05,0.0,426.1
13612,4999,61,174,5,72.85,0.0,364.25
13613,4999,16,43,4,136.76,0.0,547.04
13614,4999,1,1,5,193.05,0.0,965.25
13615,5000,34,96,2,79.03,0.0,158.06
13616,5000,67,192,2,77.05,0.0,154.1
13617,5000,70,200,5,129.33,0.0,646.65
13618,5001,7,18,1,51.06,0.0,51.06
13619,5001,26,69,1,64.15,0.0,64.15
13620,5001,69,197,1,22.8,0.0,22.8
13621,5001,17,45,3,88.41,0.0,265.23
13622,5002,31,85,1,52.47,0.0,52.47
13623,5002,61,174,1,72.85,0.0,72.85
13624,5003,39,112,3,53.78,0.0,161.34
13625,5003,10,27,1,236.5,0.0,236.5
13626,5003,25,67,4,126.29,0.0,505.16
13627,5003,69,198,1,25.8,0.0,25.8
13628,5004,54,153,2,13.28,0.0,26.56
13629,5005,21,56,1,72.82,0.0,72.82
13630,5006,2,3,1,81.92,0.0,81.92
13631,5006,79,222,1,145.61,0.0,145.61
13632,5006,99,284,2,49.51,0.0,99.02
13633,5007,45,129,2,47.45,0.0,94.9
13634,5008,51,143,3,37.92,0.0,113.76
13635,5009,2,4,1,86.92,0.0,86.92
13636,5010,55,156,2,17.23,0.0,34.46
13637,5010,56,160,3,40.28,0.0,120.84
13638,5010,96,278,1,80.44,0.0,80.44
13639,5010,86,246,3,85.71,0.0,257.13
13640,5011,32,88,3,176.3,0.0,528.9
13641,5011,85,240,1,18.14,0.0,18.14
13642,5011,27,73,2,7.55,0.0,15.1
13643,5012,55,156,1,17.23,0.0,17.23
13644,5012,32,88,5,176.3,0.0,881.5
13645,5013,69,197,1,22.8,0.0,22.8
13646,5014,7,17,1,51.06,0.0,51.06
13647,5014,46,131,2,70.22,0.0,140.44
13648,5014,70,199,2,132.33,0.0,264.66
13649,5014,12,31,1,258.11,0.0,258.11
13650,5015,82,231,2,21.0,0.0,42.0
13651,5015,40,114,1,128.52,0.0,128.52
13652,5015,37,105,1,23.93,0.0,23.93
13653,5015,10,25,2,241.5,0.0,483.0
13654,5015,16,42,1,126.76,0.0,126.76
13655,5015,10,25,2,241.5,0.0,483.0
13656,5016,98,282,1,69.39,0.0,69.39
13657,5016,46,130,1,70.22,0.0,70.22
13658,5016,82,232,2,33.0,0.0,66.0
13659,5017,76,215,3,63.03,0.0,189.09
13660,5017,29,78,2,150.1,0.0,300.2
13661,5017,5,11,1,86.21,0.0,86.21
13662,5017,14,37,2,83.42,0.0,166.84
13663,5017,78,218,1,83.43,0.0,83.43
13664,5017,39,110,1,58.78,0.0,58.78
13665,5018,80,224,4,213.05,0.0,852.2
13666,5018,11,30,5,36.69,0.0,183.45
13667,5019,74,209,3,215.0,0.0,645.0
13668,5019,12,31,3,258.11,0.0,774.33
13669,5019,7,19,2,56.06,0.0,112.12
13670,5019,12,32,5,243.11,0.0,1215.55
13671,5020,72,204,2,156.23,0.0,312.46
13672,5020,2,4,3,86.92,0.0,260.76
13673,5020,54,153,5,13.28,0.0,66.4
13674,5021,17,46,2,83.41,0.0,166.82
13675,5021,86,245,2,85.71,0.0,171.42
13676,5022,57,164,2,26.38,0.0,52.76
13677,5023,96,277,2,80.44,0.0,160.88
13678,5023,55,155,1,49.23,0.0,49.23
13679,5024,65,187,2,151.37,0.0,302.74
13680,5025,57,164,5,26.38,0.0,131.9
13681,5025,25,67,2,126.29,0.0,252.58
13682,5025,67,192,1,77.05,0.0,77.05
13683,5025,58,165,2,43.21,0.0,86.42
13684,5025,13,33,1,140.62,0.0,140.62
13685,5025,67,191,1,83.05,0.0,83.05
13686,5026,46,131,1,70.22,0.0,70.22
13687,5027,28,76,2,158.25,0.0,316.5
13688,5027,50,141,2,97.34,0.0,194.68
13689,5028,36,103,1,10.53,0.0,10.53
13690,5028,32,89,3,171.3,0.0,513.9
13691,5028,34,98,1,79.03,0.0,79.03
13692,5029,25,67,2,126.29,0.0,252.58
13693,5030,75,213,2,44.67,0.0,89.34
13694,5030,67,191,2,83.05,0.0,166.1
13695,5031,32,89,1,171.3,0.0,171.3
13696,5031,38,109,3,164.11,0.0,492.33
13697,5031,19,51,1,192.14,0.0,192.14
13698,5031,36,104,2,15.53,0.0,31.06
13699,5032,26,70,3,69.15,0.0,207.45
13700,5032,7,17,1,51.06,0.0,51.06
13701,5032,35,100,2,32.33,0.0,64.66
13702,5032,53,150,4,76.71,0.0,306.84
13703,5033,97,280,2,39.57,0.0,79.14
13704,5033,49,139,1,38.68,0.0,38.68
13705,5033,89,255,2,61.85,0.0,123.7
13706,5034,46,133,1,88.22,0.0,88.22
13707,5034,1,1,1,193.05,0.0,193.05
13708,5035,45,128,2,29.45,0.0,58.9
13709,5036,3,5,2,132.59,0.0,265.18
13710,5036,38,109,1,164.11,0.0,164.11
13711,5036,68,193,1,165.66,0.0,165.66
13712,5036,45,128,1,29.45,0.0,29.45
13713,5037,88,251,1,33.4,0.0,33.4
13714,5037,19,51,1,192.14,0.0,192.14
13715,5037,44,127,2,22.65,0.0,45.3
13716,5038,16,42,2,126.76,0.0,253.52
13717,5038,98,281,5,83.39,0.0,416.95
13718,5038,38,108,1,174.11,0.0,174.11
13719,5039,72,205,2,153.23,0.0,306.46
13720,5039,89,254,2,59.85,0.0,119.7
13721,5040,62,180,3,150.25,0.0,450.75
13722,5040,19,51,4,192.14,0.0,768.56
13723,5040,44,127,2,22.65,0.0,45.3
13724,5040,13,34,5,155.62,0.0,778.1
13725,5040,81,229,1,75.08,0.0,75.08
13726,5041,78,218,3,83.43,0.0,250.29
13727,5041,96,275,4,92.44,0.0,369.76
13728,5041,20,55,4,60.61,0.0,242.44
13729,5041,30,82,4,10.27,0.0,41.08
13730,5041,72,205,1,153.23,0.0,153.23
13731,5042,74,210,2,212.0,0.0,424.0
13732,5042,54,153,3,13.28,0.0,39.84
13733,5042,8,21,2,183.95,0.0,367.9
13734,5043,28,74,2,158.25,0.0,316.5
13735,5043,5,11,2,86.21,0.0,172.42
13736,5044,20,53,1,75.61,0.0,75.61
13737,5044,5,14,2,81.21,0.0,162.42
13738,5044,65,187,5,151.37,0.0,756.85
13739,5045,31,84,1,47.47,0.0,47.47
13740,5046,25,67,3,126.29,0.0,378.87
13741,5046,81,226,1,61.08,0.0,61.08
13742,5046,37,106,1,18.93,0.0,18.93
13743,5047,25,66,3,136.29,0.0,408.87
13744,5047,24,63,1,122.11,0.0,122.11
13745,5047,63,182,2,65.54,0.0,131.08
13746,5047,1,2,1,188.05,0.0,188.05
13747,5047,85,241,1,6.14,0.0,6.14
13748,5048,54,152,1,31.28,0.0,31.28
13749,5049,59,170,1,73.83,0.0,73.83
13750,5049,63,182,2,65.54,0.0,131.08
13751,5050,29,77,3,135.1,0.0,405.3
13752,5050,54,152,4,31.28,0.0,125.12
13753,5050,47,135,2,79.33,0.0,158.66
13754,5050,88,251,4,33.4,0.0,133.6
13755,5050,12,31,4,258.11,0.0,1032.44
13756,5051,26,69,1,64.15,0.0,64.15
13757,5051,79,222,1,145.61,0.0,145.61
13758,5051,18,47,1,98.27,0.0,98.27
13759,5052,5,13,1,96.21,0.0,96.21
13760,5053,60,171,3,18.2,0.0,54.6
13761,5053,100,285,1,42.34,0.0,42.34
13762,5054,52,146,2,65.59,0.0,131.18
13763,5054,4,10,4,84.33,0.0,337.32
13764,5054,3,6,5,147.59,0.0,737.95
13765,5055,11,29,2,41.69,0.0,83.38
13766,5055,28,75,3,153.25,0.0,459.75
13767,5056,6,15,1,111.76,0.0,111.76
13768,5056,44,126,1,22.65,0.0,22.65
13769,5056,77,216,2,190.3,0.0,380.6
13770,5057,25,67,3,126.29,0.0,378.87
13771,5057,90,257,3,52.11,0.0,156.33
13772,5057,41,117,5,22.66,0.0,113.3
13773,5058,47,134,1,97.33,0.0,97.33
13774,5059,59,167,3,55.83,0.0,167.49
13775,5059,24,63,3,122.11,0.0,366.33
13776,5060,75,212,1,50.67,0.0,50.67
13777,5060,84,237,3,38.36,0.0,115.08
13778,5061,47,135,3,79.33,0.0,237.99
13779,5061,63,181,2,65.54,0.0,131.08
13780,5061,43,124,2,44.67,0.0,89.34
13781,5062,70,200,2,129.33,0.0,258.66
13782,5063,77,217,2,190.3,0.0,380.6
13783,5063,35,99,4,27.33,0.0,109.32
13784,5063,54,152,4,31.28,0.0,125.12
13785,5064,24,63,2,122.11,0.0,244.22
13786,5064,61,175,4,69.85,0.0,279.4
13787,5064,30,83,1,15.27,0.0,15.27
13788,5065,16,43,3,136.76,0.0,410.28
13789,5065,6,16,1,126.76,0.0,126.76
13790,5065,49,139,1,38.68,0.0,38.68
13791,5066,15,39,1,161.21,0.0,161.21
13792,5066,100,285,2,42.34,0.0,84.68
13793,5067,38,109,5,164.11,0.0,820.55
13794,5067,23,61,1,38.88,0.0,38.88
13795,5068,60,171,2,18.2,0.0,36.4
13796,5068,19,49,4,207.14,0.0,828.56
13797,5069,11,30,3,36.69,0.0,110.07
13798,5069,40,113,3,133.52,0.0,400.56
13799,5069,23,60,3,33.88,0.0,101.64
13800,5070,100,287,5,44.34,0.0,221.7
13801,5070,26,70,5,69.15,0.0,345.75
13802,5070,30,82,5,10.27,0.0,51.35
13803,5070,15,39,4,161.21,0.0,644.84
13804,5070,78,218,3,83.43,0.0,250.29
13805,5071,23,61,1,38.88,0.0,38.88
13806,5072,83,235,3,35.04,0.0,105.12
13807,5072,19,51,3,192.14,0.0,576.42
13808,5072,21,56,1,72.82,0.0,72.82
13809,5073,22,59,1,148.97,0.0,148.97
13810,5073,35,100,1,32.33,0.0,32.33
13811,5073,39,112,1,53.78,0.0,53.78
13812,5074,73,206,2,195.67,0.0,391.34
13813,5074,57,162,2,44.38,0.0,88.76
13814,5075,3,5,1,132.59,0.0,132.59
13815,5076,95,272,1,9.88,0.0,9.88
13816,5076,79,221,2,148.61,0.0,297.22
13817,5076,29,79,1,140.1,0.0,140.1
13818,5077,50,142,2,79.34,0.0,158.68
13819,5077,59,170,4,73.83,0.0,295.32
13820,5077,12,31,3,258.11,0.0,774.33
13821,5077,3,5,3,132.59,0.0,397.77
13822,5077,6,15,3,111.76,0.0,335.28
13823,5077,19,51,2,192.14,0.0,384.28
13824,5078,65,187,4,151.37,0.0,605.48
13825,5078,49,138,2,20.68,0.0,41.36
13826,5078,70,200,2,129.33,0.0,258.66
13827,5078,15,40,3,176.21,0.0,528.63
13828,5079,1,1,1,193.05,0.0,193.05
13829,5080,90,257,3,52.11,0.0,156.33
13830,5080,92,262,1,62.75,0.0,62.75
13831,5081,11,30,3,36.69,0.0,110.07
13832,5081,85,243,3,6.14,0.0,18.42
13833,5082,42,121,1,40.62,0.0,40.62
13834,5083,67,192,1,77.05,0.0,77.05
13835,5083,47,134,3,97.33,0.0,291.99
13836,5083,32,89,1,171.3,0.0,171.3
13837,5083,71,202,1,18.78,0.0,18.78
13838,5083,79,222,4,145.61,0.0,582.44
13839,5083,95,274,2,7.88,0.0,15.76
13840,5084,9,22,2,56.83,0.0,113.66
13841,5084,35,99,5,27.33,0.0,136.65
13842,5085,16,44,5,121.76,0.0,608.8
13843,5085,74,210,5,212.0,0.0,1060.0
13844,5085,18,47,2,98.27,0.0,196.54
13845,5085,79,221,3,148.61,0.0,445.83
13846,5085,71,202,4,18.78,0.0,75.12
13847,5086,94,270,1,36.87,0.0,36.87
13848,5086,20,52,4,65.61,0.0,262.44
13849,5087,22,59,1,148.97,0.0,148.97
13850,5087,62,177,3,153.25,0.0,459.75
13851,5088,71,203,1,18.78,0.0,18.78
13852,5088,24,63,2,122.11,0.0,244.22
13853,5089,64,184,2,66.17,0.0,132.34
13854,5089,50,142,2,79.34,0.0,158.68
13855,5090,4,8,2,89.33,0.0,178.66
13856,5090,11,30,4,36.69,0.0,146.76
13857,5090,13,34,4,155.62,0.0,622.48
13858,5090,6,16,5,126.76,0.0,633.8
13859,5090,84,237,1,38.36,0.0,38.36
13860,5091,76,214,3,66.03,0.0,198.09
13861,5091,73,207,1,192.67,0.0,192.67
13862,5091,10,28,2,236.5,0.0,473.0
13863,5092,5,12,1,81.21,0.0,81.21
13864,5092,5,12,1,81.21,0.0,81.21
13865,5093,10,25,3,241.5,0.0,724.5
13866,5093,23,60,3,33.88,0.0,101.64
13867,5094,21,56,4,72.82,0.0,291.28
13868,5094,78,218,3,83.43,0.0,250.29
13869,5095,81,228,4,63.08,0.0,252.32
13870,5095,25,66,5,136.29,0.0,681.45
13871,5096,50,141,1,97.34,0.0,97.34
13872,5096,3,5,5,132.59,0.0,662.95
13873,5096,22,58,3,138.97,0.0,416.91
13874,5097,57,163,3,58.38,0.0,175.14
13875,5098,60,173,3,36.2,0.0,108.6
13876,5098,100,286,4,56.34,0.0,225.36
13877,5098,6,16,2,126.76,0.0,253.52
13878,5099,74,210,4,212.0,0.0,848.0
13879,5100,85,243,1,6.14,0.0,6.14
13880,5100,38,109,2,164.11,0.0,328.22
13881,5100,83,235,1,35.04,0.0,35.04
13882,5101,89,254,1,59.85,0.0,59.85
13883,5102,19,50,1,192.14,0.0,192.14
13884,5102,60,173,1,36.2,0.0,36.2
13885,5102,85,243,3,6.14,0.0,18.42
13886,5102,13,35,1,145.62,0.0,145.62
13887,5103,69,197,1,22.8,0.0,22.8
13888,5103,46,131,5,70.22,0.0,351.1
13889,5103,25,66,4,136.29,0.0,545.16
13890,5103,78,219,5,80.43,0.0,402.15
13891,5104,33,93,2,51.53,0.0,103.06
13892,5104,9,24,1,56.83,0.0,56.83
13893,5105,40,114,3,128.52,0.0,385.56
13894,5105,21,56,1,72.82,0.0,72.82
13895,5106,24,64,3,112.11,0.0,336.33
13896,5106,11,29,5,41.69,0.0,208.45
13897,5107,98,281,1,83.39,0.0,83.39
13898,5108,5,14,1,81.21,0.0,81.21
13899,5109,13,35,1,145.62,0.0,145.62
13900,5109,4,9,1,99.33,0.0,99.33
13901,5110,12,32,2,243.11,0.0,486.22
13902,5110,5,14,1,81.21,0.0,81.21
13903,5110,64,183,3,72.17,0.0,216.51
13904,5111,75,212,3,50.67,0.0,152.01
13905,5111,50,141,3,97.34,0.0,292.02
13906,5111,25,67,2,126.29,0.0,252.58
13907,5112,27,73,5,7.55,0.0,37.75
13908,5112,78,218,1,83.43,0.0,83.43
13909,5113,79,220,1,151.61,0.0,151.61
13910,5113,12,32,1,243.11,0.0,243.11
13911,5113,64,184,5,66.17,0.0,330.85
13912,5113,42,120,3,72.62,0.0,217.86
13913,5114,74,210,3,212.0,0.0,636.0
13914,5114,25,67,5,126.29,0.0,631.45
13915,5114,52,147,5,97.59,0.0,487.95
13916,5114,20,53,3,75.61,0.0,226.83
13917,5115,64,184,3,66.17,0.0,198.51
13918,5115,76,214,3,66.03,0.0,198.09
13919,5115,70,200,3,129.33,0.0,387.99
13920,5115,91,258,1,21.66,0.0,21.66
13921,5115,30,81,1,25.27,0.0,25.27
13922,5116,57,164,1,26.38,0.0,26.38
13923,5117,10,27,3,236.5,0.0,709.5
13924,5118,75,211,5,47.67,0.0,238.35
13925,5118,3,5,2,132.59,0.0,265.18
13926,5118,58,166,5,61.21,0.0,306.05
13927,5119,69,198,2,25.8,0.0,51.6
13928,5119,87,248,1,66.46,0.0,66.46
13929,5119,74,209,1,215.0,0.0,215.0
13930,5119,66,190,1,29.38,0.0,29.38
13931,5120,62,180,1,150.25,0.0,150.25
13932,5120,36,101,1,15.53,0.0,15.53
13933,5120,2,4,1,86.92,0.0,86.92
13934,5121,5,14,2,81.21,0.0,162.42
13935,5121,6,15,3,111.76,0.0,335.28
13936,5122,4,10,2,84.33,0.0,168.66
13937,5122,75,211,2,47.67,0.0,95.34
13938,5123,2,3,1,81.92,0.0,81.92
13939,5123,38,108,1,174.11,0.0,174.11
13940,5123,46,130,2,70.22,0.0,140.44
13941,5124,51,145,1,51.92,0.0,51.92
13942,5124,67,192,3,77.05,0.0,231.15
13943,5124,68,196,2,165.66,0.0,331.32
13944,5124,84,239,1,36.36,0.0,36.36
13945,5125,31,84,5,47.47,0.0,237.35
13946,5126,53,151,3,44.71,0.0,134.13
13947,5127,66,189,3,26.38,0.0,79.14
13948,5127,86,245,4,85.71,0.0,342.84
13949,5127,77,216,1,190.3,0.0,190.3
13950,5128,5,12,1,81.21,0.0,81.21
13951,5129,38,107,5,159.11,0.0,795.55
13952,5130,13,33,1,140.62,0.0,140.62
13953,5131,14,36,1,78.42,0.0,78.42
13954,5131,29,80,2,140.1,0.0,280.2
13955,5132,48,137,2,45.39,0.0,90.78
13956,5133,35,100,1,32.33,0.0,32.33
13957,5133,65,187,2,151.37,0.0,302.74
13958,5133,78,219,3,80.43,0.0,241.29
13959,5133,42,120,1,72.62,0.0,72.62
13960,5133,25,67,2,126.29,0.0,252.58
13961,5134,25,66,1,136.29,0.0,136.29
13962,5134,37,106,2,18.93,0.0,37.86
13963,5134,3,6,4,147.59,0.0,590.36
13964,5134,67,192,4,77.05,0.0,308.2
13965,5135,23,60,3,33.88,0.0,101.64
13966,5135,20,55,1,60.61,0.0,60.61
13967,5136,70,200,1,129.33,0.0,129.33
13968,5136,8,21,1,183.95,0.0,183.95
13969,5136,9,24,1,56.83,0.0,56.83
13970,5136,65,186,1,154.37,0.0,154.37
13971,5136,89,255,1,61.85,0.0,61.85
13972,5137,59,167,1,55.83,0.0,55.83
13973,5137,3,6,3,147.59,0.0,442.77
13974,5137,83,234,2,33.04,0.0,66.08
13975,5138,74,210,1,212.0,0.0,212.0
13976,5139,68,194,5,168.66,0.0,843.3
13977,5139,11,30,4,36.69,0.0,146.76
13978,5139,32,89,2,171.3,0.0,342.6
13979,5139,19,49,1,207.14,0.0,207.14
13980,5139,12,31,4,258.11,0.0,1032.44
13981,5140,3,5,1,132.59,0.0,132.59
13982,5141,20,52,4,65.61,0.0,262.44
13983,5141,47,135,3,79.33,0.0,237.99
13984,5141,8,20,1,193.95,0.0,193.95
13985,5142,69,197,1,22.8,0.0,22.8
13986,5142,96,277,2,80.44,0.0,160.88
13987,5142,74,209,2,215.0,0.0,430.0
13988,5143,76,214,1,66.03,0.0,66.03
13989,5144,60,173,3,36.2,0.0,108.6
13990,5144,37,105,3,23.93,0.0,71.79
13991,5144,27,71,2,12.55,0.0,25.1
13992,5145,77,216,2,190.3,0.0,380.6
13993,5145,11,30,2,36.69,0.0,73.38
13994,5145,3,5,1,132.59,0.0,132.59
13995,5145,52,146,1,65.59,0.0,65.59
13996,5145,49,138,1,20.68,0.0,20.68
13997,5145,96,276,1,78.44,0.0,78.44
13998,5146,31,87,3,62.47,0.0,187.41
13999,5147,21,57,4,67.82,0.0,271.28
14000,5147,100,285,1,42.34,0.0,42.34
14001,5147,34,96,2,79.03,0.0,158.06
14002,5147,65,185,4,154.37,0.0,617.48
14003,5148,41,118,1,40.66,0.0,40.66
14004,5148,41,117,1,22.66,0.0,22.66
14005,5148,71,201,1,15.78,0.0,15.78
14006,5149,10,27,1,236.5,0.0,236.5
14007,5149,3,6,4,147.59,0.0,590.36
14008,5149,51,145,2,51.92,0.0,103.84
14009,5150,75,212,3,50.67,0.0,152.01
14010,5150,8,20,4,193.95,0.0,775.8
14011,5150,88,252,1,33.4,0.0,33.4
14012,5151,61,175,2,69.85,0.0,139.7
14013,5151,82,231,1,21.0,0.0,21.0
14014,5152,2,3,5,81.92,0.0,409.6
14015,5153,50,142,2,79.34,0.0,158.68
14016,5154,85,240,2,18.14,0.0,36.28
14017,5155,54,152,3,31.28,0.0,93.84
14018,5155,18,48,3,93.27,0.0,279.81
14019,5155,75,212,2,50.67,0.0,101.34
14020,5155,38,107,2,159.11,0.0,318.22
14021,5155,83,234,1,33.04,0.0,33.04
14022,5155,51,144,2,19.92,0.0,39.84
14023,5156,81,228,1,63.08,0.0,63.08
14024,5156,52,147,3,97.59,0.0,292.77
14025,5156,10,28,1,236.5,0.0,236.5
14026,5156,54,152,2,31.28,0.0,62.56
14027,5156,73,206,2,195.67,0.0,391.34
14028,5157,18,47,4,98.27,0.0,393.08
14029,5157,2,3,3,81.92,0.0,245.76
14030,5158,75,213,1,44.67,0.0,44.67
14031,5159,64,183,5,72.17,0.0,360.85
14032,5159,40,113,5,133.52,0.0,667.6
14033,5159,64,184,2,66.17,0.0,132.34
14034,5160,58,166,2,61.21,0.0,122.42
14035,5160,6,15,1,111.76,0.0,111.76
14036,5160,27,72,1,22.55,0.0,22.55
14037,5161,41,118,1,40.66,0.0,40.66
14038,5162,50,141,1,97.34,0.0,97.34
14039,5162,35,100,1,32.33,0.0,32.33
14040,5163,47,135,2,79.33,0.0,158.66
14041,5163,44,125,1,40.65,0.0,40.65
14042,5163,56,161,2,40.28,0.0,80.56
14043,5164,60,173,1,36.2,0.0,36.2
14044,5164,10,26,4,251.5,0.0,1006.0
14045,5164,70,200,2,129.33,0.0,258.66
14046,5164,57,163,2,58.38,0.0,116.76
14047,5164,2,3,1,81.92,0.0,81.92
14048,5165,30,83,3,15.27,0.0,45.81
14049,5165,83,234,1,33.04,0.0,33.04
14050,5166,3,5,2,132.59,0.0,265.18
14051,5166,14,38,1,93.42,0.0,93.42
14052,5166,96,278,3,80.44,0.0,241.32
14053,5167,59,169,1,87.83,0.0,87.83
14054,5167,60,172,2,18.2,0.0,36.4
14055,5168,85,242,4,4.99,0.0,19.96
14056,5168,58,165,5,43.21,0.0,216.05
14057,5168,29,77,2,135.1,0.0,270.2
14058,5168,52,146,2,65.59,0.0,131.18
14059,5168,84,237,2,38.36,0.0,76.72
14060,5169,49,138,4,20.68,0.0,82.72
14061,5169,35,99,1,27.33,0.0,27.33
14062,5170,27,73,2,7.55,0.0,15.1
14063,5170,27,72,1,22.55,0.0,22.55
14064,5171,62,179,2,147.25,0.0,294.5
14065,5171,37,106,2,18.93,0.0,37.86
14066,5172,45,129,1,47.45,0.0,47.45
14067,5172,57,163,2,58.38,0.0,116.76
14068,5172,36,103,1,10.53,0.0,10.53
14069,5172,22,58,3,138.97,0.0,416.91
14070,5173,35,99,1,27.33,0.0,27.33
14071,5173,45,129,2,47.45,0.0,94.9
14072,5173,7,19,1,56.06,0.0,56.06
14073,5173,39,110,2,58.78,0.0,117.56
14074,5174,75,211,5,47.67,0.0,238.35
14075,5175,96,278,3,80.44,0.0,241.32
14076,5175,19,51,1,192.14,0.0,192.14
14077,5176,98,282,4,69.39,0.0,277.56
14078,5177,56,158,1,72.28,0.0,72.28
14079,5177,53,149,4,44.71,0.0,178.84
14080,5177,73,206,3,195.67,0.0,587.01
14081,5178,68,194,4,168.66,0.0,674.64
14082,5178,35,100,1,32.33,0.0,32.33
14083,5179,27,71,3,12.55,0.0,37.65
14084,5179,26,68,1,69.15,0.0,69.15
14085,5179,99,284,4,49.51,0.0,198.04
14086,5179,75,212,2,50.67,0.0,101.34
14087,5179,28,75,1,153.25,0.0,153.25
14088,5180,41,117,2,22.66,0.0,45.32
14089,5180,93,266,1,27.84,0.0,27.84
14090,5180,57,162,1,44.38,0.0,44.38
14091,5181,9,23,4,61.83,0.0,247.32
14092,5181,9,24,3,56.83,0.0,170.49
14093,5182,59,168,2,55.83,0.0,111.66
14094,5182,5,12,4,81.21,0.0,324.84
14095,5182,13,33,1,140.62,0.0,140.62
14096,5182,28,76,2,158.25,0.0,316.5
14097,5182,36,104,4,15.53,0.0,62.12
14098,5183,4,10,3,84.33,0.0,252.99
14099,5183,82,232,4,33.0,0.0,132.0
14100,5183,35,99,3,27.33,0.0,81.99
14101,5184,5,11,2,86.21,0.0,172.42
14102,5184,18,47,1,98.27,0.0,98.27
14103,5185,47,135,1,79.33,0.0,79.33
14104,5185,11,30,1,36.69,0.0,36.69
14105,5185,53,149,1,44.71,0.0,44.71
14106,5185,9,23,1,61.83,0.0,61.83
14107,5185,40,113,2,133.52,0.0,267.04
14108,5186,7,18,5,51.06,0.0,255.3
14109,5187,98,281,2,83.39,0.0,166.78
14110,5187,11,29,2,41.69,0.0,83.38
14111,5187,22,58,1,138.97,0.0,138.97
14112,5188,47,135,3,79.33,0.0,237.99
14113,5188,42,121,1,40.62,0.0,40.62
14114,5189,28,76,1,158.25,0.0,158.25
14115,5189,9,23,1,61.83,0.0,61.83
14116,5189,43,123,5,12.67,0.0,63.35
14117,5190,1,2,2,188.05,0.0,376.1
14118,5191,79,222,1,145.61,0.0,145.61
14119,5191,66,190,5,29.38,0.0,146.9
14120,5191,73,206,2,195.67,0.0,391.34
14121,5192,26,70,1,69.15,0.0,69.15
14122,5192,18,47,1,98.27,0.0,98.27
14123,5192,98,282,3,69.39,0.0,208.17
14124,5193,22,59,4,148.97,0.0,595.88
14125,5194,27,73,1,7.55,0.0,7.55
14126,5195,69,198,2,25.8,0.0,51.6
14127,5195,34,96,2,79.03,0.0,158.06
14128,5195,80,224,3,213.05,0.0,639.15
14129,5196,3,5,1,132.59,0.0,132.59
14130,5196,82,231,1,21.0,0.0,21.0
14131,5197,78,219,2,80.43,0.0,160.86
14132,5197,95,272,1,9.88,0.0,9.88
14133,5197,43,123,3,12.67,0.0,38.01
14134,5198,39,110,5,58.78,0.0,293.9
14135,5198,54,152,4,31.28,0.0,125.12
14136,5199,44,126,3,22.65,0.0,67.95
14137,5199,64,183,5,72.17,0.0,360.85
14138,5200,75,211,2,47.67,0.0,95.34
14139,5200,38,107,2,159.11,0.0,318.22
14140,5200,87,248,1,66.46,0.0,66.46
14141,5200,1,1,2,193.05,0.0,386.1
14142,5200,65,186,1,154.37,0.0,154.37
14143,5200,5,13,1,96.21,0.0,96.21
14144,5201,41,117,1,22.66,0.0,22.66
14145,5201,30,83,1,15.27,0.0,15.27
14146,5201,19,51,3,192.14,0.0,576.42
14147,5201,1,2,4,188.05,0.0,752.2
14148,5202,15,39,4,161.21,0.0,644.84
14149,5202,33,92,4,56.53,0.0,226.12
14150,5202,3,6,3,147.59,0.0,442.77
14151,5202,23,60,3,33.88,0.0,101.64
14152,5202,51,145,1,51.92,0.0,51.92
14153,5203,6,16,2,126.76,0.0,253.52
14154,5203,84,238,2,38.36,0.0,76.72
14155,5203,80,223,2,216.05,0.0,432.1
14156,5204,38,108,1,174.11,0.0,174.11
14157,5205,54,152,1,31.28,0.0,31.28
14158,5206,44,126,3,22.65,0.0,67.95
14159,5207,16,44,2,121.76,0.0,243.52
14160,5207,24,65,1,107.11,0.0,107.11
14161,5207,81,226,1,61.08,0.0,61.08
14162,5208,9,24,1,56.83,0.0,56.83
14163,5208,21,57,1,67.82,0.0,67.82
14164,5208,38,108,1,174.11,0.0,174.11
14165,5208,72,204,1,156.23,0.0,156.23
14166,5209,23,60,3,33.88,0.0,101.64
14167,5209,43,124,2,44.67,0.0,89.34
14168,5209,8,21,1,183.95,0.0,183.95
14169,5209,64,183,1,72.17,0.0,72.17
14170,5210,72,205,1,153.23,0.0,153.23
14171,5210,49,138,1,20.68,0.0,20.68
14172,5210,99,283,2,61.51,0.0,123.02
14173,5210,12,32,1,243.11,0.0,243.11
14174,5211,75,212,4,50.67,0.0,202.68
14175,5211,76,215,2,63.03,0.0,126.06
14176,5211,62,180,1,150.25,0.0,150.25
14177,5211,45,129,3,47.45,0.0,142.35
14178,5212,12,31,5,258.11,0.0,1290.55
14179,5212,29,80,1,140.1,0.0,140.1
14180,5212,25,67,5,126.29,0.0,631.45
14181,5212,22,59,3,148.97,0.0,446.91
14182,5212,54,153,1,13.28,0.0,13.28
14183,5213,75,213,2,44.67,0.0,89.34
14184,5213,7,18,4,51.06,0.0,204.24
14185,5213,72,205,4,153.23,0.0,612.92
14186,5213,56,159,4,58.28,0.0,233.12
14187,5213,8,20,1,193.95,0.0,193.95
14188,5214,56,158,2,72.28,0.0,144.56
14189,5215,49,138,3,20.68,0.0,62.04
14190,5215,21,56,3,72.82,0.0,218.46
14191,5215,16,43,4,136.76,0.0,547.04
14192,5216,6,16,1,126.76,0.0,126.76
14193,5216,24,64,1,112.11,0.0,112.11
14194,5216,74,210,1,212.0,0.0,212.0
14195,5216,67,191,3,83.05,0.0,249.15
14196,5217,52,146,1,65.59,0.0,65.59
14197,5217,85,242,1,4.99,0.0,4.99
14198,5217,21,56,1,72.82,0.0,72.82
14199,5217,73,208,2,198.67,0.0,397.34
14200,5218,76,214,1,66.03,0.0,66.03
14201,5218,2,3,1,81.92,0.0,81.92
14202,5219,84,237,1,38.36,0.0,38.36
14203,5219,58,165,2,43.21,0.0,86.42
14204,5219,96,278,1,80.44,0.0,80.44
14205,5220,45,128,1,29.45,0.0,29.45
14206,5220,50,141,3,97.34,0.0,292.02
14207,5220,37,106,5,18.93,0.0,94.65
14208,5221,38,108,1,174.11,0.0,174.11
14209,5221,83,233,1,35.04,0.0,35.04
14210,5221,41,117,1,22.66,0.0,22.66
14211,5221,48,136,3,45.39,0.0,136.17
14212,5222,37,105,1,23.93,0.0,23.93
14213,5222,30,81,2,25.27,0.0,50.54
14214,5222,97,280,3,39.57,0.0,118.71
14215,5222,19,49,4,207.14,0.0,828.56
14216,5223,65,186,1,154.37,0.0,154.37
14217,5223,18,47,1,98.27,0.0,98.27
14218,5224,9,22,2,56.83,0.0,113.66
14219,5224,92,265,1,74.75,0.0,74.75
14220,5225,28,76,1,158.25,0.0,158.25
14221,5226,56,160,1,40.28,0.0,40.28
14222,5226,28,76,5,158.25,0.0,791.25
14223,5226,99,283,3,61.51,0.0,184.53
14224,5226,65,187,1,151.37,0.0,151.37
14225,5227,2,4,5,86.92,0.0,434.6
14226,5227,37,106,2,18.93,0.0,37.86
14227,5227,6,15,1,111.76,0.0,111.76
14228,5228,60,173,5,36.2,0.0,181.0
14229,5229,22,59,3,148.97,0.0,446.91
14230,5229,70,200,4,129.33,0.0,517.32
14231,5229,23,62,2,48.88,0.0,97.76
14232,5230,90,257,1,52.11,0.0,52.11
14233,5230,82,232,3,33.0,0.0,99.0
14234,5231,30,81,3,25.27,0.0,75.81
14235,5232,26,68,2,69.15,0.0,138.3
14236,5232,15,40,2,176.21,0.0,352.42
14237,5232,6,16,1,126.76,0.0,126.76
14238,5232,64,184,1,66.17,0.0,66.17
14239,5233,24,65,1,107.11,0.0,107.11
14240,5233,51,144,1,19.92,0.0,19.92
14241,5233,8,21,2,183.95,0.0,367.9
14242,5234,60,171,2,18.2,0.0,36.4
14243,5234,35,99,1,27.33,0.0,27.33
14244,5234,8,21,5,183.95,0.0,919.75
14245,5234,22,58,5,138.97,0.0,694.85
14246,5234,57,162,3,44.38,0.0,133.14
14247,5234,47,134,2,97.33,0.0,194.66
14248,5235,84,239,3,36.36,0.0,109.08
14249,5235,14,37,1,83.42,0.0,83.42
14250,5236,24,65,1,107.11,0.0,107.11
14251,5236,47,135,2,79.33,0.0,158.66
14252,5237,59,167,1,55.83,0.0,55.83
14253,5237,70,200,4,129.33,0.0,517.32
14254,5238,78,219,4,80.43,0.0,321.72
14255,5238,2,4,1,86.92,0.0,86.92
14256,5238,3,6,2,147.59,0.0,295.18
14257,5239,28,76,2,158.25,0.0,316.5
14258,5240,16,41,1,121.76,0.0,121.76
14259,5240,8,20,3,193.95,0.0,581.85
14260,5240,95,272,1,9.88,0.0,9.88
14261,5240,64,184,1,66.17,0.0,66.17
14262,5241,6,15,3,111.76,0.0,335.28
14263,5241,18,48,1,93.27,0.0,93.27
14264,5241,59,169,1,87.83,0.0,87.83
14265,5241,10,26,1,251.5,0.0,251.5
14266,5241,34,96,1,79.03,0.0,79.03
14267,5242,38,109,1,164.11,0.0,164.11
14268,5242,36,102,2,25.53,0.0,51.06
14269,5243,72,205,2,153.23,0.0,306.46
14270,5243,65,185,1,154.37,0.0,154.37
14271,5244,77,216,1,190.3,0.0,190.3
14272,5245,5,14,4,81.21,0.0,324.84
14273,5245,7,17,3,51.06,0.0,153.18
14274,5246,40,115,1,133.52,0.0,133.52
14275,5246,4,7,1,84.33,0.0,84.33
14276,5247,8,20,4,193.95,0.0,775.8
14277,5247,65,185,1,154.37,0.0,154.37
14278,5247,73,208,3,198.67,0.0,596.01
14279,5247,11,29,3,41.69,0.0,125.07
14280,5247,18,47,3,98.27,0.0,294.81
14281,5247,34,96,5,79.03,0.0,395.15
14282,5248,70,200,1,129.33,0.0,129.33
14283,5249,28,74,4,158.25,0.0,633.0
14284,5250,79,221,1,148.61,0.0,148.61
14285,5250,97,280,3,39.57,0.0,118.71
14286,5251,6,15,2,111.76,0.0,223.52
14287,5251,16,44,1,121.76,0.0,121.76
14288,5252,67,191,2,83.05,0.0,166.1
14289,5252,32,91,3,186.3,0.0,558.9
14290,5252,50,142,2,79.34,0.0,158.68
14291,5252,10,26,2,251.5,0.0,503.0
14292,5253,4,9,2,99.33,0.0,198.66
14293,5254,28,74,5,158.25,0.0,791.25
14294,5254,3,6,5,147.59,0.0,737.95
14295,5254,6,16,2,126.76,0.0,253.52
14296,5254,38,107,4,159.11,0.0,636.44
14297,5254,40,113,3,133.52,0.0,400.56
14298,5255,99,284,1,49.51,0.0,49.51
14299,5256,61,174,1,72.85,0.0,72.85
14300,5256,46,131,1,70.22,0.0,70.22
14301,5256,21,56,1,72.82,0.0,72.82
14302,5256,45,128,5,29.45,0.0,147.25
14303,5256,46,133,3,88.22,0.0,264.66
14304,5257,6,16,1,126.76,0.0,126.76
14305,5258,28,76,2,158.25,0.0,316.5
14306,5258,78,218,2,83.43,0.0,166.86
14307,5258,29,78,2,150.1,0.0,300.2
14308,5258,98,281,2,83.39,0.0,166.78
14309,5258,37,106,1,18.93,0.0,18.93
14310,5259,96,277,2,80.44,0.0,160.88
14311,5259,8,20,3,193.95,0.0,581.85
14312,5259,57,163,4,58.38,0.0,233.52
14313,5260,56,160,1,40.28,0.0,40.28
14314,5261,60,172,4,18.2,0.0,72.8
14315,5261,87,249,2,78.46,0.0,156.92
14316,5261,41,117,3,22.66,0.0,67.98
14317,5261,11,29,3,41.69,0.0,125.07
14318,5261,21,56,2,72.82,0.0,145.64
14319,5262,59,168,2,55.83,0.0,111.66
14320,5262,10,28,1,236.5,0.0,236.5
14321,5262,2,3,2,81.92,0.0,163.84
14322,5262,10,26,4,251.5,0.0,1006.0
14323,5263,58,165,1,43.21,0.0,43.21
14324,5263,6,16,4,126.76,0.0,507.04
14325,5263,26,69,1,64.15,0.0,64.15
14326,5264,28,75,4,153.25,0.0,613.0
14327,5264,89,253,1,73.85,0.0,73.85
14328,5264,90,256,4,38.11,0.0,152.44
14329,5264,83,233,2,35.04,0.0,70.08
14330,5264,17,45,2,88.41,0.0,176.82
14331,5264,48,136,3,45.39,0.0,136.17
14332,5265,49,138,3,20.68,0.0,62.04
14333,5266,13,35,4,145.62,0.0,582.48
14334,5266,90,257,2,52.11,0.0,104.22
14335,5266,64,183,5,72.17,0.0,360.85
14336,5266,77,216,5,190.3,0.0,951.5
14337,5266,78,219,4,80.43,0.0,321.72
14338,5266,9,24,1,56.83,0.0,56.83
14339,5267,15,40,1,176.21,0.0,176.21
14340,5267,8,20,1,193.95,0.0,193.95
14341,5267,2,3,2,81.92,0.0,163.84
14342,5267,54,153,3,13.28,0.0,39.84
14343,5268,91,258,1,21.66,0.0,21.66
14344,5268,59,169,1,87.83,0.0,87.83
14345,5269,38,109,1,164.11,0.0,164.11
14346,5270,89,254,4,59.85,0.0,239.4
14347,5270,4,10,1,84.33,0.0,84.33
14348,5270,38,107,2,159.11,0.0,318.22
14349,5270,39,112,5,53.78,0.0,268.9
14350,5270,41,118,1,40.66,0.0,40.66
14351,5271,83,235,3,35.04,0.0,105.12
14352,5271,73,206,2,195.67,0.0,391.34
14353,5272,37,106,3,18.93,0.0,56.79
14354,5272,20,53,4,75.61,0.0,302.44
14355,5273,4,7,2,84.33,0.0,168.66
14356,5273,38,109,1,164.11,0.0,164.11
14357,5273,9,23,3,61.83,0.0,185.49
14358,5274,30,83,3,15.27,0.0,45.81
14359,5275,1,2,3,188.05,0.0,564.15
14360,5276,15,39,2,161.21,0.0,322.42
14361,5277,18,47,1,98.27,0.0,98.27
14362,5277,22,58,1,138.97,0.0,138.97
14363,5277,87,249,1,78.46,0.0,78.46
14364,5277,51,143,2,37.92,0.0,75.84
14365,5277,55,155,3,49.23,0.0,147.69
14366,5278,33,92,2,56.53,0.0,113.06
14367,5278,14,36,2,78.42,0.0,156.84
14368,5278,61,175,1,69.85,0.0,69.85
14369,5278,60,172,3,18.2,0.0,54.6
14370,5278,93,269,2,41.84,0.0,83.68
14371,5278,11,30,5,36.69,0.0,183.45
14372,5279,33,95,2,56.53,0.0,113.06
14373,5279,67,192,4,77.05,0.0,308.2
14374,5280,58,165,1,43.21,0.0,43.21
14375,5281,53,151,1,44.71,0.0,44.71
14376,5281,53,151,3,44.71,0.0,134.13
14377,5281,95,274,1,7.88,0.0,7.88
14378,5282,1,2,1,188.05,0.0,188.05
14379,5283,45,129,3,47.45,0.0,142.35
14380,5283,42,121,5,40.62,0.0,203.1
14381,5283,40,116,3,143.52,0.0,430.56
14382,5283,80,224,5,213.05,0.0,1065.25
14383,5283,8,20,2,193.95,0.0,387.9
14384,5283,68,194,2,168.66,0.0,337.32
14385,5284,40,114,4,128.52,0.0,514.08
14386,5284,52,147,1,97.59,0.0,97.59
14387,5284,38,107,5,159.11,0.0,795.55
14388,5285,29,78,1,150.1,0.0,150.1
14389,5286,3,6,5,147.59,0.0,737.95
14390,5286,2,3,3,81.92,0.0,245.76
14391,5286,94,271,5,24.87,0.0,124.35
14392,5286,7,18,2,51.06,0.0,102.12
14393,5286,14,37,1,83.42,0.0,83.42
14394,5287,13,33,1,140.62,0.0,140.62
14395,5287,36,101,1,15.53,0.0,15.53
14396,5288,26,69,2,64.15,0.0,128.3
14397,5288,40,116,3,143.52,0.0,430.56
14398,5288,26,68,3,69.15,0.0,207.45
14399,5289,20,55,4,60.61,0.0,242.44
14400,5289,20,55,5,60.61,0.0,303.05
14401,5290,18,47,1,98.27,0.0,98.27
14402,5290,50,140,2,111.34,0.0,222.68
14403,5291,81,226,2,61.08,0.0,122.16
14404,5292,9,23,1,61.83,0.0,61.83
14405,5293,44,125,2,40.65,0.0,81.3
14406,5293,88,250,1,45.4,0.0,45.4
14407,5294,2,3,1,81.92,0.0,81.92
14408,5294,31,84,1,47.47,0.0,47.47
14409,5294,61,175,1,69.85,0.0,69.85
14410,5294,77,216,1,190.3,0.0,190.3
14411,5295,47,135,2,79.33,0.0,158.66
14412,5295,6,15,3,111.76,0.0,335.28
14413,5295,48,137,3,45.39,0.0,136.17
14414,5296,95,274,1,7.88,0.0,7.88
14415,5296,4,8,1,89.33,0.0,89.33
14416,5297,91,259,2,35.66,0.0,71.32
14417,5297,1,2,3,188.05,0.0,564.15
14418,5298,18,47,1,98.27,0.0,98.27
14419,5299,18,47,1,98.27,0.0,98.27
14420,5299,12,32,1,243.11,0.0,243.11
14421,5300,8,21,1,183.95,0.0,183.95
14422,5300,41,117,2,22.66,0.0,45.32
14423,5301,79,221,2,148.61,0.0,297.22
14424,5301,30,81,2,25.27,0.0,50.54
14425,5301,63,182,1,65.54,0.0,65.54
14426,5301,73,208,5,198.67,0.0,993.35
14427,5302,13,33,3,140.62,0.0,421.86
14428,5302,43,124,2,44.67,0.0,89.34
14429,5302,35,100,2,32.33,0.0,64.66
14430,5303,28,76,1,158.25,0.0,158.25
14431,5303,99,283,1,61.51,0.0,61.51
14432,5303,55,156,2,17.23,0.0,34.46
14433,5304,8,21,2,183.95,0.0,367.9
14434,5305,60,172,1,18.2,0.0,18.2
14435,5306,24,64,3,112.11,0.0,336.33
14436,5306,31,85,1,52.47,0.0,52.47
14437,5306,13,35,2,145.62,0.0,291.24
14438,5306,11,30,1,36.69,0.0,36.69
14439,5307,6,16,1,126.76,0.0,126.76
14440,5307,78,219,5,80.43,0.0,402.15
14441,5308,53,149,1,44.71,0.0,44.71
14442,5308,60,173,1,36.2,0.0,36.2
14443,5308,58,165,1,43.21,0.0,43.21
14444,5309,53,151,1,44.71,0.0,44.71
14445,5309,51,145,2,51.92,0.0,103.84
14446,5309,70,199,1,132.33,0.0,132.33
14447,5310,72,204,4,156.23,0.0,624.92
14448,5310,76,215,4,63.03,0.0,252.12
14449,5311,9,22,2,56.83,0.0,113.66
14450,5311,49,138,2,20.68,0.0,41.36
14451,5311,91,258,1,21.66,0.0,21.66
14452,5311,8,20,1,193.95,0.0,193.95
14453,5312,31,86,2,52.47,0.0,104.94
14454,5312,92,263,2,60.75,0.0,121.5
14455,5313,22,59,2,148.97,0.0,297.94
14456,5314,3,5,1,132.59,0.0,132.59
14457,5314,73,207,2,192.67,0.0,385.34
14458,5314,46,131,2,70.22,0.0,140.44
14459,5315,58,165,1,43.21,0.0,43.21
14460,5316,28,74,1,158.25,0.0,158.25
14461,5317,2,4,2,86.92,0.0,173.84
14462,5317,67,191,5,83.05,0.0,415.25
14463,5317,2,4,1,86.92,0.0,86.92
14464,5318,14,36,1,78.42,0.0,78.42
14465,5318,16,41,5,121.76,0.0,608.8
14466,5319,67,191,3,83.05,0.0,249.15
14467,5319,12,32,3,243.11,0.0,729.33
14468,5320,20,52,1,65.61,0.0,65.61
14469,5321,19,50,5,192.14,0.0,960.7
14470,5321,20,55,2,60.61,0.0,121.22
14471,5321,64,184,3,66.17,0.0,198.51
14472,5321,33,94,2,66.53,0.0,133.06
14473,5321,51,145,2,51.92,0.0,103.84
14474,5321,13,35,2,145.62,0.0,291.24
14475,5322,15,39,4,161.21,0.0,644.84
14476,5322,39,111,3,68.78,0.0,206.34
14477,5322,52,147,5,97.59,0.0,487.95
14478,5322,84,239,4,36.36,0.0,145.44
14479,5322,53,151,1,44.71,0.0,44.71
14480,5323,12,31,1,258.11,0.0,258.11
14481,5324,30,83,2,15.27,0.0,30.54
14482,5324,75,213,1,44.67,0.0,44.67
14483,5325,26,69,4,64.15,0.0,256.6
14484,5325,25,66,3,136.29,0.0,408.87
14485,5325,2,3,5,81.92,0.0,409.6
14486,5325,45,129,4,47.45,0.0,189.8
14487,5326,56,161,2,40.28,0.0,80.56
14488,5326,93,268,4,29.84,0.0,119.36
14489,5326,43,123,2,12.67,0.0,25.34
14490,5326,51,143,5,37.92,0.0,189.6
14491,5326,41,117,1,22.66,0.0,22.66
14492,5327,34,96,3,79.03,0.0,237.09
14493,5327,77,217,4,190.3,0.0,761.2
14494,5327,44,127,1,22.65,0.0,22.65
14495,5327,88,252,2,33.4,0.0,66.8
14496,5328,20,52,1,65.61,0.0,65.61
14497,5329,98,282,4,69.39,0.0,277.56
14498,5329,6,15,2,111.76,0.0,223.52
14499,5330,46,131,1,70.22,0.0,70.22
14500,5330,14,36,3,78.42,0.0,235.26
14501,5331,72,204,2,156.23,0.0,312.46
14502,5331,42,121,1,40.62,0.0,40.62
14503,5332,34,96,1,79.03,0.0,79.03
14504,5332,34,96,3,79.03,0.0,237.09
14505,5332,32,91,1,186.3,0.0,186.3
14506,5332,8,20,5,193.95,0.0,969.75
14507,5332,5,12,2,81.21,0.0,162.42
14508,5333,27,72,4,22.55,0.0,90.2
14509,5333,13,35,1,145.62,0.0,145.62
14510,5333,62,178,1,150.25,0.0,150.25
14511,5334,71,202,3,18.78,0.0,56.34
14512,5335,61,175,4,69.85,0.0,279.4
14513,5335,42,121,1,40.62,0.0,40.62
14514,5336,25,67,3,126.29,0.0,378.87
14515,5337,33,95,2,56.53,0.0,113.06
14516,5338,63,182,4,65.54,0.0,262.16
14517,5338,14,36,3,78.42,0.0,235.26
14518,5338,69,197,4,22.8,0.0,91.2
14519,5339,67,192,1,77.05,0.0,77.05
14520,5339,64,184,4,66.17,0.0,264.68
14521,5340,63,181,2,65.54,0.0,131.08
14522,5340,9,23,1,61.83,0.0,61.83
14523,5340,31,84,3,47.47,0.0,142.41
14524,5340,4,9,1,99.33,0.0,99.33
14525,5341,1,2,1,188.05,0.0,188.05
14526,5341,24,63,1,122.11,0.0,122.11
14527,5341,73,208,2,198.67,0.0,397.34
14528,5341,32,91,3,186.3,0.0,558.9
14529,5341,59,169,2,87.83,0.0,175.66
14530,5341,88,250,5,45.4,0.0,227.0
14531,5342,1,2,2,188.05,0.0,376.1
14532,5342,1,2,4,188.05,0.0,752.2
14533,5343,53,149,3,44.71,0.0,134.13
14534,5343,14,37,3,83.42,0.0,250.26
14535,5344,49,139,1,38.68,0.0,38.68
14536,5344,39,111,2,68.78,0.0,137.56
14537,5344,54,152,1,31.28,0.0,31.28
14538,5345,40,114,1,128.52,0.0,128.52
14539,5345,43,124,2,44.67,0.0,89.34
14540,5345,27,73,2,7.55,0.0,15.1
14541,5345,34,97,1,89.03,0.0,89.03
14542,5346,10,28,2,236.5,0.0,473.0
14543,5346,13,33,3,140.62,0.0,421.86
14544,5346,23,62,3,48.88,0.0,146.64
14545,5347,58,165,1,43.21,0.0,43.21
14546,5348,5,12,1,81.21,0.0,81.21
14547,5348,23,60,3,33.88,0.0,101.64
14548,5349,13,35,4,145.62,0.0,582.48
14549,5349,35,100,1,32.33,0.0,32.33
14550,5350,30,83,1,15.27,0.0,15.27
14551,5350,79,221,2,148.61,0.0,297.22
14552,5350,59,169,2,87.83,0.0,175.66
14553,5350,100,285,1,42.34,0.0,42.34
14554,5351,19,50,2,192.14,0.0,384.28
14555,5352,99,284,2,49.51,0.0,99.02
14556,5352,17,46,3,83.41,0.0,250.23
14557,5352,10,28,1,236.5,0.0,236.5
14558,5352,15,39,2,161.21,0.0,322.42
14559,5353,32,89,4,171.3,0.0,685.2
14560,5354,15,40,1,176.21,0.0,176.21
14561,5354,25,66,4,136.29,0.0,545.16
14562,5354,34,98,2,79.03,0.0,158.06
14563,5354,59,169,3,87.83,0.0,263.49
14564,5354,10,28,1,236.5,0.0,236.5
14565,5355,4,10,1,84.33,0.0,84.33
14566,5355,81,226,2,61.08,0.0,122.16
14567,5355,14,36,2,78.42,0.0,156.84
14568,5356,66,189,1,26.38,0.0,26.38
14569,5356,38,108,2,174.11,0.0,348.22
14570,5357,12,32,2,243.11,0.0,486.22
14571,5358,43,123,3,12.67,0.0,38.01
14572,5358,20,53,4,75.61,0.0,302.44
14573,5358,9,22,5,56.83,0.0,284.15
14574,5359,19,49,1,207.14,0.0,207.14
14575,5359,33,93,1,51.53,0.0,51.53
14576,5359,11,30,2,36.69,0.0,73.38
14577,5360,48,136,4,45.39,0.0,181.56
14578,5360,24,64,5,112.11,0.0,560.55
14579,5360,36,103,3,10.53,0.0,31.59
14580,5361,52,147,3,97.59,0.0,292.77
14581,5362,69,198,2,25.8,0.0,51.6
14582,5363,18,48,3,93.27,0.0,279.81
14583,5363,16,41,1,121.76,0.0,121.76
14584,5364,9,24,4,56.83,0.0,227.32
14585,5365,50,142,2,79.34,0.0,158.68
14586,5365,8,20,2,193.95,0.0,387.9
14587,5365,48,137,1,45.39,0.0,45.39
14588,5365,60,173,5,36.2,0.0,181.0
14589,5366,100,287,1,44.34,0.0,44.34
14590,5367,64,184,1,66.17,0.0,66.17
14591,5367,1,2,1,188.05,0.0,188.05
14592,5368,52,147,2,97.59,0.0,195.18
14593,5368,26,69,2,64.15,0.0,128.3
14594,5368,66,188,2,32.38,0.0,64.76
14595,5368,24,64,2,112.11,0.0,224.22
14596,5368,7,19,5,56.06,0.0,280.3
14597,5369,66,190,1,29.38,0.0,29.38
14598,5369,99,284,4,49.51,0.0,198.04
14599,5370,44,125,2,40.65,0.0,81.3
14600,5370,84,236,4,50.36,0.0,201.44
14601,5370,17,45,1,88.41,0.0,88.41
14602,5370,90,256,1,38.11,0.0,38.11
14603,5371,32,88,2,176.3,0.0,352.6
14604,5371,36,102,1,25.53,0.0,25.53
14605,5371,45,129,1,47.45,0.0,47.45
14606,5372,13,34,1,155.62,0.0,155.62
14607,5372,8,20,2,193.95,0.0,387.9
14608,5373,53,150,1,76.71,0.0,76.71
14609,5373,83,233,2,35.04,0.0,70.08
14610,5373,74,209,4,215.0,0.0,860.0
14611,5373,27,71,3,12.55,0.0,37.65
14612,5374,66,190,1,29.38,0.0,29.38
14613,5374,7,17,1,51.06,0.0,51.06
14614,5375,49,139,2,38.68,0.0,77.36
14615,5375,31,85,4,52.47,0.0,209.88
14616,5375,41,117,1,22.66,0.0,22.66
14617,5376,4,7,3,84.33,0.0,252.99
14618,5376,62,177,1,153.25,0.0,153.25
14619,5376,30,81,3,25.27,0.0,75.81
14620,5376,40,115,3,133.52,0.0,400.56
14621,5376,64,183,3,72.17,0.0,216.51
14622,5377,81,226,1,61.08,0.0,61.08
14623,5377,6,15,2,111.76,0.0,223.52
14624,5377,34,97,5,89.03,0.0,445.15
14625,5377,99,284,4,49.51,0.0,198.04
14626,5377,70,199,4,132.33,0.0,529.32
14627,5377,16,42,5,126.76,0.0,633.8
14628,5378,11,29,1,41.69,0.0,41.69
14629,5379,47,134,5,97.33,0.0,486.65
14630,5379,15,39,3,161.21,0.0,483.63
14631,5379,90,256,2,38.11,0.0,76.22
14632,5380,28,75,1,153.25,0.0,153.25
14633,5381,4,7,1,84.33,0.0,84.33
14634,5381,32,91,1,186.3,0.0,186.3
14635,5382,15,39,4,161.21,0.0,644.84
14636,5382,24,65,2,107.11,0.0,214.22
14637,5382,71,202,1,18.78,0.0,18.78
14638,5382,28,74,1,158.25,0.0,158.25
14639,5383,44,125,2,40.65,0.0,81.3
14640,5383,51,145,3,51.92,0.0,155.76
14641,5384,16,43,1,136.76,0.0,136.76
14642,5385,14,36,3,78.42,0.0,235.26
14643,5385,53,149,5,44.71,0.0,223.55
14644,5386,34,98,1,79.03,0.0,79.03
14645,5386,11,29,2,41.69,0.0,83.38
14646,5386,52,147,1,97.59,0.0,97.59
14647,5387,33,94,2,66.53,0.0,133.06
14648,5387,53,148,1,62.71,0.0,62.71
14649,5388,59,167,2,55.83,0.0,111.66
14650,5389,9,24,5,56.83,0.0,284.15
14651,5389,62,177,2,153.25,0.0,306.5
14652,5389,59,170,1,73.83,0.0,73.83
14653,5389,25,67,1,126.29,0.0,126.29
14654,5389,26,69,4,64.15,0.0,256.6
14655,5390,80,223,4,216.05,0.0,864.2
14656,5390,68,193,3,165.66,0.0,496.98
14657,5390,39,112,1,53.78,0.0,53.78
14658,5390,12,32,1,243.11,0.0,243.11
14659,5390,93,266,1,27.84,0.0,27.84
14660,5390,88,250,2,45.4,0.0,90.8
14661,5391,41,117,2,22.66,0.0,45.32
14662,5391,57,164,2,26.38,0.0,52.76
14663,5391,63,182,2,65.54,0.0,131.08
14664,5392,54,153,1,13.28,0.0,13.28
14665,5392,75,213,2,44.67,0.0,89.34
14666,5393,34,98,1,79.03,0.0,79.03
14667,5393,27,73,2,7.55,0.0,15.1
14668,5393,11,29,1,41.69,0.0,41.69
14669,5394,32,88,3,176.3,0.0,528.9
14670,5394,48,136,4,45.39,0.0,181.56
14671,5394,36,104,2,15.53,0.0,31.06
14672,5395,79,220,3,151.61,0.0,454.83
14673,5395,40,115,3,133.52,0.0,400.56
14674,5395,59,168,5,55.83,0.0,279.15
14675,5396,77,217,2,190.3,0.0,380.6
14676,5396,29,78,4,150.1,0.0,600.4
14677,5396,71,202,4,18.78,0.0,75.12
14678,5396,73,207,1,192.67,0.0,192.67
14679,5396,95,272,5,9.88,0.0,49.4
14680,5397,11,30,1,36.69,0.0,36.69
14681,5398,76,215,4,63.03,0.0,252.12
14682,5399,13,35,3,145.62,0.0,436.86
14683,5399,47,134,4,97.33,0.0,389.32
14684,5399,10,27,2,236.5,0.0,473.0
14685,5400,81,229,2,75.08,0.0,150.16
14686,5400,8,20,2,193.95,0.0,387.9
14687,5401,6,16,1,126.76,0.0,126.76
14688,5401,14,38,2,93.42,0.0,186.84
14689,5402,38,108,1,174.11,0.0,174.11
14690,5402,1,2,2,188.05,0.0,376.1
14691,5403,15,40,2,176.21,0.0,352.42
14692,5403,23,60,1,33.88,0.0,33.88
14693,5403,2,4,1,86.92,0.0,86.92
14694,5404,93,266,1,27.84,0.0,27.84
14695,5405,42,119,2,40.62,0.0,81.24
14696,5405,68,193,2,165.66,0.0,331.32
14697,5405,16,44,3,121.76,0.0,365.28
14698,5406,15,39,1,161.21,0.0,161.21
14699,5406,26,69,1,64.15,0.0,64.15
14700,5406,91,260,1,23.66,0.0,23.66
14701,5406,29,79,1,140.1,0.0,140.1
14702,5407,24,63,1,122.11,0.0,122.11
14703,5407,17,45,2,88.41,0.0,176.82
14704,5407,54,153,4,13.28,0.0,53.12
14705,5407,37,105,1,23.93,0.0,23.93
14706,5408,95,273,2,21.88,0.0,43.76
14707,5409,30,81,1,25.27,0.0,25.27
14708,5409,55,154,3,35.23,0.0,105.69
14709,5410,56,159,2,58.28,0.0,116.56
14710,5411,15,40,4,176.21,0.0,704.84
14711,5411,85,240,3,18.14,0.0,54.42
14712,5411,68,196,5,165.66,0.0,828.3
14713,5411,1,2,1,188.05,0.0,188.05
14714,5411,38,109,1,164.11,0.0,164.11
14715,5412,51,143,2,37.92,0.0,75.84
14716,5413,56,159,1,58.28,0.0,58.28
14717,5413,8,21,2,183.95,0.0,367.9
14718,5413,99,284,1,49.51,0.0,49.51
14719,5413,90,256,4,38.11,0.0,152.44
14720,5414,22,58,1,138.97,0.0,138.97
14721,5414,25,66,1,136.29,0.0,136.29
14722,5414,54,152,2,31.28,0.0,62.56
14723,5415,55,154,3,35.23,0.0,105.69
14724,5416,63,181,2,65.54,0.0,131.08
14725,5416,74,209,2,215.0,0.0,430.0
14726,5416,78,218,1,83.43,0.0,83.43
14727,5416,22,59,2,148.97,0.0,297.94
14728,5416,50,140,1,111.34,0.0,111.34
14729,5417,71,202,2,18.78,0.0,37.56
14730,5417,24,65,2,107.11,0.0,214.22
14731,5417,97,279,1,39.57,0.0,39.57
14732,5418,28,75,3,153.25,0.0,459.75
14733,5419,25,66,3,136.29,0.0,408.87
14734,5419,20,53,2,75.61,0.0,151.22
14735,5420,14,36,1,78.42,0.0,78.42
14736,5420,53,148,1,62.71,0.0,62.71
14737,5420,9,22,3,56.83,0.0,170.49
14738,5420,63,181,2,65.54,0.0,131.08
14739,5420,84,238,3,38.36,0.0,115.08
14740,5420,38,109,1,164.11,0.0,164.11
14741,5421,13,33,1,140.62,0.0,140.62
14742,5421,16,42,3,126.76,0.0,380.28
14743,5421,5,13,1,96.21,0.0,96.21
14744,5421,70,200,3,129.33,0.0,387.99
14745,5421,30,83,2,15.27,0.0,30.54
14746,5421,71,202,1,18.78,0.0,18.78
14747,5422,2,3,1,81.92,0.0,81.92
14748,5423,74,210,4,212.0,0.0,848.0
14749,5423,58,166,1,61.21,0.0,61.21
14750,5423,1,2,2,188.05,0.0,376.1
14751,5423,17,46,2,83.41,0.0,166.82
14752,5424,24,64,1,112.11,0.0,112.11
14753,5424,26,70,3,69.15,0.0,207.45
14754,5425,22,58,3,138.97,0.0,416.91
14755,5425,34,97,2,89.03,0.0,178.06
14756,5425,12,31,4,258.11,0.0,1032.44
14757,5425,65,186,2,154.37,0.0,308.74
14758,5426,54,153,1,13.28,0.0,13.28
14759,5426,42,120,2,72.62,0.0,145.24
14760,5426,9,23,2,61.83,0.0,123.66
14761,5426,11,29,1,41.69,0.0,41.69
14762,5426,90,256,1,38.11,0.0,38.11
14763,5426,45,128,2,29.45,0.0,58.9
14764,5427,80,225,2,213.05,0.0,426.1
14765,5427,22,59,1,148.97,0.0,148.97
14766,5428,12,32,4,243.11,0.0,972.44
14767,5428,47,134,2,97.33,0.0,194.66
14768,5429,61,175,1,69.85,20.95,48.9
14769,5429,3,6,1,147.59,44.28,103.31
14770,5429,4,8,2,89.33,26.8,125.06
14771,5429,17,46,1,83.41,25.02,58.39
14772,5430,75,212,1,50.67,0.0,50.67
14773,5430,29,77,2,135.1,0.0,270.2
14774,5430,1,2,2,188.05,0.0,376.1
14775,5431,26,68,1,69.15,0.0,69.15
14776,5431,36,103,3,10.53,0.0,31.59
14777,5431,5,12,4,81.21,0.0,324.84
14778,5432,75,212,2,50.67,15.2,70.94
14779,5432,53,151,2,44.71,13.41,62.6
14780,5432,94,271,4,24.87,7.46,69.64
14781,5432,82,232,3,33.0,9.9,69.3
14782,5433,37,106,1,18.93,5.68,13.25
14783,5433,55,156,1,17.23,5.17,12.06
14784,5433,89,253,1,73.85,22.16,51.69
14785,5434,6,15,2,111.76,0.0,223.52
14786,5434,19,51,1,192.14,0.0,192.14
14787,5434,74,209,4,215.0,0.0,860.0
14788,5434,55,154,3,35.23,0.0,105.69
14789,5434,12,31,5,258.11,0.0,1290.55
14790,5435,77,216,3,190.3,57.09,399.63
14791,5435,7,19,2,56.06,16.82,78.48
14792,5436,92,262,2,62.75,18.82,87.86
14793,5436,24,64,4,112.11,33.63,313.92
14794,5436,77,217,2,190.3,57.09,266.42
14795,5437,43,124,3,44.67,0.0,134.01
14796,5437,57,162,3,44.38,0.0,133.14
14797,5437,18,47,3,98.27,0.0,294.81
14798,5437,7,19,4,56.06,0.0,224.24
14799,5438,5,13,1,96.21,0.0,96.21
14800,5439,76,214,1,66.03,0.0,66.03
14801,5439,18,48,2,93.27,0.0,186.54
14802,5440,30,83,1,15.27,0.0,15.27
14803,5440,60,171,3,18.2,0.0,54.6
14804,5440,52,146,1,65.59,0.0,65.59
14805,5441,60,173,5,36.2,0.0,181.0
14806,5441,7,19,1,56.06,0.0,56.06
14807,5441,14,36,2,78.42,0.0,156.84
14808,5442,37,105,1,23.93,0.0,23.93
14809,5442,92,265,4,74.75,0.0,299.0
14810,5443,45,129,2,47.45,0.0,94.9
14811,5443,20,54,5,60.61,0.0,303.05
14812,5443,24,63,1,122.11,0.0,122.11
14813,5443,64,184,4,66.17,0.0,264.68
14814,5443,69,197,3,22.8,0.0,68.4
14815,5444,39,112,3,53.78,0.0,161.34
14816,5444,100,287,1,44.34,0.0,44.34
14817,5444,81,229,3,75.08,0.0,225.24
14818,5445,73,207,3,192.67,0.0,578.01
14819,5445,56,158,2,72.28,0.0,144.56
14820,5445,33,94,4,66.53,0.0,266.12
14821,5446,78,218,1,83.43,0.0,83.43
14822,5446,12,32,1,243.11,0.0,243.11
14823,5446,19,50,4,192.14,0.0,768.56
14824,5446,17,46,2,83.41,0.0,166.82
14825,5446,42,121,4,40.62,0.0,162.48
14826,5447,19,50,2,192.14,0.0,384.28
14827,5448,4,9,5,99.33,0.0,496.65
14828,5449,3,6,3,147.59,0.0,442.77
14829,5450,27,71,2,12.55,0.0,25.1
14830,5450,4,10,5,84.33,0.0,421.65
14831,5450,8,21,1,183.95,0.0,183.95
14832,5451,4,7,4,84.33,25.3,236.12
14833,5452,56,159,1,58.28,0.0,58.28
14834,5452,73,208,2,198.67,0.0,397.34
14835,5452,89,254,1,59.85,0.0,59.85
14836,5452,49,138,2,20.68,0.0,41.36
14837,5453,51,144,1,19.92,5.98,13.94
14838,5454,48,136,3,45.39,0.0,136.17
14839,5454,10,26,3,251.5,0.0,754.5
14840,5454,6,16,4,126.76,0.0,507.04
14841,5454,45,128,2,29.45,0.0,58.9
14842,5455,77,217,3,190.3,0.0,570.9
14843,5455,14,36,1,78.42,0.0,78.42
14844,5455,64,183,4,72.17,0.0,288.68
14845,5456,34,97,2,89.03,0.0,178.06
14846,5457,68,195,2,162.66,0.0,325.32
14847,5458,24,65,1,107.11,32.13,74.98
14848,5458,75,211,1,47.67,14.3,33.37
14849,5458,54,152,1,31.28,9.38,21.9
14850,5459,25,66,3,136.29,0.0,408.87
14851,5459,57,163,3,58.38,0.0,175.14
14852,5459,91,261,4,23.66,0.0,94.64
14853,5459,77,216,1,190.3,0.0,190.3
14854,5459,17,46,4,83.41,0.0,333.64
14855,5459,85,241,3,6.14,0.0,18.42
14856,5460,33,92,4,56.53,0.0,226.12
14857,5460,20,54,3,60.61,0.0,181.83
14858,5460,36,103,1,10.53,0.0,10.53
14859,5460,83,233,5,35.04,0.0,175.2
14860,5460,77,217,1,190.3,0.0,190.3
14861,5461,10,26,1,251.5,0.0,251.5
14862,5461,5,13,2,96.21,0.0,192.42
14863,5461,12,31,1,258.11,0.0,258.11
14864,5461,13,34,1,155.62,0.0,155.62
14865,5462,99,283,1,61.51,0.0,61.51
14866,5462,93,268,1,29.84,0.0,29.84
14867,5463,44,126,3,22.65,0.0,67.95
14868,5463,34,97,1,89.03,0.0,89.03
14869,5463,17,45,2,88.41,0.0,176.82
14870,5463,91,258,2,21.66,0.0,43.32
14871,5463,2,4,4,86.92,0.0,347.68
14872,5464,1,2,4,188.05,0.0,752.2
14873,5464,10,28,3,236.5,0.0,709.5
14874,5464,22,59,1,148.97,0.0,148.97
14875,5465,78,219,4,80.43,0.0,321.72
14876,5465,32,90,2,176.3,0.0,352.6
14877,5465,89,254,1,59.85,0.0,59.85
14878,5466,76,214,3,66.03,0.0,198.09
14879,5467,59,169,2,87.83,0.0,175.66
14880,5467,60,172,2,18.2,0.0,36.4
14881,5468,74,210,2,212.0,0.0,424.0
14882,5468,16,43,1,136.76,0.0,136.76
14883,5468,72,204,4,156.23,0.0,624.92
14884,5468,7,18,1,51.06,0.0,51.06
14885,5468,90,257,4,52.11,0.0,208.44
14886,5468,63,181,1,65.54,0.0,65.54
14887,5469,51,143,3,37.92,0.0,113.76
14888,5469,50,140,1,111.34,0.0,111.34
14889,5469,68,194,1,168.66,0.0,168.66
14890,5469,8,20,4,193.95,0.0,775.8
14891,5469,6,16,5,126.76,0.0,633.8
14892,5470,27,71,5,12.55,0.0,62.75
14893,5470,51,145,2,51.92,0.0,103.84
14894,5470,94,270,3,36.87,0.0,110.61
14895,5470,1,1,2,193.05,0.0,386.1
14896,5471,7,19,3,56.06,0.0,168.18
14897,5472,57,162,1,44.38,0.0,44.38
14898,5472,3,5,4,132.59,0.0,530.36
14899,5473,17,46,1,83.41,0.0,83.41
14900,5474,56,159,1,58.28,0.0,58.28
14901,5474,34,98,1,79.03,0.0,79.03
14902,5475,64,184,1,66.17,0.0,66.17
14903,5475,77,216,1,190.3,0.0,190.3
14904,5476,5,11,1,86.21,0.0,86.21
14905,5476,67,192,3,77.05,0.0,231.15
14906,5476,90,257,3,52.11,0.0,156.33
14907,5476,100,287,1,44.34,0.0,44.34
14908,5477,89,255,1,61.85,0.0,61.85
14909,5477,50,142,4,79.34,0.0,317.36
14910,5478,2,3,1,81.92,0.0,81.92
14911,5479,39,111,1,68.78,0.0,68.78
14912,5479,63,182,1,65.54,0.0,65.54
14913,5479,43,123,2,12.67,0.0,25.34
14914,5479,32,89,1,171.3,0.0,171.3
14915,5479,73,208,1,198.67,0.0,198.67
14916,5480,10,27,2,236.5,0.0,473.0
14917,5481,12,32,2,243.11,0.0,486.22
14918,5482,49,138,1,20.68,0.0,20.68
14919,5483,56,161,3,40.28,0.0,120.84
14920,5483,30,82,3,10.27,0.0,30.81
14921,5483,76,214,1,66.03,0.0,66.03
14922,5483,43,123,2,12.67,0.0,25.34
14923,5483,21,56,1,72.82,0.0,72.82
14924,5483,4,8,1,89.33,0.0,89.33
14925,5484,22,58,1,138.97,0.0,138.97
14926,5485,24,65,3,107.11,0.0,321.33
14927,5485,6,15,2,111.76,0.0,223.52
14928,5485,51,144,2,19.92,0.0,39.84
14929,5485,53,148,2,62.71,0.0,125.42
14930,5485,64,183,3,72.17,0.0,216.51
14931,5486,21,56,5,72.82,0.0,364.1
14932,5486,74,209,3,215.0,0.0,645.0
14933,5486,36,101,4,15.53,0.0,62.12
14934,5486,95,273,3,21.88,0.0,65.64
14935,5486,25,66,3,136.29,0.0,408.87
14936,5486,33,95,3,56.53,0.0,169.59
14937,5487,25,67,1,126.29,0.0,126.29
14938,5488,52,146,1,65.59,0.0,65.59
14939,5488,12,32,4,243.11,0.0,972.44
14940,5488,55,156,4,17.23,0.0,68.92
14941,5489,99,284,4,49.51,0.0,198.04
14942,5489,11,30,2,36.69,0.0,73.38
14943,5489,48,137,3,45.39,0.0,136.17
14944,5490,42,120,5,72.62,0.0,363.1
14945,5490,89,254,3,59.85,0.0,179.55
14946,5490,65,186,2,154.37,0.0,308.74
14947,5491,66,190,1,29.38,0.0,29.38
14948,5491,21,56,3,72.82,0.0,218.46
14949,5491,31,85,1,52.47,0.0,52.47
14950,5491,56,159,3,58.28,0.0,174.84
14951,5492,34,98,2,79.03,0.0,158.06
14952,5493,75,211,2,47.67,0.0,95.34
14953,5493,71,203,2,18.78,0.0,37.56
14954,5493,87,247,5,64.46,0.0,322.3
14955,5494,30,83,3,15.27,0.0,45.81
14956,5495,62,180,4,150.25,0.0,601.0
14957,5495,79,220,3,151.61,0.0,454.83
14958,5495,29,78,2,150.1,0.0,300.2
14959,5495,4,8,1,89.33,0.0,89.33
14960,5495,63,182,5,65.54,0.0,327.7
14961,5495,58,165,2,43.21,0.0,86.42
14962,5496,11,29,4,41.69,0.0,166.76
14963,5497,43,123,2,12.67,0.0,25.34
14964,5498,30,83,2,15.27,0.0,30.54
14965,5498,42,121,4,40.62,0.0,162.48
14966,5498,12,31,2,258.11,0.0,516.22
14967,5498,76,214,2,66.03,0.0,132.06
14968,5498,30,83,3,15.27,0.0,45.81
14969,5498,8,21,5,183.95,0.0,919.75
14970,5499,7,18,2,51.06,0.0,102.12
14971,5499,23,61,1,38.88,0.0,38.88
14972,5500,65,185,1,154.37,0.0,154.37
14973,5500,48,136,1,45.39,0.0,45.39
14974,5500,42,119,3,40.62,0.0,121.86
14975,5500,94,270,1,36.87,0.0,36.87
14976,5500,82,231,1,21.0,0.0,21.0
14977,5501,46,131,4,70.22,0.0,280.88
14978,5501,14,36,1,78.42,0.0,78.42
14979,5501,38,107,4,159.11,0.0,636.44
14980,5502,75,211,1,47.67,0.0,47.67
14981,5502,25,66,3,136.29,0.0,408.87
14982,5503,16,44,4,121.76,0.0,487.04
14983,5504,44,126,1,22.65,0.0,22.65
14984,5504,97,279,1,39.57,0.0,39.57
14985,5505,56,159,2,58.28,0.0,116.56
14986,5505,59,169,1,87.83,0.0,87.83
14987,5505,14,38,1,93.42,0.0,93.42
14988,5505,26,68,5,69.15,0.0,345.75
14989,5505,4,8,1,89.33,0.0,89.33
14990,5506,80,224,5,213.05,0.0,1065.25
14991,5506,64,183,4,72.17,0.0,288.68
14992,5506,42,120,3,72.62,0.0,217.86
14993,5506,40,116,3,143.52,0.0,430.56
14994,5506,3,6,5,147.59,0.0,737.95
14995,5507,14,37,1,83.42,0.0,83.42
14996,5507,85,243,2,6.14,0.0,12.28
14997,5507,1,1,1,193.05,0.0,193.05
14998,5507,21,56,1,72.82,0.0,72.82
14999,5507,96,278,2,80.44,0.0,160.88
15000,5507,49,138,1,20.68,0.0,20.68
15001,5508,19,50,3,192.14,0.0,576.42
15002,5508,61,176,1,66.85,0.0,66.85
15003,5509,22,59,3,148.97,0.0,446.91
15004,5510,55,156,2,17.23,0.0,34.46
15005,5510,29,77,4,135.1,0.0,540.4
15006,5510,51,144,3,19.92,0.0,59.76
15007,5510,92,263,4,60.75,0.0,243.0
15008,5510,25,67,3,126.29,0.0,378.87
15009,5511,49,139,1,38.68,0.0,38.68
15010,5511,54,153,2,13.28,0.0,26.56
15011,5512,19,51,1,192.14,0.0,192.14
15012,5513,88,251,2,33.4,0.0,66.8
15013,5514,73,206,2,195.67,0.0,391.34
15014,5514,36,103,4,10.53,0.0,42.12
15015,5515,48,137,1,45.39,0.0,45.39
15016,5516,61,174,2,72.85,0.0,145.7
15017,5517,32,91,1,186.3,0.0,186.3
15018,5517,77,216,1,190.3,0.0,190.3
15019,5518,56,161,3,40.28,0.0,120.84
15020,5519,14,36,2,78.42,0.0,156.84
15021,5520,83,233,2,35.04,0.0,70.08
15022,5520,34,97,1,89.03,0.0,89.03
15023,5521,93,267,2,29.84,0.0,59.68
15024,5522,27,71,1,12.55,0.0,12.55
15025,5523,10,25,1,241.5,0.0,241.5
15026,5524,32,89,2,171.3,0.0,342.6
15027,5524,4,8,2,89.33,0.0,178.66
15028,5525,8,21,4,183.95,0.0,735.8
15029,5525,70,199,2,132.33,0.0,264.66
15030,5525,56,158,2,72.28,0.0,144.56
15031,5526,10,27,1,236.5,0.0,236.5
15032,5526,21,57,1,67.82,0.0,67.82
15033,5526,15,39,3,161.21,0.0,483.63
15034,5527,55,157,1,17.23,0.0,17.23
15035,5527,5,11,3,86.21,0.0,258.63
15036,5527,48,137,2,45.39,0.0,90.78
15037,5527,50,141,4,97.34,0.0,389.36
15038,5528,10,26,2,251.5,0.0,503.0
15039,5528,20,55,3,60.61,0.0,181.83
15040,5529,31,85,1,52.47,0.0,52.47
15041,5530,11,30,2,36.69,0.0,73.38
15042,5530,68,194,3,168.66,0.0,505.98
15043,5530,30,81,3,25.27,0.0,75.81
15044,5530,57,163,2,58.38,0.0,116.76
15045,5530,62,180,1,150.25,0.0,150.25
15046,5530,46,133,1,88.22,0.0,88.22
15047,5531,1,2,1,188.05,0.0,188.05
15048,5532,20,52,2,65.61,0.0,131.22
15049,5532,70,199,4,132.33,0.0,529.32
15050,5533,51,144,1,19.92,0.0,19.92
15051,5533,89,255,1,61.85,0.0,61.85
15052,5533,92,263,1,60.75,0.0,60.75
15053,5534,12,31,3,258.11,0.0,774.33
15054,5534,10,28,1,236.5,0.0,236.5
15055,5534,37,106,2,18.93,0.0,37.86
15056,5535,52,146,1,65.59,0.0,65.59
15057,5535,60,172,1,18.2,0.0,18.2
15058,5535,17,46,3,83.41,0.0,250.23
15059,5535,32,91,3,186.3,0.0,558.9
15060,5535,92,263,2,60.75,0.0,121.5
15061,5535,62,179,4,147.25,0.0,589.0
15062,5536,18,47,2,98.27,0.0,196.54
15063,5537,10,26,2,251.5,0.0,503.0
15064,5537,3,5,1,132.59,0.0,132.59
15065,5537,35,100,1,32.33,0.0,32.33
15066,5537,52,147,1,97.59,0.0,97.59
15067,5538,79,222,1,145.61,0.0,145.61
15068,5538,84,236,1,50.36,0.0,50.36
15069,5539,2,4,4,86.92,0.0,347.68
15070,5539,30,83,2,15.27,0.0,30.54
15071,5539,98,282,3,69.39,0.0,208.17
15072,5540,76,214,1,66.03,0.0,66.03
15073,5540,16,43,1,136.76,0.0,136.76
15074,5541,19,51,1,192.14,0.0,192.14
15075,5541,51,144,1,19.92,0.0,19.92
15076,5541,49,138,1,20.68,0.0,20.68
15077,5542,74,210,4,212.0,0.0,848.0
15078,5542,100,286,5,56.34,0.0,281.7
15079,5543,65,187,1,151.37,0.0,151.37
15080,5543,30,81,1,25.27,0.0,25.27
15081,5544,64,183,1,72.17,0.0,72.17
15082,5544,6,15,1,111.76,0.0,111.76
15083,5544,40,114,2,128.52,0.0,257.04
15084,5544,35,100,1,32.33,0.0,32.33
15085,5545,29,77,1,135.1,0.0,135.1
15086,5546,17,46,3,83.41,0.0,250.23
15087,5546,7,17,4,51.06,0.0,204.24
15088,5546,87,248,2,66.46,0.0,132.92
15089,5546,16,44,1,121.76,0.0,121.76
15090,5547,19,50,4,192.14,0.0,768.56
15091,5547,24,65,2,107.11,0.0,214.22
15092,5547,41,117,5,22.66,0.0,113.3
15093,5547,69,197,5,22.8,0.0,114.0
15094,5548,74,210,1,212.0,0.0,212.0
15095,5548,45,128,1,29.45,0.0,29.45
15096,5548,11,29,1,41.69,0.0,41.69
15097,5548,1,2,2,188.05,0.0,376.1
15098,5548,3,5,2,132.59,0.0,265.18
15099,5549,10,26,1,251.5,0.0,251.5
15100,5549,24,63,2,122.11,0.0,244.22
15101,5550,23,61,2,38.88,0.0,77.76
15102,5550,34,97,2,89.03,0.0,178.06
15103,5550,3,5,3,132.59,0.0,397.77
15104,5550,60,173,1,36.2,0.0,36.2
15105,5551,6,15,5,111.76,0.0,558.8
15106,5551,21,56,5,72.82,0.0,364.1
15107,5551,1,2,3,188.05,0.0,564.15
15108,5552,27,72,3,22.55,0.0,67.65
15109,5552,75,212,3,50.67,0.0,152.01
15110,5552,64,183,2,72.17,0.0,144.34
15111,5552,90,256,3,38.11,0.0,114.33
15112,5553,48,136,1,45.39,0.0,45.39
15113,5554,72,205,1,153.23,38.31,114.92
15114,5554,91,259,3,35.66,8.91,80.25
15115,5554,80,223,1,216.05,54.01,162.04
15116,5554,56,159,1,58.28,14.57,43.71
15117,5554,30,81,1,25.27,6.32,18.95
15118,5554,30,82,2,10.27,2.57,15.4
15119,5555,12,31,1,258.11,0.0,258.11
15120,5555,60,172,2,18.2,0.0,36.4
15121,5555,24,64,1,112.11,0.0,112.11
15122,5555,18,48,1,93.27,0.0,93.27
15123,5556,22,59,1,148.97,0.0,148.97
15124,5556,3,6,4,147.59,0.0,590.36
15125,5556,13,34,1,155.62,0.0,155.62
15126,5557,29,78,3,150.1,37.52,337.74
15127,5557,28,74,1,158.25,39.56,118.69
15128,5558,11,29,2,41.69,10.42,62.54
15129,5558,42,119,1,40.62,10.15,30.47
15130,5559,12,31,4,258.11,0.0,1032.44
15131,5560,19,51,1,192.14,0.0,192.14
15132,5561,17,45,1,88.41,0.0,88.41
15133,5561,98,281,1,83.39,0.0,83.39
15134,5561,65,185,1,154.37,0.0,154.37
15135,5562,34,97,1,89.03,0.0,89.03
15136,5562,74,210,5,212.0,0.0,1060.0
15137,5562,64,184,2,66.17,0.0,132.34
15138,5563,56,159,1,58.28,14.57,43.71
15139,5563,63,181,3,65.54,16.39,147.45
15140,5564,90,256,1,38.11,9.53,28.58
15141,5565,58,166,1,61.21,0.0,61.21
15142,5566,61,175,2,69.85,0.0,139.7
15143,5566,40,116,4,143.52,0.0,574.08
15144,5566,66,190,1,29.38,0.0,29.38
15145,5566,12,31,2,258.11,0.0,516.22
15146,5567,73,208,1,198.67,49.67,149.0
15147,5567,24,64,2,112.11,28.03,168.16
15148,5567,82,231,2,21.0,5.25,31.5
15149,5568,40,116,1,143.52,0.0,143.52
15150,5569,14,38,4,93.42,0.0,373.68
15151,5569,74,210,1,212.0,0.0,212.0
15152,5570,53,150,1,76.71,0.0,76.71
15153,5570,26,68,1,69.15,0.0,69.15
15154,5570,12,32,1,243.11,0.0,243.11
15155,5571,29,78,1,150.1,0.0,150.1
15156,5571,52,146,2,65.59,0.0,131.18
15157,5572,30,81,4,25.27,0.0,101.08
15158,5572,62,177,2,153.25,0.0,306.5
15159,5572,32,91,3,186.3,0.0,558.9
15160,5573,95,274,4,7.88,0.0,31.52
15161,5573,8,20,1,193.95,0.0,193.95
15162,5573,34,97,5,89.03,0.0,445.15
15163,5573,10,25,4,241.5,0.0,966.0
15164,5574,33,92,2,56.53,14.13,84.8
15165,5574,30,82,5,10.27,2.57,38.5
15166,5574,99,284,3,49.51,12.38,111.39
15167,5574,89,255,5,61.85,15.46,231.95
15168,5574,63,182,5,65.54,16.39,245.75
15169,5575,62,179,3,147.25,0.0,441.75
15170,5576,85,240,1,18.14,4.54,13.6
15171,5576,65,186,1,154.37,38.59,115.78
15172,5576,86,245,1,85.71,21.43,64.28
15173,5576,29,77,3,135.1,33.77,303.99
15174,5577,19,49,1,207.14,0.0,207.14
15175,5577,41,118,2,40.66,0.0,81.32
15176,5578,52,147,4,97.59,24.4,292.76
15177,5578,18,47,3,98.27,24.57,221.1
15178,5579,21,57,3,67.82,0.0,203.46
15179,5579,25,66,4,136.29,0.0,545.16
15180,5579,87,249,1,78.46,0.0,78.46
15181,5579,22,59,1,148.97,0.0,148.97
15182,5579,9,24,1,56.83,0.0,56.83
15183,5579,91,261,1,23.66,0.0,23.66
15184,5580,33,94,1,66.53,16.63,49.9
15185,5581,20,52,2,65.61,0.0,131.22
15186,5581,40,115,4,133.52,0.0,534.08
15187,5581,20,53,1,75.61,0.0,75.61
15188,5581,27,71,1,12.55,0.0,12.55
15189,5581,93,266,1,27.84,0.0,27.84
15190,5582,9,22,1,56.83,14.21,42.62
15191,5582,45,129,1,47.45,11.86,35.59
15192,5582,33,92,3,56.53,14.13,127.2
15193,5582,52,147,2,97.59,24.4,146.38
15194,5583,22,59,1,148.97,0.0,148.97
15195,5584,3,6,3,147.59,36.9,332.07
15196,5585,25,67,1,126.29,0.0,126.29
15197,5585,71,203,1,18.78,0.0,18.78
15198,5585,59,168,3,55.83,0.0,167.49
15199,5586,15,40,2,176.21,44.05,264.32
15200,5586,4,10,3,84.33,21.08,189.75
15201,5586,1,2,3,188.05,47.01,423.12
15202,5586,1,1,3,193.05,48.26,434.37
15203,5587,14,37,1,83.42,0.0,83.42
15204,5588,20,54,2,60.61,0.0,121.22
15205,5588,96,275,2,92.44,0.0,184.88
15206,5588,29,80,5,140.1,0.0,700.5
15207,5588,67,191,4,83.05,0.0,332.2
15208,5589,95,272,2,9.88,0.0,19.76
15209,5590,49,139,1,38.68,9.67,29.01
15210,5590,7,17,1,51.06,12.77,38.29
15211,5590,85,241,5,6.14,1.53,23.05
15212,5590,3,5,2,132.59,33.15,198.88
15213,5591,71,201,2,15.78,3.94,23.68
15214,5591,50,140,2,111.34,27.84,167.0
15215,5592,94,271,1,24.87,0.0,24.87
15216,5592,37,105,2,23.93,0.0,47.86
15217,5593,19,51,1,192.14,48.03,144.11
15218,5593,9,24,1,56.83,14.21,42.62
15219,5593,71,201,2,15.78,3.94,23.68
15220,5593,67,192,1,77.05,19.26,57.79
15221,5593,39,111,1,68.78,17.2,51.58
15222,5593,31,85,2,52.47,13.12,78.7
15223,5594,48,136,1,45.39,0.0,45.39
15224,5594,8,21,1,183.95,0.0,183.95
15225,5594,13,34,1,155.62,0.0,155.62
15226,5595,67,192,2,77.05,19.26,115.58
15227,5595,83,234,1,33.04,8.26,24.78
15228,5595,82,230,5,21.0,5.25,78.75
15229,5595,1,2,4,188.05,47.01,564.16
15230,5596,84,237,5,38.36,0.0,191.8
15231,5596,16,44,3,121.76,0.0,365.28
15232,5596,26,68,1,69.15,0.0,69.15
15233,5597,12,32,1,243.11,60.78,182.33
15234,5597,89,254,1,59.85,14.96,44.89
15235,5597,80,224,1,213.05,53.26,159.79
15236,5598,52,147,1,97.59,0.0,97.59
15237,5598,37,106,3,18.93,0.0,56.79
15238,5599,32,90,2,176.3,0.0,352.6
15239,5599,36,103,3,10.53,0.0,31.59
15240,5600,79,222,2,145.61,0.0,291.22
15241,5601,41,117,2,22.66,0.0,45.32
15242,5601,47,134,2,97.33,0.0,194.66
15243,5601,55,155,3,49.23,0.0,147.69
15244,5601,4,8,4,89.33,0.0,357.32
15245,5602,96,277,2,80.44,0.0,160.88
15246,5602,7,17,1,51.06,0.0,51.06
15247,5603,64,183,1,72.17,0.0,72.17
15248,5604,12,32,1,243.11,0.0,243.11
15249,5604,10,27,4,236.5,0.0,946.0
15250,5604,5,14,2,81.21,0.0,162.42
15251,5605,78,218,5,83.43,0.0,417.15
15252,5606,44,127,4,22.65,5.66,67.96
15253,5606,61,176,1,66.85,16.71,50.14
15254,5607,52,146,4,65.59,0.0,262.36
15255,5607,86,245,3,85.71,0.0,257.13
15256,5607,43,122,1,12.67,0.0,12.67
15257,5608,75,212,4,50.67,12.67,152.0
15258,5608,78,218,4,83.43,20.86,250.28
15259,5608,11,29,5,41.69,10.42,156.35
15260,5609,66,189,1,26.38,6.59,19.79
15261,5610,47,135,1,79.33,19.83,59.5
15262,5610,15,40,1,176.21,44.05,132.16
15263,5610,61,174,2,72.85,18.21,109.28
15264,5611,51,143,2,37.92,0.0,75.84
15265,5611,80,224,1,213.05,0.0,213.05
15266,5611,57,164,1,26.38,0.0,26.38
15267,5612,7,17,1,51.06,0.0,51.06
15268,5612,5,11,5,86.21,0.0,431.05
15269,5613,99,284,2,49.51,0.0,99.02
15270,5614,77,216,1,190.3,0.0,190.3
15271,5614,30,82,1,10.27,0.0,10.27
15272,5614,9,22,1,56.83,0.0,56.83
15273,5614,12,31,1,258.11,0.0,258.11
15274,5615,17,45,4,88.41,22.1,265.24
15275,5615,60,171,1,18.2,4.55,13.65
15276,5615,48,137,4,45.39,11.35,136.16
15277,5615,32,91,2,186.3,46.58,279.44
15278,5615,6,16,1,126.76,31.69,95.07
15279,5616,56,159,5,58.28,14.57,218.55
15280,5616,35,99,3,27.33,6.83,61.5
15281,5616,15,39,5,161.21,40.3,604.55
15282,5616,53,148,2,62.71,15.68,94.06
15283,5616,55,157,3,17.23,4.31,38.76
15284,5617,17,45,2,88.41,0.0,176.82
15285,5617,73,208,2,198.67,0.0,397.34
15286,5617,56,161,3,40.28,0.0,120.84
15287,5618,29,80,2,140.1,35.02,210.16
15288,5618,13,35,3,145.62,36.41,327.63
15289,5619,46,131,1,70.22,17.55,52.67
15290,5619,78,218,2,83.43,20.86,125.14
15291,5620,29,80,4,140.1,0.0,560.4
15292,5620,11,30,2,36.69,0.0,73.38
15293,5620,52,147,2,97.59,0.0,195.18
15294,5620,1,2,2,188.05,0.0,376.1
15295,5620,75,212,4,50.67,0.0,202.68
15296,5621,3,6,2,147.59,0.0,295.18
15297,5621,77,216,4,190.3,0.0,761.2
15298,5621,76,214,2,66.03,0.0,132.06
15299,5622,46,131,2,70.22,0.0,140.44
15300,5622,91,260,1,23.66,0.0,23.66
15301,5622,22,58,3,138.97,0.0,416.91
15302,5623,79,222,3,145.61,36.4,327.63
15303,5623,73,208,1,198.67,49.67,149.0
15304,5623,54,153,1,13.28,3.32,9.96
15305,5624,8,21,2,183.95,45.99,275.92
15306,5625,62,179,4,147.25,36.81,441.76
15307,5625,42,120,5,72.62,18.16,272.3
15308,5625,14,36,2,78.42,19.61,117.62
15309,5626,91,259,2,35.66,0.0,71.32
15310,5626,58,165,2,43.21,0.0,86.42
15311,5626,37,105,3,23.93,0.0,71.79
15312,5626,47,134,5,97.33,0.0,486.65
15313,5626,31,87,3,62.47,0.0,187.41
15314,5627,18,47,1,98.27,24.57,73.7
15315,5627,78,219,1,80.43,20.11,60.32
15316,5627,80,224,2,213.05,53.26,319.58
15317,5627,10,28,2,236.5,59.12,354.76
15318,5627,14,37,1,83.42,20.86,62.56
15319,5627,15,39,5,161.21,40.3,604.55
15320,5628,38,109,2,164.11,0.0,328.22
15321,5628,80,224,2,213.05,0.0,426.1
15322,5628,76,215,3,63.03,0.0,189.09
15323,5628,20,55,3,60.61,0.0,181.83
15324,5628,12,31,2,258.11,0.0,516.22
15325,5628,97,280,5,39.57,0.0,197.85
15326,5629,29,78,2,150.1,0.0,300.2
15327,5629,59,168,2,55.83,0.0,111.66
15328,5629,38,109,5,164.11,0.0,820.55
15329,5629,49,139,4,38.68,0.0,154.72
15330,5630,20,53,1,75.61,0.0,75.61
15331,5630,70,199,1,132.33,0.0,132.33
15332,5630,3,5,1,132.59,0.0,132.59
15333,5630,31,87,1,62.47,0.0,62.47
15334,5631,85,240,2,18.14,4.54,27.2
15335,5631,35,99,4,27.33,6.83,82.0
15336,5632,84,239,3,36.36,9.09,81.81
15337,5632,69,197,2,22.8,5.7,34.2
15338,5633,75,212,2,50.67,0.0,101.34
15339,5633,22,59,1,148.97,0.0,148.97
15340,5633,78,219,3,80.43,0.0,241.29
15341,5633,46,130,4,70.22,0.0,280.88
15342,5634,51,145,1,51.92,12.98,38.94
15343,5635,63,182,1,65.54,16.39,49.15
15344,5635,51,143,2,37.92,9.48,56.88
15345,5635,99,283,2,61.51,15.38,92.26
15346,5635,97,280,3,39.57,9.89,89.04
15347,5636,39,111,1,68.78,0.0,68.78
15348,5636,27,72,2,22.55,0.0,45.1
15349,5636,23,62,1,48.88,0.0,48.88
15350,5636,18,48,1,93.27,0.0,93.27
15351,5636,44,125,2,40.65,0.0,81.3
15352,5637,92,263,3,60.75,0.0,182.25
15353,5637,51,144,2,19.92,0.0,39.84
15354,5637,83,233,2,35.04,0.0,70.08
15355,5638,60,173,3,36.2,0.0,108.6
15356,5638,10,25,2,241.5,0.0,483.0
15357,5639,11,30,4,36.69,0.0,146.76
15358,5640,32,91,1,186.3,0.0,186.3
15359,5640,59,168,1,55.83,0.0,55.83
15360,5640,68,195,2,162.66,0.0,325.32
15361,5640,11,29,1,41.69,0.0,41.69
15362,5641,11,29,4,41.69,0.0,166.76
15363,5642,40,116,1,143.52,0.0,143.52
15364,5643,13,35,2,145.62,36.41,218.42
15365,5643,60,172,1,18.2,4.55,13.65
15366,5644,71,201,2,15.78,0.0,31.56
15367,5644,2,3,1,81.92,0.0,81.92
15368,5645,35,99,3,27.33,0.0,81.99
15369,5646,15,39,1,161.21,0.0,161.21
15370,5647,54,152,2,31.28,0.0,62.56
15371,5647,57,162,2,44.38,0.0,88.76
15372,5647,5,12,4,81.21,0.0,324.84
15373,5647,94,270,5,36.87,0.0,184.35
15374,5647,42,120,5,72.62,0.0,363.1
15375,5647,32,89,3,171.3,0.0,513.9
15376,5648,64,184,5,66.17,16.54,248.15
15377,5648,78,218,1,83.43,20.86,62.57
15378,5648,35,99,4,27.33,6.83,82.0
15379,5649,6,15,2,111.76,0.0,223.52
15380,5649,38,109,2,164.11,0.0,328.22
15381,5649,28,76,5,158.25,0.0,791.25
15382,5649,30,81,1,25.27,0.0,25.27
15383,5649,13,34,1,155.62,0.0,155.62
15384,5650,69,198,3,25.8,6.45,58.05
15385,5650,18,47,2,98.27,24.57,147.4
15386,5650,2,3,3,81.92,20.48,184.32
15387,5651,65,187,1,151.37,0.0,151.37
15388,5651,84,237,2,38.36,0.0,76.72
15389,5652,81,227,2,63.08,0.0,126.16
15390,5652,65,187,2,151.37,0.0,302.74
15391,5652,81,228,1,63.08,0.0,63.08
15392,5653,27,73,2,7.55,0.0,15.1
15393,5653,50,142,4,79.34,0.0,317.36
15394,5653,88,252,3,33.4,0.0,100.2
15395,5653,49,139,1,38.68,0.0,38.68
15396,5654,44,127,1,22.65,0.0,22.65
15397,5655,23,61,2,38.88,0.0,77.76
15398,5655,71,203,1,18.78,0.0,18.78
15399,5656,5,14,4,81.21,0.0,324.84
15400,5656,61,175,2,69.85,0.0,139.7
15401,5656,31,85,3,52.47,0.0,157.41
15402,5656,59,167,2,55.83,0.0,111.66
15403,5656,53,151,4,44.71,0.0,178.84
15404,5657,16,44,3,121.76,0.0,365.28
15405,5658,81,228,5,63.08,15.77,236.55
15406,5659,50,141,1,97.34,24.34,73.0
15407,5660,9,22,1,56.83,14.21,42.62
15408,5660,14,36,2,78.42,19.61,117.62
15409,5660,14,37,4,83.42,20.86,250.24
15410,5660,22,59,1,148.97,37.24,111.73
15411,5661,2,3,1,81.92,20.48,61.44
15412,5661,11,29,1,41.69,10.42,31.27
15413,5661,27,73,1,7.55,1.89,5.66
15414,5661,28,76,1,158.25,39.56,118.69
15415,5662,55,157,2,17.23,0.0,34.46
15416,5662,39,110,3,58.78,0.0,176.34
15417,5662,65,186,1,154.37,0.0,154.37
15418,5662,92,265,2,74.75,0.0,149.5
15419,5663,36,102,1,25.53,0.0,25.53
15420,5663,31,84,2,47.47,0.0,94.94
15421,5663,98,282,1,69.39,0.0,69.39
15422,5664,1,2,2,188.05,0.0,376.1
15423,5665,41,118,1,40.66,0.0,40.66
15424,5665,64,184,3,66.17,0.0,198.51
15425,5665,8,20,4,193.95,0.0,775.8
15426,5666,54,153,1,13.28,3.32,9.96
15427,5667,31,86,5,52.47,0.0,262.35
15428,5667,53,150,3,76.71,0.0,230.13
15429,5668,32,90,4,176.3,0.0,705.2
15430,5668,51,143,3,37.92,0.0,113.76
15431,5669,11,30,2,36.69,9.17,55.04
15432,5669,68,195,1,162.66,40.66,122.0
15433,5669,34,96,3,79.03,19.76,177.81
15434,5669,33,93,5,51.53,12.88,193.25
15435,5669,2,3,2,81.92,20.48,122.88
15436,5669,98,282,3,69.39,17.35,156.12
15437,5670,69,197,3,22.8,0.0,68.4
15438,5671,15,39,3,161.21,40.3,362.73
15439,5671,64,183,1,72.17,18.04,54.13
15440,5672,21,57,2,67.82,16.95,101.74
15441,5672,35,100,3,32.33,8.08,72.75
15442,5672,63,182,2,65.54,16.39,98.3
15443,5673,60,173,4,36.2,0.0,144.8
15444,5674,8,21,3,183.95,0.0,551.85
15445,5674,66,190,1,29.38,0.0,29.38
15446,5675,78,219,1,80.43,0.0,80.43
15447,5676,87,248,2,66.46,16.61,99.7
15448,5676,80,225,2,213.05,53.26,319.58
15449,5676,5,12,1,81.21,20.3,60.91
15450,5677,12,31,2,258.11,0.0,516.22
15451,5678,13,35,3,145.62,0.0,436.86
15452,5678,96,275,1,92.44,0.0,92.44
15453,5678,37,105,2,23.93,0.0,47.86
15454,5678,54,152,1,31.28,0.0,31.28
15455,5679,47,134,2,97.33,0.0,194.66
15456,5679,68,196,2,165.66,0.0,331.32
15457,5679,29,80,2,140.1,0.0,280.2
15458,5680,17,45,2,88.41,0.0,176.82
15459,5681,74,209,1,215.0,0.0,215.0
15460,5681,37,105,4,23.93,0.0,95.72
15461,5681,42,120,5,72.62,0.0,363.1
15462,5682,19,49,5,207.14,51.78,776.8
15463,5682,37,105,3,23.93,5.98,53.85
15464,5682,85,243,1,6.14,1.53,4.61
15465,5683,31,85,3,52.47,0.0,157.41
15466,5684,3,6,5,147.59,0.0,737.95
15467,5684,28,76,3,158.25,0.0,474.75
15468,5685,46,131,2,70.22,17.55,105.34
15469,5685,27,72,4,22.55,5.64,67.64
15470,5686,68,194,2,168.66,0.0,337.32
15471,5687,82,230,1,21.0,5.25,15.75
15472,5687,37,106,2,18.93,4.73,28.4
15473,5688,67,192,2,77.05,19.26,115.58
15474,5689,50,140,4,111.34,0.0,445.36
15475,5689,22,58,3,138.97,0.0,416.91
15476,5689,76,214,1,66.03,0.0,66.03
15477,5689,88,250,1,45.4,0.0,45.4
15478,5689,86,245,5,85.71,0.0,428.55
15479,5689,37,105,1,23.93,0.0,23.93
15480,5690,9,24,3,56.83,0.0,170.49
15481,5690,26,70,4,69.15,0.0,276.6
15482,5691,70,199,2,132.33,33.08,198.5
15483,5692,52,147,1,97.59,0.0,97.59
15484,5692,46,130,2,70.22,0.0,140.44
15485,5693,65,187,1,151.37,0.0,151.37
15486,5693,12,32,1,243.11,0.0,243.11
15487,5693,28,74,1,158.25,0.0,158.25
15488,5693,75,213,4,44.67,0.0,178.68
15489,5693,30,83,5,15.27,0.0,76.35
15490,5693,44,125,1,40.65,0.0,40.65
15491,5694,15,40,1,176.21,0.0,176.21
15492,5694,74,209,4,215.0,0.0,860.0
15493,5695,7,17,2,51.06,0.0,102.12
15494,5696,58,165,5,43.21,0.0,216.05
15495,5696,53,149,2,44.71,0.0,89.42
15496,5696,96,277,1,80.44,0.0,80.44
15497,5697,34,98,2,79.03,0.0,158.06
15498,5697,19,51,1,192.14,0.0,192.14
15499,5698,25,67,2,126.29,0.0,252.58
15500,5699,21,57,5,67.82,0.0,339.1
15501,5700,4,7,1,84.33,0.0,84.33
15502,5700,20,55,1,60.61,0.0,60.61
15503,5700,47,135,1,79.33,0.0,79.33
15504,5701,20,54,3,60.61,0.0,181.83
15505,5701,58,165,1,43.21,0.0,43.21
15506,5702,47,134,4,97.33,0.0,389.32
15507,5703,39,112,2,53.78,0.0,107.56
15508,5703,7,17,1,51.06,0.0,51.06
15509,5703,29,78,3,150.1,0.0,450.3
15510,5704,19,49,2,207.14,0.0,414.28
15511,5704,60,171,1,18.2,0.0,18.2
15512,5704,68,194,2,168.66,0.0,337.32
15513,5705,22,59,4,148.97,0.0,595.88
15514,5705,17,45,2,88.41,0.0,176.82
15515,5705,8,21,2,183.95,0.0,367.9
15516,5705,56,160,4,40.28,0.0,161.12
15517,5706,68,193,3,165.66,0.0,496.98
15518,5706,67,191,3,83.05,0.0,249.15
15519,5707,49,138,3,20.68,0.0,62.04
15520,5707,19,49,2,207.14,0.0,414.28
15521,5707,92,265,3,74.75,0.0,224.25
15522,5707,12,31,2,258.11,0.0,516.22
15523,5707,90,256,4,38.11,0.0,152.44
15524,5707,49,139,1,38.68,0.0,38.68
15525,5708,36,104,3,15.53,0.0,46.59
15526,5709,3,5,2,132.59,0.0,265.18
15527,5710,63,181,1,65.54,0.0,65.54
15528,5710,28,76,2,158.25,0.0,316.5
15529,5710,50,141,4,97.34,0.0,389.36
15530,5711,21,57,1,67.82,0.0,67.82
15531,5711,38,109,3,164.11,0.0,492.33
15532,5711,43,122,3,12.67,0.0,38.01
15533,5711,18,47,4,98.27,0.0,393.08
15534,5711,98,281,1,83.39,0.0,83.39
15535,5712,32,88,3,176.3,0.0,528.9
15536,5712,31,86,2,52.47,0.0,104.94
15537,5712,51,145,2,51.92,0.0,103.84
15538,5712,53,148,1,62.71,0.0,62.71
15539,5713,2,3,1,81.92,0.0,81.92
15540,5713,58,165,1,43.21,0.0,43.21
15541,5714,84,238,3,38.36,0.0,115.08
15542,5714,72,205,1,153.23,0.0,153.23
15543,5714,65,187,1,151.37,0.0,151.37
15544,5714,8,21,1,183.95,0.0,183.95
15545,5715,5,11,1,86.21,0.0,86.21
15546,5715,36,101,1,15.53,0.0,15.53
15547,5715,4,9,1,99.33,0.0,99.33
15548,5715,4,9,1,99.33,0.0,99.33
15549,5715,55,156,2,17.23,0.0,34.46
15550,5716,43,124,2,44.67,0.0,89.34
15551,5716,18,48,3,93.27,0.0,279.81
15552,5716,2,3,3,81.92,0.0,245.76
15553,5716,51,143,1,37.92,0.0,37.92
15554,5716,13,35,5,145.62,0.0,728.1
15555,5717,21,56,1,72.82,0.0,72.82
15556,5718,27,72,2,22.55,0.0,45.1
15557,5718,44,126,3,22.65,0.0,67.95
15558,5718,33,93,5,51.53,0.0,257.65
15559,5719,7,17,2,51.06,0.0,102.12
15560,5719,23,62,2,48.88,0.0,97.76
15561,5719,92,262,4,62.75,0.0,251.0
15562,5720,26,69,3,64.15,0.0,192.45
15563,5720,54,152,2,31.28,0.0,62.56
15564,5721,33,94,1,66.53,0.0,66.53
15565,5721,15,39,1,161.21,0.0,161.21
15566,5722,55,157,2,17.23,0.0,34.46
15567,5722,79,220,1,151.61,0.0,151.61
15568,5722,5,14,5,81.21,0.0,406.05
15569,5722,26,69,1,64.15,0.0,64.15
15570,5723,39,110,1,58.78,0.0,58.78
15571,5723,54,152,4,31.28,0.0,125.12
15572,5723,43,123,1,12.67,0.0,12.67
15573,5724,77,217,1,190.3,0.0,190.3
15574,5724,71,202,1,18.78,0.0,18.78
15575,5725,79,222,3,145.61,0.0,436.83
15576,5725,69,197,1,22.8,0.0,22.8
15577,5725,7,18,1,51.06,0.0,51.06
15578,5725,23,60,1,33.88,0.0,33.88
15579,5725,81,226,2,61.08,0.0,122.16
15580,5725,54,152,2,31.28,0.0,62.56
15581,5726,71,201,1,15.78,0.0,15.78
15582,5726,52,146,1,65.59,0.0,65.59
15583,5726,75,211,1,47.67,0.0,47.67
15584,5726,4,8,1,89.33,0.0,89.33
15585,5727,75,211,2,47.67,0.0,95.34
15586,5728,10,25,1,241.5,0.0,241.5
15587,5729,44,126,2,22.65,0.0,45.3
15588,5729,48,136,2,45.39,0.0,90.78
15589,5729,7,19,4,56.06,0.0,224.24
15590,5729,6,15,4,111.76,0.0,447.04
15591,5730,89,254,1,59.85,0.0,59.85
15592,5731,81,228,1,63.08,0.0,63.08
15593,5731,89,253,2,73.85,0.0,147.7
15594,5731,73,207,2,192.67,0.0,385.34
15595,5731,5,14,2,81.21,0.0,162.42
15596,5731,13,35,3,145.62,0.0,436.86
15597,5732,1,2,5,188.05,0.0,940.25
15598,5733,50,142,1,79.34,0.0,79.34
15599,5734,65,187,1,151.37,0.0,151.37
15600,5734,27,71,1,12.55,0.0,12.55
15601,5735,15,39,3,161.21,0.0,483.63
15602,5735,5,12,1,81.21,0.0,81.21
15603,5736,58,166,1,61.21,0.0,61.21
15604,5736,95,272,1,9.88,0.0,9.88
15605,5736,70,200,2,129.33,0.0,258.66
15606,5736,1,1,1,193.05,0.0,193.05
15607,5736,54,152,3,31.28,0.0,93.84
15608,5737,49,139,1,38.68,0.0,38.68
15609,5737,34,96,1,79.03,0.0,79.03
15610,5737,77,217,4,190.3,0.0,761.2
15611,5737,90,257,3,52.11,0.0,156.33
15612,5737,21,56,1,72.82,0.0,72.82
15613,5738,19,50,1,192.14,0.0,192.14
